HTTP Request: POST http://test/api/leads/capture "HTTP/1.1 422 Unprocessable Entity"
HTTP Request: POST http://test/api/leads/capture "HTTP/1.1 422 Unprocessable Entity"
HTTP Request: POST http://test/api/leads/capture "HTTP/1.1 422 Unprocessable Entity"
HTTP Request: POST http://test/api/leads/capture "HTTP/1.1 422 Unprocessable Entity"
Failed to capture lead: LeadCaptureService.capture_lead() got an unexpected keyword argument 'form_data'
Traceback (most recent call last):
  File "/Users/mikhaileliseev/Desktop/Dev/!meAI/AIM/src/aim/api/leads.py", line 61, in capture_lead
    result = await service.capture_lead(
                   ~~~~~~~~~~~~~~~~~~~~^
        form_data=request.dict(),
        ^^^^^^^^^^^^^^^^^^^^^^^^^
        client_ip=client_ip,
        ^^^^^^^^^^^^^^^^^^^^
    )
    ^
TypeError: LeadCaptureService.capture_lead() got an unexpected keyword argument 'form_data'
HTTP Request: POST http://test/api/leads/capture "HTTP/1.1 500 Internal Server Error"
Failed to capture lead: LeadCaptureService.capture_lead() got an unexpected keyword argument 'form_data'
Traceback (most recent call last):
  File "/Users/mikhaileliseev/Desktop/Dev/!meAI/AIM/src/aim/api/leads.py", line 61, in capture_lead
    result = await service.capture_lead(
                   ~~~~~~~~~~~~~~~~~~~~^
        form_data=request.dict(),
        ^^^^^^^^^^^^^^^^^^^^^^^^^
        client_ip=client_ip,
        ^^^^^^^^^^^^^^^^^^^^
    )
    ^
TypeError: LeadCaptureService.capture_lead() got an unexpected keyword argument 'form_data'
HTTP Request: POST http://test/api/leads/capture "HTTP/1.1 500 Internal Server Error"
HTTP Request: POST https://www.google.com/recaptcha/api/siteverify "HTTP/1.1 200 OK"
Failed to capture lead: reCAPTCHA verification failed: ['invalid-input-response']
Traceback (most recent call last):
  File "/Users/mikhaileliseev/Desktop/Dev/!meAI/AIM/src/aim/api/leads.py", line 61, in capture_lead
    result = await service.capture_lead(
             ^^^^^^^^^^^^^^^^^^^^^^^^^^^
    ...<2 lines>...
    )
    ^
  File "/Users/mikhaileliseev/Desktop/Dev/!meAI/AIM/src/aim/services/lead_capture.py", line 113, in capture_lead
    await self._verify_recaptcha(request.recaptcha_token, client_ip)
  File "/Users/mikhaileliseev/Desktop/Dev/!meAI/AIM/src/aim/services/lead_capture.py", line 243, in _verify_recaptcha
    raise RecaptchaVerificationFailed(
        f"reCAPTCHA verification failed: {result.get('error-codes')}"
    )
aim.services.lead_capture.RecaptchaVerificationFailed: reCAPTCHA verification failed: ['invalid-input-response']
HTTP Request: POST http://test/api/leads/capture "HTTP/1.1 500 Internal Server Error"
Failed to capture lead: (sqlite3.OperationalError) unable to open database file
(Background on this error at: https://sqlalche.me/e/20/e3q8)
Traceback (most recent call last):
  File "/Users/mikhaileliseev/Desktop/Dev/!meAI/AIM/venv/lib/python3.14/site-packages/sqlalchemy/engine/base.py", line 143, in __init__
    self._dbapi_connection = engine.raw_connection()
                             ~~~~~~~~~~~~~~~~~~~~~^^
  File "/Users/mikhaileliseev/Desktop/Dev/!meAI/AIM/venv/lib/python3.14/site-packages/sqlalchemy/engine/base.py", line 3317, in raw_connection
    return self.pool.connect()
           ~~~~~~~~~~~~~~~~~^^
  File "/Users/mikhaileliseev/Desktop/Dev/!meAI/AIM/venv/lib/python3.14/site-packages/sqlalchemy/pool/base.py", line 448, in connect
    return _ConnectionFairy._checkout(self)
           ~~~~~~~~~~~~~~~~~~~~~~~~~~^^^^^^
  File "/Users/mikhaileliseev/Desktop/Dev/!meAI/AIM/venv/lib/python3.14/site-packages/sqlalchemy/pool/base.py", line 1272, in _checkout
    fairy = _ConnectionRecord.checkout(pool)
  File "/Users/mikhaileliseev/Desktop/Dev/!meAI/AIM/venv/lib/python3.14/site-packages/sqlalchemy/pool/base.py", line 712, in checkout
    rec = pool._do_get()
  File "/Users/mikhaileliseev/Desktop/Dev/!meAI/AIM/venv/lib/python3.14/site-packages/sqlalchemy/pool/impl.py", line 177, in _do_get
    with util.safe_reraise():
         ~~~~~~~~~~~~~~~~~^^
  File "/Users/mikhaileliseev/Desktop/Dev/!meAI/AIM/venv/lib/python3.14/site-packages/sqlalchemy/util/langhelpers.py", line 121, in __exit__
    raise exc_value.with_traceback(exc_tb)
  File "/Users/mikhaileliseev/Desktop/Dev/!meAI/AIM/venv/lib/python3.14/site-packages/sqlalchemy/pool/impl.py", line 175, in _do_get
    return self._create_connection()
           ~~~~~~~~~~~~~~~~~~~~~~~^^
  File "/Users/mikhaileliseev/Desktop/Dev/!meAI/AIM/venv/lib/python3.14/site-packages/sqlalchemy/pool/base.py", line 389, in _create_connection
    return _ConnectionRecord(self)
  File "/Users/mikhaileliseev/Desktop/Dev/!meAI/AIM/venv/lib/python3.14/site-packages/sqlalchemy/pool/base.py", line 674, in __init__
    self.__connect()
    ~~~~~~~~~~~~~~^^
  File "/Users/mikhaileliseev/Desktop/Dev/!meAI/AIM/venv/lib/python3.14/site-packages/sqlalchemy/pool/base.py", line 900, in __connect
    with util.safe_reraise():
         ~~~~~~~~~~~~~~~~~^^
  File "/Users/mikhaileliseev/Desktop/Dev/!meAI/AIM/venv/lib/python3.14/site-packages/sqlalchemy/util/langhelpers.py", line 121, in __exit__
    raise exc_value.with_traceback(exc_tb)
  File "/Users/mikhaileliseev/Desktop/Dev/!meAI/AIM/venv/lib/python3.14/site-packages/sqlalchemy/pool/base.py", line 896, in __connect
    self.dbapi_connection = connection = pool._invoke_creator(self)
                                         ~~~~~~~~~~~~~~~~~~~~^^^^^^
  File "/Users/mikhaileliseev/Desktop/Dev/!meAI/AIM/venv/lib/python3.14/site-packages/sqlalchemy/engine/create.py", line 667, in connect
    return dialect.connect(*cargs_tup, **cparams)
           ~~~~~~~~~~~~~~~^^^^^^^^^^^^^^^^^^^^^^^
  File "/Users/mikhaileliseev/Desktop/Dev/!meAI/AIM/venv/lib/python3.14/site-packages/sqlalchemy/engine/default.py", line 630, in connect
    return self.loaded_dbapi.connect(*cargs, **cparams)  # type: ignore[no-any-return]  # NOQA: E501
           ~~~~~~~~~~~~~~~~~~~~~~~~~^^^^^^^^^^^^^^^^^^^
  File "/Users/mikhaileliseev/Desktop/Dev/!meAI/AIM/venv/lib/python3.14/site-packages/sqlalchemy/dialects/sqlite/aiosqlite.py", line 421, in connect
    await_only(connection),
    ~~~~~~~~~~^^^^^^^^^^^^
  File "/Users/mikhaileliseev/Desktop/Dev/!meAI/AIM/venv/lib/python3.14/site-packages/sqlalchemy/util/_concurrency_py3k.py", line 132, in await_only
    return current.parent.switch(awaitable)  # type: ignore[no-any-return,attr-defined] # noqa: E501
           ~~~~~~~~~~~~~~~~~~~~~^^^^^^^^^^^
  File "/Users/mikhaileliseev/Desktop/Dev/!meAI/AIM/venv/lib/python3.14/site-packages/sqlalchemy/util/_concurrency_py3k.py", line 196, in greenlet_spawn
    value = await result
            ^^^^^^^^^^^^
  File "/Users/mikhaileliseev/Desktop/Dev/!meAI/AIM/venv/lib/python3.14/site-packages/aiosqlite/core.py", line 168, in _connect
    self._connection = await future
                       ^^^^^^^^^^^^
  File "/Users/mikhaileliseev/Desktop/Dev/!meAI/AIM/venv/lib/python3.14/site-packages/aiosqlite/core.py", line 63, in _connection_worker_thread
    result = function()
  File "/Users/mikhaileliseev/Desktop/Dev/!meAI/AIM/venv/lib/python3.14/site-packages/aiosqlite/core.py", line 466, in connector
    return sqlite3.connect(loc, **kwargs)
           ~~~~~~~~~~~~~~~^^^^^^^^^^^^^^^
sqlite3.OperationalError: unable to open database file

The above exception was the direct cause of the following exception:

Traceback (most recent call last):
  File "/Users/mikhaileliseev/Desktop/Dev/!meAI/AIM/src/aim/api/leads.py", line 61, in capture_lead
    result = await service.capture_lead(
             ^^^^^^^^^^^^^^^^^^^^^^^^^^^
    ...<2 lines>...
    )
    ^
  File "/Users/mikhaileliseev/Desktop/Dev/!meAI/AIM/src/aim/services/lead_capture.py", line 116, in capture_lead
    existing_lead = await self._find_duplicate(request.email)
                    ^^^^^^^^^^^^^^^^^^^^^^^^^^^^^^^^^^^^^^^^^
  File "/Users/mikhaileliseev/Desktop/Dev/!meAI/AIM/src/aim/services/lead_capture.py", line 275, in _find_duplicate
    result = await self.db.execute(stmt)
             ^^^^^^^^^^^^^^^^^^^^^^^^^^^
  File "/Users/mikhaileliseev/Desktop/Dev/!meAI/AIM/venv/lib/python3.14/site-packages/sqlalchemy/ext/asyncio/session.py", line 449, in execute
    result = await greenlet_spawn(
             ^^^^^^^^^^^^^^^^^^^^^
    ...<6 lines>...
    )
    ^
  File "/Users/mikhaileliseev/Desktop/Dev/!meAI/AIM/venv/lib/python3.14/site-packages/sqlalchemy/util/_concurrency_py3k.py", line 201, in greenlet_spawn
    result = context.throw(*sys.exc_info())
  File "/Users/mikhaileliseev/Desktop/Dev/!meAI/AIM/venv/lib/python3.14/site-packages/sqlalchemy/orm/session.py", line 2351, in execute
    return self._execute_internal(
           ~~~~~~~~~~~~~~~~~~~~~~^
        statement,
        ^^^^^^^^^^
    ...<4 lines>...
        _add_event=_add_event,
        ^^^^^^^^^^^^^^^^^^^^^^
    )
    ^
  File "/Users/mikhaileliseev/Desktop/Dev/!meAI/AIM/venv/lib/python3.14/site-packages/sqlalchemy/orm/session.py", line 2239, in _execute_internal
    conn = self._connection_for_bind(bind)
  File "/Users/mikhaileliseev/Desktop/Dev/!meAI/AIM/venv/lib/python3.14/site-packages/sqlalchemy/orm/session.py", line 2108, in _connection_for_bind
    return trans._connection_for_bind(engine, execution_options)
           ~~~~~~~~~~~~~~~~~~~~~~~~~~^^^^^^^^^^^^^^^^^^^^^^^^^^^
  File "<string>", line 2, in _connection_for_bind
  File "/Users/mikhaileliseev/Desktop/Dev/!meAI/AIM/venv/lib/python3.14/site-packages/sqlalchemy/orm/state_changes.py", line 137, in _go
    ret_value = fn(self, *arg, **kw)
  File "/Users/mikhaileliseev/Desktop/Dev/!meAI/AIM/venv/lib/python3.14/site-packages/sqlalchemy/orm/session.py", line 1187, in _connection_for_bind
    conn = bind.connect()
  File "/Users/mikhaileliseev/Desktop/Dev/!meAI/AIM/venv/lib/python3.14/site-packages/sqlalchemy/engine/base.py", line 3293, in connect
    return self._connection_cls(self)
           ~~~~~~~~~~~~~~~~~~~~^^^^^^
  File "/Users/mikhaileliseev/Desktop/Dev/!meAI/AIM/venv/lib/python3.14/site-packages/sqlalchemy/engine/base.py", line 145, in __init__
    Connection._handle_dbapi_exception_noconnection(
    ~~~~~~~~~~~~~~~~~~~~~~~~~~~~~~~~~~~~~~~~~~~~~~~^
        err, dialect, engine
        ^^^^^^^^^^^^^^^^^^^^
    )
    ^
  File "/Users/mikhaileliseev/Desktop/Dev/!meAI/AIM/venv/lib/python3.14/site-packages/sqlalchemy/engine/base.py", line 2448, in _handle_dbapi_exception_noconnection
    raise sqlalchemy_exception.with_traceback(exc_info[2]) from e
  File "/Users/mikhaileliseev/Desktop/Dev/!meAI/AIM/venv/lib/python3.14/site-packages/sqlalchemy/engine/base.py", line 143, in __init__
    self._dbapi_connection = engine.raw_connection()
                             ~~~~~~~~~~~~~~~~~~~~~^^
  File "/Users/mikhaileliseev/Desktop/Dev/!meAI/AIM/venv/lib/python3.14/site-packages/sqlalchemy/engine/base.py", line 3317, in raw_connection
    return self.pool.connect()
           ~~~~~~~~~~~~~~~~~^^
  File "/Users/mikhaileliseev/Desktop/Dev/!meAI/AIM/venv/lib/python3.14/site-packages/sqlalchemy/pool/base.py", line 448, in connect
    return _ConnectionFairy._checkout(self)
           ~~~~~~~~~~~~~~~~~~~~~~~~~~^^^^^^
  File "/Users/mikhaileliseev/Desktop/Dev/!meAI/AIM/venv/lib/python3.14/site-packages/sqlalchemy/pool/base.py", line 1272, in _checkout
    fairy = _ConnectionRecord.checkout(pool)
  File "/Users/mikhaileliseev/Desktop/Dev/!meAI/AIM/venv/lib/python3.14/site-packages/sqlalchemy/pool/base.py", line 712, in checkout
    rec = pool._do_get()
  File "/Users/mikhaileliseev/Desktop/Dev/!meAI/AIM/venv/lib/python3.14/site-packages/sqlalchemy/pool/impl.py", line 177, in _do_get
    with util.safe_reraise():
         ~~~~~~~~~~~~~~~~~^^
  File "/Users/mikhaileliseev/Desktop/Dev/!meAI/AIM/venv/lib/python3.14/site-packages/sqlalchemy/util/langhelpers.py", line 121, in __exit__
    raise exc_value.with_traceback(exc_tb)
  File "/Users/mikhaileliseev/Desktop/Dev/!meAI/AIM/venv/lib/python3.14/site-packages/sqlalchemy/pool/impl.py", line 175, in _do_get
    return self._create_connection()
           ~~~~~~~~~~~~~~~~~~~~~~~^^
  File "/Users/mikhaileliseev/Desktop/Dev/!meAI/AIM/venv/lib/python3.14/site-packages/sqlalchemy/pool/base.py", line 389, in _create_connection
    return _ConnectionRecord(self)
  File "/Users/mikhaileliseev/Desktop/Dev/!meAI/AIM/venv/lib/python3.14/site-packages/sqlalchemy/pool/base.py", line 674, in __init__
    self.__connect()
    ~~~~~~~~~~~~~~^^
  File "/Users/mikhaileliseev/Desktop/Dev/!meAI/AIM/venv/lib/python3.14/site-packages/sqlalchemy/pool/base.py", line 900, in __connect
    with util.safe_reraise():
         ~~~~~~~~~~~~~~~~~^^
  File "/Users/mikhaileliseev/Desktop/Dev/!meAI/AIM/venv/lib/python3.14/site-packages/sqlalchemy/util/langhelpers.py", line 121, in __exit__
    raise exc_value.with_traceback(exc_tb)
  File "/Users/mikhaileliseev/Desktop/Dev/!meAI/AIM/venv/lib/python3.14/site-packages/sqlalchemy/pool/base.py", line 896, in __connect
    self.dbapi_connection = connection = pool._invoke_creator(self)
                                         ~~~~~~~~~~~~~~~~~~~~^^^^^^
  File "/Users/mikhaileliseev/Desktop/Dev/!meAI/AIM/venv/lib/python3.14/site-packages/sqlalchemy/engine/create.py", line 667, in connect
    return dialect.connect(*cargs_tup, **cparams)
           ~~~~~~~~~~~~~~~^^^^^^^^^^^^^^^^^^^^^^^
  File "/Users/mikhaileliseev/Desktop/Dev/!meAI/AIM/venv/lib/python3.14/site-packages/sqlalchemy/engine/default.py", line 630, in connect
    return self.loaded_dbapi.connect(*cargs, **cparams)  # type: ignore[no-any-return]  # NOQA: E501
           ~~~~~~~~~~~~~~~~~~~~~~~~~^^^^^^^^^^^^^^^^^^^
  File "/Users/mikhaileliseev/Desktop/Dev/!meAI/AIM/venv/lib/python3.14/site-packages/sqlalchemy/dialects/sqlite/aiosqlite.py", line 421, in connect
    await_only(connection),
    ~~~~~~~~~~^^^^^^^^^^^^
  File "/Users/mikhaileliseev/Desktop/Dev/!meAI/AIM/venv/lib/python3.14/site-packages/sqlalchemy/util/_concurrency_py3k.py", line 132, in await_only
    return current.parent.switch(awaitable)  # type: ignore[no-any-return,attr-defined] # noqa: E501
           ~~~~~~~~~~~~~~~~~~~~~^^^^^^^^^^^
  File "/Users/mikhaileliseev/Desktop/Dev/!meAI/AIM/venv/lib/python3.14/site-packages/sqlalchemy/util/_concurrency_py3k.py", line 196, in greenlet_spawn
    value = await result
            ^^^^^^^^^^^^
  File "/Users/mikhaileliseev/Desktop/Dev/!meAI/AIM/venv/lib/python3.14/site-packages/aiosqlite/core.py", line 168, in _connect
    self._connection = await future
                       ^^^^^^^^^^^^
  File "/Users/mikhaileliseev/Desktop/Dev/!meAI/AIM/venv/lib/python3.14/site-packages/aiosqlite/core.py", line 63, in _connection_worker_thread
    result = function()
  File "/Users/mikhaileliseev/Desktop/Dev/!meAI/AIM/venv/lib/python3.14/site-packages/aiosqlite/core.py", line 466, in connector
    return sqlite3.connect(loc, **kwargs)
           ~~~~~~~~~~~~~~~^^^^^^^^^^^^^^^
sqlalchemy.exc.OperationalError: (sqlite3.OperationalError) unable to open database file
(Background on this error at: https://sqlalche.me/e/20/e3q8)
HTTP Request: POST http://test/api/leads/capture "HTTP/1.1 500 Internal Server Error"
Failed to capture lead: (sqlite3.OperationalError) unable to open database file
(Background on this error at: https://sqlalche.me/e/20/e3q8)
Traceback (most recent call last):
  File "/Users/mikhaileliseev/Desktop/Dev/!meAI/AIM/venv/lib/python3.14/site-packages/sqlalchemy/engine/base.py", line 143, in __init__
    self._dbapi_connection = engine.raw_connection()
                             ~~~~~~~~~~~~~~~~~~~~~^^
  File "/Users/mikhaileliseev/Desktop/Dev/!meAI/AIM/venv/lib/python3.14/site-packages/sqlalchemy/engine/base.py", line 3317, in raw_connection
    return self.pool.connect()
           ~~~~~~~~~~~~~~~~~^^
  File "/Users/mikhaileliseev/Desktop/Dev/!meAI/AIM/venv/lib/python3.14/site-packages/sqlalchemy/pool/base.py", line 448, in connect
    return _ConnectionFairy._checkout(self)
           ~~~~~~~~~~~~~~~~~~~~~~~~~~^^^^^^
  File "/Users/mikhaileliseev/Desktop/Dev/!meAI/AIM/venv/lib/python3.14/site-packages/sqlalchemy/pool/base.py", line 1272, in _checkout
    fairy = _ConnectionRecord.checkout(pool)
  File "/Users/mikhaileliseev/Desktop/Dev/!meAI/AIM/venv/lib/python3.14/site-packages/sqlalchemy/pool/base.py", line 712, in checkout
    rec = pool._do_get()
  File "/Users/mikhaileliseev/Desktop/Dev/!meAI/AIM/venv/lib/python3.14/site-packages/sqlalchemy/pool/impl.py", line 177, in _do_get
    with util.safe_reraise():
         ~~~~~~~~~~~~~~~~~^^
  File "/Users/mikhaileliseev/Desktop/Dev/!meAI/AIM/venv/lib/python3.14/site-packages/sqlalchemy/util/langhelpers.py", line 121, in __exit__
    raise exc_value.with_traceback(exc_tb)
  File "/Users/mikhaileliseev/Desktop/Dev/!meAI/AIM/venv/lib/python3.14/site-packages/sqlalchemy/pool/impl.py", line 175, in _do_get
    return self._create_connection()
           ~~~~~~~~~~~~~~~~~~~~~~~^^
  File "/Users/mikhaileliseev/Desktop/Dev/!meAI/AIM/venv/lib/python3.14/site-packages/sqlalchemy/pool/base.py", line 389, in _create_connection
    return _ConnectionRecord(self)
  File "/Users/mikhaileliseev/Desktop/Dev/!meAI/AIM/venv/lib/python3.14/site-packages/sqlalchemy/pool/base.py", line 674, in __init__
    self.__connect()
    ~~~~~~~~~~~~~~^^
  File "/Users/mikhaileliseev/Desktop/Dev/!meAI/AIM/venv/lib/python3.14/site-packages/sqlalchemy/pool/base.py", line 900, in __connect
    with util.safe_reraise():
         ~~~~~~~~~~~~~~~~~^^
  File "/Users/mikhaileliseev/Desktop/Dev/!meAI/AIM/venv/lib/python3.14/site-packages/sqlalchemy/util/langhelpers.py", line 121, in __exit__
    raise exc_value.with_traceback(exc_tb)
  File "/Users/mikhaileliseev/Desktop/Dev/!meAI/AIM/venv/lib/python3.14/site-packages/sqlalchemy/pool/base.py", line 896, in __connect
    self.dbapi_connection = connection = pool._invoke_creator(self)
                                         ~~~~~~~~~~~~~~~~~~~~^^^^^^
  File "/Users/mikhaileliseev/Desktop/Dev/!meAI/AIM/venv/lib/python3.14/site-packages/sqlalchemy/engine/create.py", line 667, in connect
    return dialect.connect(*cargs_tup, **cparams)
           ~~~~~~~~~~~~~~~^^^^^^^^^^^^^^^^^^^^^^^
  File "/Users/mikhaileliseev/Desktop/Dev/!meAI/AIM/venv/lib/python3.14/site-packages/sqlalchemy/engine/default.py", line 630, in connect
    return self.loaded_dbapi.connect(*cargs, **cparams)  # type: ignore[no-any-return]  # NOQA: E501
           ~~~~~~~~~~~~~~~~~~~~~~~~~^^^^^^^^^^^^^^^^^^^
  File "/Users/mikhaileliseev/Desktop/Dev/!meAI/AIM/venv/lib/python3.14/site-packages/sqlalchemy/dialects/sqlite/aiosqlite.py", line 421, in connect
    await_only(connection),
    ~~~~~~~~~~^^^^^^^^^^^^
  File "/Users/mikhaileliseev/Desktop/Dev/!meAI/AIM/venv/lib/python3.14/site-packages/sqlalchemy/util/_concurrency_py3k.py", line 132, in await_only
    return current.parent.switch(awaitable)  # type: ignore[no-any-return,attr-defined] # noqa: E501
           ~~~~~~~~~~~~~~~~~~~~~^^^^^^^^^^^
  File "/Users/mikhaileliseev/Desktop/Dev/!meAI/AIM/venv/lib/python3.14/site-packages/sqlalchemy/util/_concurrency_py3k.py", line 196, in greenlet_spawn
    value = await result
            ^^^^^^^^^^^^
  File "/Users/mikhaileliseev/Desktop/Dev/!meAI/AIM/venv/lib/python3.14/site-packages/aiosqlite/core.py", line 168, in _connect
    self._connection = await future
                       ^^^^^^^^^^^^
  File "/Users/mikhaileliseev/Desktop/Dev/!meAI/AIM/venv/lib/python3.14/site-packages/aiosqlite/core.py", line 63, in _connection_worker_thread
    result = function()
  File "/Users/mikhaileliseev/Desktop/Dev/!meAI/AIM/venv/lib/python3.14/site-packages/aiosqlite/core.py", line 466, in connector
    return sqlite3.connect(loc, **kwargs)
           ~~~~~~~~~~~~~~~^^^^^^^^^^^^^^^
sqlite3.OperationalError: unable to open database file

The above exception was the direct cause of the following exception:

Traceback (most recent call last):
  File "/Users/mikhaileliseev/Desktop/Dev/!meAI/AIM/src/aim/api/leads.py", line 61, in capture_lead
    result = await service.capture_lead(
             ^^^^^^^^^^^^^^^^^^^^^^^^^^^
    ...<2 lines>...
    )
    ^
  File "/Users/mikhaileliseev/Desktop/Dev/!meAI/AIM/src/aim/services/lead_capture.py", line 116, in capture_lead
    existing_lead = await self._find_duplicate(request.email)
                    ^^^^^^^^^^^^^^^^^^^^^^^^^^^^^^^^^^^^^^^^^
  File "/Users/mikhaileliseev/Desktop/Dev/!meAI/AIM/src/aim/services/lead_capture.py", line 275, in _find_duplicate
    result = await self.db.execute(stmt)
             ^^^^^^^^^^^^^^^^^^^^^^^^^^^
  File "/Users/mikhaileliseev/Desktop/Dev/!meAI/AIM/venv/lib/python3.14/site-packages/sqlalchemy/ext/asyncio/session.py", line 449, in execute
    result = await greenlet_spawn(
             ^^^^^^^^^^^^^^^^^^^^^
    ...<6 lines>...
    )
    ^
  File "/Users/mikhaileliseev/Desktop/Dev/!meAI/AIM/venv/lib/python3.14/site-packages/sqlalchemy/util/_concurrency_py3k.py", line 201, in greenlet_spawn
    result = context.throw(*sys.exc_info())
  File "/Users/mikhaileliseev/Desktop/Dev/!meAI/AIM/venv/lib/python3.14/site-packages/sqlalchemy/orm/session.py", line 2351, in execute
    return self._execute_internal(
           ~~~~~~~~~~~~~~~~~~~~~~^
        statement,
        ^^^^^^^^^^
    ...<4 lines>...
        _add_event=_add_event,
        ^^^^^^^^^^^^^^^^^^^^^^
    )
    ^
  File "/Users/mikhaileliseev/Desktop/Dev/!meAI/AIM/venv/lib/python3.14/site-packages/sqlalchemy/orm/session.py", line 2239, in _execute_internal
    conn = self._connection_for_bind(bind)
  File "/Users/mikhaileliseev/Desktop/Dev/!meAI/AIM/venv/lib/python3.14/site-packages/sqlalchemy/orm/session.py", line 2108, in _connection_for_bind
    return trans._connection_for_bind(engine, execution_options)
           ~~~~~~~~~~~~~~~~~~~~~~~~~~^^^^^^^^^^^^^^^^^^^^^^^^^^^
  File "<string>", line 2, in _connection_for_bind
  File "/Users/mikhaileliseev/Desktop/Dev/!meAI/AIM/venv/lib/python3.14/site-packages/sqlalchemy/orm/state_changes.py", line 137, in _go
    ret_value = fn(self, *arg, **kw)
  File "/Users/mikhaileliseev/Desktop/Dev/!meAI/AIM/venv/lib/python3.14/site-packages/sqlalchemy/orm/session.py", line 1187, in _connection_for_bind
    conn = bind.connect()
  File "/Users/mikhaileliseev/Desktop/Dev/!meAI/AIM/venv/lib/python3.14/site-packages/sqlalchemy/engine/base.py", line 3293, in connect
    return self._connection_cls(self)
           ~~~~~~~~~~~~~~~~~~~~^^^^^^
  File "/Users/mikhaileliseev/Desktop/Dev/!meAI/AIM/venv/lib/python3.14/site-packages/sqlalchemy/engine/base.py", line 145, in __init__
    Connection._handle_dbapi_exception_noconnection(
    ~~~~~~~~~~~~~~~~~~~~~~~~~~~~~~~~~~~~~~~~~~~~~~~^
        err, dialect, engine
        ^^^^^^^^^^^^^^^^^^^^
    )
    ^
  File "/Users/mikhaileliseev/Desktop/Dev/!meAI/AIM/venv/lib/python3.14/site-packages/sqlalchemy/engine/base.py", line 2448, in _handle_dbapi_exception_noconnection
    raise sqlalchemy_exception.with_traceback(exc_info[2]) from e
  File "/Users/mikhaileliseev/Desktop/Dev/!meAI/AIM/venv/lib/python3.14/site-packages/sqlalchemy/engine/base.py", line 143, in __init__
    self._dbapi_connection = engine.raw_connection()
                             ~~~~~~~~~~~~~~~~~~~~~^^
  File "/Users/mikhaileliseev/Desktop/Dev/!meAI/AIM/venv/lib/python3.14/site-packages/sqlalchemy/engine/base.py", line 3317, in raw_connection
    return self.pool.connect()
           ~~~~~~~~~~~~~~~~~^^
  File "/Users/mikhaileliseev/Desktop/Dev/!meAI/AIM/venv/lib/python3.14/site-packages/sqlalchemy/pool/base.py", line 448, in connect
    return _ConnectionFairy._checkout(self)
           ~~~~~~~~~~~~~~~~~~~~~~~~~~^^^^^^
  File "/Users/mikhaileliseev/Desktop/Dev/!meAI/AIM/venv/lib/python3.14/site-packages/sqlalchemy/pool/base.py", line 1272, in _checkout
    fairy = _ConnectionRecord.checkout(pool)
  File "/Users/mikhaileliseev/Desktop/Dev/!meAI/AIM/venv/lib/python3.14/site-packages/sqlalchemy/pool/base.py", line 712, in checkout
    rec = pool._do_get()
  File "/Users/mikhaileliseev/Desktop/Dev/!meAI/AIM/venv/lib/python3.14/site-packages/sqlalchemy/pool/impl.py", line 177, in _do_get
    with util.safe_reraise():
         ~~~~~~~~~~~~~~~~~^^
  File "/Users/mikhaileliseev/Desktop/Dev/!meAI/AIM/venv/lib/python3.14/site-packages/sqlalchemy/util/langhelpers.py", line 121, in __exit__
    raise exc_value.with_traceback(exc_tb)
  File "/Users/mikhaileliseev/Desktop/Dev/!meAI/AIM/venv/lib/python3.14/site-packages/sqlalchemy/pool/impl.py", line 175, in _do_get
    return self._create_connection()
           ~~~~~~~~~~~~~~~~~~~~~~~^^
  File "/Users/mikhaileliseev/Desktop/Dev/!meAI/AIM/venv/lib/python3.14/site-packages/sqlalchemy/pool/base.py", line 389, in _create_connection
    return _ConnectionRecord(self)
  File "/Users/mikhaileliseev/Desktop/Dev/!meAI/AIM/venv/lib/python3.14/site-packages/sqlalchemy/pool/base.py", line 674, in __init__
    self.__connect()
    ~~~~~~~~~~~~~~^^
  File "/Users/mikhaileliseev/Desktop/Dev/!meAI/AIM/venv/lib/python3.14/site-packages/sqlalchemy/pool/base.py", line 900, in __connect
    with util.safe_reraise():
         ~~~~~~~~~~~~~~~~~^^
  File "/Users/mikhaileliseev/Desktop/Dev/!meAI/AIM/venv/lib/python3.14/site-packages/sqlalchemy/util/langhelpers.py", line 121, in __exit__
    raise exc_value.with_traceback(exc_tb)
  File "/Users/mikhaileliseev/Desktop/Dev/!meAI/AIM/venv/lib/python3.14/site-packages/sqlalchemy/pool/base.py", line 896, in __connect
    self.dbapi_connection = connection = pool._invoke_creator(self)
                                         ~~~~~~~~~~~~~~~~~~~~^^^^^^
  File "/Users/mikhaileliseev/Desktop/Dev/!meAI/AIM/venv/lib/python3.14/site-packages/sqlalchemy/engine/create.py", line 667, in connect
    return dialect.connect(*cargs_tup, **cparams)
           ~~~~~~~~~~~~~~~^^^^^^^^^^^^^^^^^^^^^^^
  File "/Users/mikhaileliseev/Desktop/Dev/!meAI/AIM/venv/lib/python3.14/site-packages/sqlalchemy/engine/default.py", line 630, in connect
    return self.loaded_dbapi.connect(*cargs, **cparams)  # type: ignore[no-any-return]  # NOQA: E501
           ~~~~~~~~~~~~~~~~~~~~~~~~~^^^^^^^^^^^^^^^^^^^
  File "/Users/mikhaileliseev/Desktop/Dev/!meAI/AIM/venv/lib/python3.14/site-packages/sqlalchemy/dialects/sqlite/aiosqlite.py", line 421, in connect
    await_only(connection),
    ~~~~~~~~~~^^^^^^^^^^^^
  File "/Users/mikhaileliseev/Desktop/Dev/!meAI/AIM/venv/lib/python3.14/site-packages/sqlalchemy/util/_concurrency_py3k.py", line 132, in await_only
    return current.parent.switch(awaitable)  # type: ignore[no-any-return,attr-defined] # noqa: E501
           ~~~~~~~~~~~~~~~~~~~~~^^^^^^^^^^^
  File "/Users/mikhaileliseev/Desktop/Dev/!meAI/AIM/venv/lib/python3.14/site-packages/sqlalchemy/util/_concurrency_py3k.py", line 196, in greenlet_spawn
    value = await result
            ^^^^^^^^^^^^
  File "/Users/mikhaileliseev/Desktop/Dev/!meAI/AIM/venv/lib/python3.14/site-packages/aiosqlite/core.py", line 168, in _connect
    self._connection = await future
                       ^^^^^^^^^^^^
  File "/Users/mikhaileliseev/Desktop/Dev/!meAI/AIM/venv/lib/python3.14/site-packages/aiosqlite/core.py", line 63, in _connection_worker_thread
    result = function()
  File "/Users/mikhaileliseev/Desktop/Dev/!meAI/AIM/venv/lib/python3.14/site-packages/aiosqlite/core.py", line 466, in connector
    return sqlite3.connect(loc, **kwargs)
           ~~~~~~~~~~~~~~~^^^^^^^^^^^^^^^
sqlalchemy.exc.OperationalError: (sqlite3.OperationalError) unable to open database file
(Background on this error at: https://sqlalche.me/e/20/e3q8)
HTTP Request: POST http://test/api/leads/capture "HTTP/1.1 500 Internal Server Error"
Failed to capture lead: (sqlite3.OperationalError) no such table: leads
[SQL: SELECT leads.id, leads.created_at, leads.updated_at, leads.name_encrypted, leads.phone_encrypted, leads.email_encrypted, leads.email_hash, leads.clinic_name_encrypted, leads.message_encrypted, leads.specialty, leads.fz152_consent, leads.fz152_consent_timestamp, leads.fz152_consent_ip, leads.source, leads.utm_source, leads.utm_medium, leads.utm_campaign, leads.utm_content, leads.utm_term, leads.user_agent, leads.processed, leads.linear_task_id, leads.score, leads.tier 
FROM leads 
WHERE leads.email_hash = ?]
[parameters: ('492cd2d23ceb56fe304d249df5d028c0068ea47c775641509101cf1e872f7318',)]
(Background on this error at: https://sqlalche.me/e/20/e3q8)
Traceback (most recent call last):
  File "/Users/mikhaileliseev/Desktop/Dev/!meAI/AIM/venv/lib/python3.14/site-packages/sqlalchemy/engine/base.py", line 1967, in _exec_single_context
    self.dialect.do_execute(
    ~~~~~~~~~~~~~~~~~~~~~~~^
        cursor, str_statement, effective_parameters, context
        ^^^^^^^^^^^^^^^^^^^^^^^^^^^^^^^^^^^^^^^^^^^^^^^^^^^^
    )
    ^
  File "/Users/mikhaileliseev/Desktop/Dev/!meAI/AIM/venv/lib/python3.14/site-packages/sqlalchemy/engine/default.py", line 952, in do_execute
    cursor.execute(statement, parameters)
    ~~~~~~~~~~~~~~^^^^^^^^^^^^^^^^^^^^^^^
  File "/Users/mikhaileliseev/Desktop/Dev/!meAI/AIM/venv/lib/python3.14/site-packages/sqlalchemy/dialects/sqlite/aiosqlite.py", line 182, in execute
    self._adapt_connection._handle_exception(error)
    ~~~~~~~~~~~~~~~~~~~~~~~~~~~~~~~~~~~~~~~~^^^^^^^
  File "/Users/mikhaileliseev/Desktop/Dev/!meAI/AIM/venv/lib/python3.14/site-packages/sqlalchemy/dialects/sqlite/aiosqlite.py", line 342, in _handle_exception
    raise error
  File "/Users/mikhaileliseev/Desktop/Dev/!meAI/AIM/venv/lib/python3.14/site-packages/sqlalchemy/dialects/sqlite/aiosqlite.py", line 164, in execute
    self.await_(_cursor.execute(operation, parameters))
    ~~~~~~~~~~~^^^^^^^^^^^^^^^^^^^^^^^^^^^^^^^^^^^^^^^^
  File "/Users/mikhaileliseev/Desktop/Dev/!meAI/AIM/venv/lib/python3.14/site-packages/sqlalchemy/util/_concurrency_py3k.py", line 132, in await_only
    return current.parent.switch(awaitable)  # type: ignore[no-any-return,attr-defined] # noqa: E501
           ~~~~~~~~~~~~~~~~~~~~~^^^^^^^^^^^
  File "/Users/mikhaileliseev/Desktop/Dev/!meAI/AIM/venv/lib/python3.14/site-packages/sqlalchemy/util/_concurrency_py3k.py", line 196, in greenlet_spawn
    value = await result
            ^^^^^^^^^^^^
  File "/Users/mikhaileliseev/Desktop/Dev/!meAI/AIM/venv/lib/python3.14/site-packages/aiosqlite/cursor.py", line 40, in execute
    await self._execute(self._cursor.execute, sql, parameters)
  File "/Users/mikhaileliseev/Desktop/Dev/!meAI/AIM/venv/lib/python3.14/site-packages/aiosqlite/cursor.py", line 32, in _execute
    return await self._conn._execute(fn, *args, **kwargs)
           ^^^^^^^^^^^^^^^^^^^^^^^^^^^^^^^^^^^^^^^^^^^^^^
  File "/Users/mikhaileliseev/Desktop/Dev/!meAI/AIM/venv/lib/python3.14/site-packages/aiosqlite/core.py", line 160, in _execute
    return await future
           ^^^^^^^^^^^^
  File "/Users/mikhaileliseev/Desktop/Dev/!meAI/AIM/venv/lib/python3.14/site-packages/aiosqlite/core.py", line 63, in _connection_worker_thread
    result = function()
sqlite3.OperationalError: no such table: leads

The above exception was the direct cause of the following exception:

Traceback (most recent call last):
  File "/Users/mikhaileliseev/Desktop/Dev/!meAI/AIM/src/aim/api/leads.py", line 61, in capture_lead
    result = await service.capture_lead(
             ^^^^^^^^^^^^^^^^^^^^^^^^^^^
    ...<2 lines>...
    )
    ^
  File "/Users/mikhaileliseev/Desktop/Dev/!meAI/AIM/src/aim/services/lead_capture.py", line 116, in capture_lead
    existing_lead = await self._find_duplicate(request.email)
                    ^^^^^^^^^^^^^^^^^^^^^^^^^^^^^^^^^^^^^^^^^
  File "/Users/mikhaileliseev/Desktop/Dev/!meAI/AIM/src/aim/services/lead_capture.py", line 275, in _find_duplicate
    result = await self.db.execute(stmt)
             ^^^^^^^^^^^^^^^^^^^^^^^^^^^
  File "/Users/mikhaileliseev/Desktop/Dev/!meAI/AIM/venv/lib/python3.14/site-packages/sqlalchemy/ext/asyncio/session.py", line 449, in execute
    result = await greenlet_spawn(
             ^^^^^^^^^^^^^^^^^^^^^
    ...<6 lines>...
    )
    ^
  File "/Users/mikhaileliseev/Desktop/Dev/!meAI/AIM/venv/lib/python3.14/site-packages/sqlalchemy/util/_concurrency_py3k.py", line 201, in greenlet_spawn
    result = context.throw(*sys.exc_info())
  File "/Users/mikhaileliseev/Desktop/Dev/!meAI/AIM/venv/lib/python3.14/site-packages/sqlalchemy/orm/session.py", line 2351, in execute
    return self._execute_internal(
           ~~~~~~~~~~~~~~~~~~~~~~^
        statement,
        ^^^^^^^^^^
    ...<4 lines>...
        _add_event=_add_event,
        ^^^^^^^^^^^^^^^^^^^^^^
    )
    ^
  File "/Users/mikhaileliseev/Desktop/Dev/!meAI/AIM/venv/lib/python3.14/site-packages/sqlalchemy/orm/session.py", line 2249, in _execute_internal
    result: Result[Any] = compile_state_cls.orm_execute_statement(
                          ~~~~~~~~~~~~~~~~~~~~~~~~~~~~~~~~~~~~~~~^
        self,
        ^^^^^
    ...<4 lines>...
        conn,
        ^^^^^
    )
    ^
  File "/Users/mikhaileliseev/Desktop/Dev/!meAI/AIM/venv/lib/python3.14/site-packages/sqlalchemy/orm/context.py", line 306, in orm_execute_statement
    result = conn.execute(
        statement, params or {}, execution_options=execution_options
    )
  File "/Users/mikhaileliseev/Desktop/Dev/!meAI/AIM/venv/lib/python3.14/site-packages/sqlalchemy/engine/base.py", line 1419, in execute
    return meth(
        self,
        distilled_parameters,
        execution_options or NO_OPTIONS,
    )
  File "/Users/mikhaileliseev/Desktop/Dev/!meAI/AIM/venv/lib/python3.14/site-packages/sqlalchemy/sql/elements.py", line 527, in _execute_on_connection
    return connection._execute_clauseelement(
           ~~~~~~~~~~~~~~~~~~~~~~~~~~~~~~~~~^
        self, distilled_params, execution_options
        ^^^^^^^^^^^^^^^^^^^^^^^^^^^^^^^^^^^^^^^^^
    )
    ^
  File "/Users/mikhaileliseev/Desktop/Dev/!meAI/AIM/venv/lib/python3.14/site-packages/sqlalchemy/engine/base.py", line 1641, in _execute_clauseelement
    ret = self._execute_context(
        dialect,
    ...<8 lines>...
        cache_hit=cache_hit,
    )
  File "/Users/mikhaileliseev/Desktop/Dev/!meAI/AIM/venv/lib/python3.14/site-packages/sqlalchemy/engine/base.py", line 1846, in _execute_context
    return self._exec_single_context(
           ~~~~~~~~~~~~~~~~~~~~~~~~~^
        dialect, context, statement, parameters
        ^^^^^^^^^^^^^^^^^^^^^^^^^^^^^^^^^^^^^^^
    )
    ^
  File "/Users/mikhaileliseev/Desktop/Dev/!meAI/AIM/venv/lib/python3.14/site-packages/sqlalchemy/engine/base.py", line 1986, in _exec_single_context
    self._handle_dbapi_exception(
    ~~~~~~~~~~~~~~~~~~~~~~~~~~~~^
        e, str_statement, effective_parameters, cursor, context
        ^^^^^^^^^^^^^^^^^^^^^^^^^^^^^^^^^^^^^^^^^^^^^^^^^^^^^^^
    )
    ^
  File "/Users/mikhaileliseev/Desktop/Dev/!meAI/AIM/venv/lib/python3.14/site-packages/sqlalchemy/engine/base.py", line 2363, in _handle_dbapi_exception
    raise sqlalchemy_exception.with_traceback(exc_info[2]) from e
  File "/Users/mikhaileliseev/Desktop/Dev/!meAI/AIM/venv/lib/python3.14/site-packages/sqlalchemy/engine/base.py", line 1967, in _exec_single_context
    self.dialect.do_execute(
    ~~~~~~~~~~~~~~~~~~~~~~~^
        cursor, str_statement, effective_parameters, context
        ^^^^^^^^^^^^^^^^^^^^^^^^^^^^^^^^^^^^^^^^^^^^^^^^^^^^
    )
    ^
  File "/Users/mikhaileliseev/Desktop/Dev/!meAI/AIM/venv/lib/python3.14/site-packages/sqlalchemy/engine/default.py", line 952, in do_execute
    cursor.execute(statement, parameters)
    ~~~~~~~~~~~~~~^^^^^^^^^^^^^^^^^^^^^^^
  File "/Users/mikhaileliseev/Desktop/Dev/!meAI/AIM/venv/lib/python3.14/site-packages/sqlalchemy/dialects/sqlite/aiosqlite.py", line 182, in execute
    self._adapt_connection._handle_exception(error)
    ~~~~~~~~~~~~~~~~~~~~~~~~~~~~~~~~~~~~~~~~^^^^^^^
  File "/Users/mikhaileliseev/Desktop/Dev/!meAI/AIM/venv/lib/python3.14/site-packages/sqlalchemy/dialects/sqlite/aiosqlite.py", line 342, in _handle_exception
    raise error
  File "/Users/mikhaileliseev/Desktop/Dev/!meAI/AIM/venv/lib/python3.14/site-packages/sqlalchemy/dialects/sqlite/aiosqlite.py", line 164, in execute
    self.await_(_cursor.execute(operation, parameters))
    ~~~~~~~~~~~^^^^^^^^^^^^^^^^^^^^^^^^^^^^^^^^^^^^^^^^
  File "/Users/mikhaileliseev/Desktop/Dev/!meAI/AIM/venv/lib/python3.14/site-packages/sqlalchemy/util/_concurrency_py3k.py", line 132, in await_only
    return current.parent.switch(awaitable)  # type: ignore[no-any-return,attr-defined] # noqa: E501
           ~~~~~~~~~~~~~~~~~~~~~^^^^^^^^^^^
  File "/Users/mikhaileliseev/Desktop/Dev/!meAI/AIM/venv/lib/python3.14/site-packages/sqlalchemy/util/_concurrency_py3k.py", line 196, in greenlet_spawn
    value = await result
            ^^^^^^^^^^^^
  File "/Users/mikhaileliseev/Desktop/Dev/!meAI/AIM/venv/lib/python3.14/site-packages/aiosqlite/cursor.py", line 40, in execute
    await self._execute(self._cursor.execute, sql, parameters)
  File "/Users/mikhaileliseev/Desktop/Dev/!meAI/AIM/venv/lib/python3.14/site-packages/aiosqlite/cursor.py", line 32, in _execute
    return await self._conn._execute(fn, *args, **kwargs)
           ^^^^^^^^^^^^^^^^^^^^^^^^^^^^^^^^^^^^^^^^^^^^^^
  File "/Users/mikhaileliseev/Desktop/Dev/!meAI/AIM/venv/lib/python3.14/site-packages/aiosqlite/core.py", line 160, in _execute
    return await future
           ^^^^^^^^^^^^
  File "/Users/mikhaileliseev/Desktop/Dev/!meAI/AIM/venv/lib/python3.14/site-packages/aiosqlite/core.py", line 63, in _connection_worker_thread
    result = function()
sqlalchemy.exc.OperationalError: (sqlite3.OperationalError) no such table: leads
[SQL: SELECT leads.id, leads.created_at, leads.updated_at, leads.name_encrypted, leads.phone_encrypted, leads.email_encrypted, leads.email_hash, leads.clinic_name_encrypted, leads.message_encrypted, leads.specialty, leads.fz152_consent, leads.fz152_consent_timestamp, leads.fz152_consent_ip, leads.source, leads.utm_source, leads.utm_medium, leads.utm_campaign, leads.utm_content, leads.utm_term, leads.user_agent, leads.processed, leads.linear_task_id, leads.score, leads.tier 
FROM leads 
WHERE leads.email_hash = ?]
[parameters: ('492cd2d23ceb56fe304d249df5d028c0068ea47c775641509101cf1e872f7318',)]
(Background on this error at: https://sqlalche.me/e/20/e3q8)
HTTP Request: POST http://test/api/leads/capture "HTTP/1.1 500 Internal Server Error"
Failed to capture lead: (sqlite3.OperationalError) no such table: leads
[SQL: SELECT leads.id, leads.created_at, leads.updated_at, leads.name_encrypted, leads.phone_encrypted, leads.email_encrypted, leads.email_hash, leads.clinic_name_encrypted, leads.message_encrypted, leads.specialty, leads.fz152_consent, leads.fz152_consent_timestamp, leads.fz152_consent_ip, leads.source, leads.utm_source, leads.utm_medium, leads.utm_campaign, leads.utm_content, leads.utm_term, leads.user_agent, leads.processed, leads.linear_task_id, leads.score, leads.tier 
FROM leads 
WHERE leads.email_hash = ?]
[parameters: ('492cd2d23ceb56fe304d249df5d028c0068ea47c775641509101cf1e872f7318',)]
(Background on this error at: https://sqlalche.me/e/20/e3q8)
Traceback (most recent call last):
  File "/Users/mikhaileliseev/Desktop/Dev/!meAI/AIM/venv/lib/python3.14/site-packages/sqlalchemy/engine/base.py", line 1967, in _exec_single_context
    self.dialect.do_execute(
    ~~~~~~~~~~~~~~~~~~~~~~~^
        cursor, str_statement, effective_parameters, context
        ^^^^^^^^^^^^^^^^^^^^^^^^^^^^^^^^^^^^^^^^^^^^^^^^^^^^
    )
    ^
  File "/Users/mikhaileliseev/Desktop/Dev/!meAI/AIM/venv/lib/python3.14/site-packages/sqlalchemy/engine/default.py", line 952, in do_execute
    cursor.execute(statement, parameters)
    ~~~~~~~~~~~~~~^^^^^^^^^^^^^^^^^^^^^^^
  File "/Users/mikhaileliseev/Desktop/Dev/!meAI/AIM/venv/lib/python3.14/site-packages/sqlalchemy/dialects/sqlite/aiosqlite.py", line 182, in execute
    self._adapt_connection._handle_exception(error)
    ~~~~~~~~~~~~~~~~~~~~~~~~~~~~~~~~~~~~~~~~^^^^^^^
  File "/Users/mikhaileliseev/Desktop/Dev/!meAI/AIM/venv/lib/python3.14/site-packages/sqlalchemy/dialects/sqlite/aiosqlite.py", line 342, in _handle_exception
    raise error
  File "/Users/mikhaileliseev/Desktop/Dev/!meAI/AIM/venv/lib/python3.14/site-packages/sqlalchemy/dialects/sqlite/aiosqlite.py", line 164, in execute
    self.await_(_cursor.execute(operation, parameters))
    ~~~~~~~~~~~^^^^^^^^^^^^^^^^^^^^^^^^^^^^^^^^^^^^^^^^
  File "/Users/mikhaileliseev/Desktop/Dev/!meAI/AIM/venv/lib/python3.14/site-packages/sqlalchemy/util/_concurrency_py3k.py", line 132, in await_only
    return current.parent.switch(awaitable)  # type: ignore[no-any-return,attr-defined] # noqa: E501
           ~~~~~~~~~~~~~~~~~~~~~^^^^^^^^^^^
  File "/Users/mikhaileliseev/Desktop/Dev/!meAI/AIM/venv/lib/python3.14/site-packages/sqlalchemy/util/_concurrency_py3k.py", line 196, in greenlet_spawn
    value = await result
            ^^^^^^^^^^^^
  File "/Users/mikhaileliseev/Desktop/Dev/!meAI/AIM/venv/lib/python3.14/site-packages/aiosqlite/cursor.py", line 40, in execute
    await self._execute(self._cursor.execute, sql, parameters)
  File "/Users/mikhaileliseev/Desktop/Dev/!meAI/AIM/venv/lib/python3.14/site-packages/aiosqlite/cursor.py", line 32, in _execute
    return await self._conn._execute(fn, *args, **kwargs)
           ^^^^^^^^^^^^^^^^^^^^^^^^^^^^^^^^^^^^^^^^^^^^^^
  File "/Users/mikhaileliseev/Desktop/Dev/!meAI/AIM/venv/lib/python3.14/site-packages/aiosqlite/core.py", line 160, in _execute
    return await future
           ^^^^^^^^^^^^
  File "/Users/mikhaileliseev/Desktop/Dev/!meAI/AIM/venv/lib/python3.14/site-packages/aiosqlite/core.py", line 63, in _connection_worker_thread
    result = function()
sqlite3.OperationalError: no such table: leads

The above exception was the direct cause of the following exception:

Traceback (most recent call last):
  File "/Users/mikhaileliseev/Desktop/Dev/!meAI/AIM/src/aim/api/leads.py", line 61, in capture_lead
    result = await service.capture_lead(
             ^^^^^^^^^^^^^^^^^^^^^^^^^^^
    ...<2 lines>...
    )
    ^
  File "/Users/mikhaileliseev/Desktop/Dev/!meAI/AIM/src/aim/services/lead_capture.py", line 116, in capture_lead
    existing_lead = await self._find_duplicate(request.email)
                    ^^^^^^^^^^^^^^^^^^^^^^^^^^^^^^^^^^^^^^^^^
  File "/Users/mikhaileliseev/Desktop/Dev/!meAI/AIM/src/aim/services/lead_capture.py", line 275, in _find_duplicate
    result = await self.db.execute(stmt)
             ^^^^^^^^^^^^^^^^^^^^^^^^^^^
  File "/Users/mikhaileliseev/Desktop/Dev/!meAI/AIM/venv/lib/python3.14/site-packages/sqlalchemy/ext/asyncio/session.py", line 449, in execute
    result = await greenlet_spawn(
             ^^^^^^^^^^^^^^^^^^^^^
    ...<6 lines>...
    )
    ^
  File "/Users/mikhaileliseev/Desktop/Dev/!meAI/AIM/venv/lib/python3.14/site-packages/sqlalchemy/util/_concurrency_py3k.py", line 201, in greenlet_spawn
    result = context.throw(*sys.exc_info())
  File "/Users/mikhaileliseev/Desktop/Dev/!meAI/AIM/venv/lib/python3.14/site-packages/sqlalchemy/orm/session.py", line 2351, in execute
    return self._execute_internal(
           ~~~~~~~~~~~~~~~~~~~~~~^
        statement,
        ^^^^^^^^^^
    ...<4 lines>...
        _add_event=_add_event,
        ^^^^^^^^^^^^^^^^^^^^^^
    )
    ^
  File "/Users/mikhaileliseev/Desktop/Dev/!meAI/AIM/venv/lib/python3.14/site-packages/sqlalchemy/orm/session.py", line 2249, in _execute_internal
    result: Result[Any] = compile_state_cls.orm_execute_statement(
                          ~~~~~~~~~~~~~~~~~~~~~~~~~~~~~~~~~~~~~~~^
        self,
        ^^^^^
    ...<4 lines>...
        conn,
        ^^^^^
    )
    ^
  File "/Users/mikhaileliseev/Desktop/Dev/!meAI/AIM/venv/lib/python3.14/site-packages/sqlalchemy/orm/context.py", line 306, in orm_execute_statement
    result = conn.execute(
        statement, params or {}, execution_options=execution_options
    )
  File "/Users/mikhaileliseev/Desktop/Dev/!meAI/AIM/venv/lib/python3.14/site-packages/sqlalchemy/engine/base.py", line 1419, in execute
    return meth(
        self,
        distilled_parameters,
        execution_options or NO_OPTIONS,
    )
  File "/Users/mikhaileliseev/Desktop/Dev/!meAI/AIM/venv/lib/python3.14/site-packages/sqlalchemy/sql/elements.py", line 527, in _execute_on_connection
    return connection._execute_clauseelement(
           ~~~~~~~~~~~~~~~~~~~~~~~~~~~~~~~~~^
        self, distilled_params, execution_options
        ^^^^^^^^^^^^^^^^^^^^^^^^^^^^^^^^^^^^^^^^^
    )
    ^
  File "/Users/mikhaileliseev/Desktop/Dev/!meAI/AIM/venv/lib/python3.14/site-packages/sqlalchemy/engine/base.py", line 1641, in _execute_clauseelement
    ret = self._execute_context(
        dialect,
    ...<8 lines>...
        cache_hit=cache_hit,
    )
  File "/Users/mikhaileliseev/Desktop/Dev/!meAI/AIM/venv/lib/python3.14/site-packages/sqlalchemy/engine/base.py", line 1846, in _execute_context
    return self._exec_single_context(
           ~~~~~~~~~~~~~~~~~~~~~~~~~^
        dialect, context, statement, parameters
        ^^^^^^^^^^^^^^^^^^^^^^^^^^^^^^^^^^^^^^^
    )
    ^
  File "/Users/mikhaileliseev/Desktop/Dev/!meAI/AIM/venv/lib/python3.14/site-packages/sqlalchemy/engine/base.py", line 1986, in _exec_single_context
    self._handle_dbapi_exception(
    ~~~~~~~~~~~~~~~~~~~~~~~~~~~~^
        e, str_statement, effective_parameters, cursor, context
        ^^^^^^^^^^^^^^^^^^^^^^^^^^^^^^^^^^^^^^^^^^^^^^^^^^^^^^^
    )
    ^
  File "/Users/mikhaileliseev/Desktop/Dev/!meAI/AIM/venv/lib/python3.14/site-packages/sqlalchemy/engine/base.py", line 2363, in _handle_dbapi_exception
    raise sqlalchemy_exception.with_traceback(exc_info[2]) from e
  File "/Users/mikhaileliseev/Desktop/Dev/!meAI/AIM/venv/lib/python3.14/site-packages/sqlalchemy/engine/base.py", line 1967, in _exec_single_context
    self.dialect.do_execute(
    ~~~~~~~~~~~~~~~~~~~~~~~^
        cursor, str_statement, effective_parameters, context
        ^^^^^^^^^^^^^^^^^^^^^^^^^^^^^^^^^^^^^^^^^^^^^^^^^^^^
    )
    ^
  File "/Users/mikhaileliseev/Desktop/Dev/!meAI/AIM/venv/lib/python3.14/site-packages/sqlalchemy/engine/default.py", line 952, in do_execute
    cursor.execute(statement, parameters)
    ~~~~~~~~~~~~~~^^^^^^^^^^^^^^^^^^^^^^^
  File "/Users/mikhaileliseev/Desktop/Dev/!meAI/AIM/venv/lib/python3.14/site-packages/sqlalchemy/dialects/sqlite/aiosqlite.py", line 182, in execute
    self._adapt_connection._handle_exception(error)
    ~~~~~~~~~~~~~~~~~~~~~~~~~~~~~~~~~~~~~~~~^^^^^^^
  File "/Users/mikhaileliseev/Desktop/Dev/!meAI/AIM/venv/lib/python3.14/site-packages/sqlalchemy/dialects/sqlite/aiosqlite.py", line 342, in _handle_exception
    raise error
  File "/Users/mikhaileliseev/Desktop/Dev/!meAI/AIM/venv/lib/python3.14/site-packages/sqlalchemy/dialects/sqlite/aiosqlite.py", line 164, in execute
    self.await_(_cursor.execute(operation, parameters))
    ~~~~~~~~~~~^^^^^^^^^^^^^^^^^^^^^^^^^^^^^^^^^^^^^^^^
  File "/Users/mikhaileliseev/Desktop/Dev/!meAI/AIM/venv/lib/python3.14/site-packages/sqlalchemy/util/_concurrency_py3k.py", line 132, in await_only
    return current.parent.switch(awaitable)  # type: ignore[no-any-return,attr-defined] # noqa: E501
           ~~~~~~~~~~~~~~~~~~~~~^^^^^^^^^^^
  File "/Users/mikhaileliseev/Desktop/Dev/!meAI/AIM/venv/lib/python3.14/site-packages/sqlalchemy/util/_concurrency_py3k.py", line 196, in greenlet_spawn
    value = await result
            ^^^^^^^^^^^^
  File "/Users/mikhaileliseev/Desktop/Dev/!meAI/AIM/venv/lib/python3.14/site-packages/aiosqlite/cursor.py", line 40, in execute
    await self._execute(self._cursor.execute, sql, parameters)
  File "/Users/mikhaileliseev/Desktop/Dev/!meAI/AIM/venv/lib/python3.14/site-packages/aiosqlite/cursor.py", line 32, in _execute
    return await self._conn._execute(fn, *args, **kwargs)
           ^^^^^^^^^^^^^^^^^^^^^^^^^^^^^^^^^^^^^^^^^^^^^^
  File "/Users/mikhaileliseev/Desktop/Dev/!meAI/AIM/venv/lib/python3.14/site-packages/aiosqlite/core.py", line 160, in _execute
    return await future
           ^^^^^^^^^^^^
  File "/Users/mikhaileliseev/Desktop/Dev/!meAI/AIM/venv/lib/python3.14/site-packages/aiosqlite/core.py", line 63, in _connection_worker_thread
    result = function()
sqlalchemy.exc.OperationalError: (sqlite3.OperationalError) no such table: leads
[SQL: SELECT leads.id, leads.created_at, leads.updated_at, leads.name_encrypted, leads.phone_encrypted, leads.email_encrypted, leads.email_hash, leads.clinic_name_encrypted, leads.message_encrypted, leads.specialty, leads.fz152_consent, leads.fz152_consent_timestamp, leads.fz152_consent_ip, leads.source, leads.utm_source, leads.utm_medium, leads.utm_campaign, leads.utm_content, leads.utm_term, leads.user_agent, leads.processed, leads.linear_task_id, leads.score, leads.tier 
FROM leads 
WHERE leads.email_hash = ?]
[parameters: ('492cd2d23ceb56fe304d249df5d028c0068ea47c775641509101cf1e872f7318',)]
(Background on this error at: https://sqlalche.me/e/20/e3q8)
HTTP Request: POST http://test/api/leads/capture "HTTP/1.1 500 Internal Server Error"
Failed to capture lead: (sqlite3.OperationalError) no such table: leads
[SQL: SELECT leads.id, leads.created_at, leads.updated_at, leads.name_encrypted, leads.phone_encrypted, leads.email_encrypted, leads.email_hash, leads.clinic_name_encrypted, leads.message_encrypted, leads.specialty, leads.fz152_consent, leads.fz152_consent_timestamp, leads.fz152_consent_ip, leads.source, leads.utm_source, leads.utm_medium, leads.utm_campaign, leads.utm_content, leads.utm_term, leads.user_agent, leads.processed, leads.linear_task_id, leads.score, leads.tier 
FROM leads 
WHERE leads.email_hash = ?]
[parameters: ('492cd2d23ceb56fe304d249df5d028c0068ea47c775641509101cf1e872f7318',)]
(Background on this error at: https://sqlalche.me/e/20/e3q8)
Traceback (most recent call last):
  File "/Users/mikhaileliseev/Desktop/Dev/!meAI/AIM/venv/lib/python3.14/site-packages/sqlalchemy/engine/base.py", line 1967, in _exec_single_context
    self.dialect.do_execute(
    ~~~~~~~~~~~~~~~~~~~~~~~^
        cursor, str_statement, effective_parameters, context
        ^^^^^^^^^^^^^^^^^^^^^^^^^^^^^^^^^^^^^^^^^^^^^^^^^^^^
    )
    ^
  File "/Users/mikhaileliseev/Desktop/Dev/!meAI/AIM/venv/lib/python3.14/site-packages/sqlalchemy/engine/default.py", line 952, in do_execute
    cursor.execute(statement, parameters)
    ~~~~~~~~~~~~~~^^^^^^^^^^^^^^^^^^^^^^^
  File "/Users/mikhaileliseev/Desktop/Dev/!meAI/AIM/venv/lib/python3.14/site-packages/sqlalchemy/dialects/sqlite/aiosqlite.py", line 182, in execute
    self._adapt_connection._handle_exception(error)
    ~~~~~~~~~~~~~~~~~~~~~~~~~~~~~~~~~~~~~~~~^^^^^^^
  File "/Users/mikhaileliseev/Desktop/Dev/!meAI/AIM/venv/lib/python3.14/site-packages/sqlalchemy/dialects/sqlite/aiosqlite.py", line 342, in _handle_exception
    raise error
  File "/Users/mikhaileliseev/Desktop/Dev/!meAI/AIM/venv/lib/python3.14/site-packages/sqlalchemy/dialects/sqlite/aiosqlite.py", line 164, in execute
    self.await_(_cursor.execute(operation, parameters))
    ~~~~~~~~~~~^^^^^^^^^^^^^^^^^^^^^^^^^^^^^^^^^^^^^^^^
  File "/Users/mikhaileliseev/Desktop/Dev/!meAI/AIM/venv/lib/python3.14/site-packages/sqlalchemy/util/_concurrency_py3k.py", line 132, in await_only
    return current.parent.switch(awaitable)  # type: ignore[no-any-return,attr-defined] # noqa: E501
           ~~~~~~~~~~~~~~~~~~~~~^^^^^^^^^^^
  File "/Users/mikhaileliseev/Desktop/Dev/!meAI/AIM/venv/lib/python3.14/site-packages/sqlalchemy/util/_concurrency_py3k.py", line 196, in greenlet_spawn
    value = await result
            ^^^^^^^^^^^^
  File "/Users/mikhaileliseev/Desktop/Dev/!meAI/AIM/venv/lib/python3.14/site-packages/aiosqlite/cursor.py", line 40, in execute
    await self._execute(self._cursor.execute, sql, parameters)
  File "/Users/mikhaileliseev/Desktop/Dev/!meAI/AIM/venv/lib/python3.14/site-packages/aiosqlite/cursor.py", line 32, in _execute
    return await self._conn._execute(fn, *args, **kwargs)
           ^^^^^^^^^^^^^^^^^^^^^^^^^^^^^^^^^^^^^^^^^^^^^^
  File "/Users/mikhaileliseev/Desktop/Dev/!meAI/AIM/venv/lib/python3.14/site-packages/aiosqlite/core.py", line 160, in _execute
    return await future
           ^^^^^^^^^^^^
  File "/Users/mikhaileliseev/Desktop/Dev/!meAI/AIM/venv/lib/python3.14/site-packages/aiosqlite/core.py", line 63, in _connection_worker_thread
    result = function()
sqlite3.OperationalError: no such table: leads

The above exception was the direct cause of the following exception:

Traceback (most recent call last):
  File "/Users/mikhaileliseev/Desktop/Dev/!meAI/AIM/src/aim/api/leads.py", line 61, in capture_lead
    result = await service.capture_lead(
             ^^^^^^^^^^^^^^^^^^^^^^^^^^^
    ...<2 lines>...
    )
    ^
  File "/Users/mikhaileliseev/Desktop/Dev/!meAI/AIM/src/aim/services/lead_capture.py", line 116, in capture_lead
    existing_lead = await self._find_duplicate(request.email)
                    ^^^^^^^^^^^^^^^^^^^^^^^^^^^^^^^^^^^^^^^^^
  File "/Users/mikhaileliseev/Desktop/Dev/!meAI/AIM/src/aim/services/lead_capture.py", line 275, in _find_duplicate
    result = await self.db.execute(stmt)
             ^^^^^^^^^^^^^^^^^^^^^^^^^^^
  File "/Users/mikhaileliseev/Desktop/Dev/!meAI/AIM/venv/lib/python3.14/site-packages/sqlalchemy/ext/asyncio/session.py", line 449, in execute
    result = await greenlet_spawn(
             ^^^^^^^^^^^^^^^^^^^^^
    ...<6 lines>...
    )
    ^
  File "/Users/mikhaileliseev/Desktop/Dev/!meAI/AIM/venv/lib/python3.14/site-packages/sqlalchemy/util/_concurrency_py3k.py", line 201, in greenlet_spawn
    result = context.throw(*sys.exc_info())
  File "/Users/mikhaileliseev/Desktop/Dev/!meAI/AIM/venv/lib/python3.14/site-packages/sqlalchemy/orm/session.py", line 2351, in execute
    return self._execute_internal(
           ~~~~~~~~~~~~~~~~~~~~~~^
        statement,
        ^^^^^^^^^^
    ...<4 lines>...
        _add_event=_add_event,
        ^^^^^^^^^^^^^^^^^^^^^^
    )
    ^
  File "/Users/mikhaileliseev/Desktop/Dev/!meAI/AIM/venv/lib/python3.14/site-packages/sqlalchemy/orm/session.py", line 2249, in _execute_internal
    result: Result[Any] = compile_state_cls.orm_execute_statement(
                          ~~~~~~~~~~~~~~~~~~~~~~~~~~~~~~~~~~~~~~~^
        self,
        ^^^^^
    ...<4 lines>...
        conn,
        ^^^^^
    )
    ^
  File "/Users/mikhaileliseev/Desktop/Dev/!meAI/AIM/venv/lib/python3.14/site-packages/sqlalchemy/orm/context.py", line 306, in orm_execute_statement
    result = conn.execute(
        statement, params or {}, execution_options=execution_options
    )
  File "/Users/mikhaileliseev/Desktop/Dev/!meAI/AIM/venv/lib/python3.14/site-packages/sqlalchemy/engine/base.py", line 1419, in execute
    return meth(
        self,
        distilled_parameters,
        execution_options or NO_OPTIONS,
    )
  File "/Users/mikhaileliseev/Desktop/Dev/!meAI/AIM/venv/lib/python3.14/site-packages/sqlalchemy/sql/elements.py", line 527, in _execute_on_connection
    return connection._execute_clauseelement(
           ~~~~~~~~~~~~~~~~~~~~~~~~~~~~~~~~~^
        self, distilled_params, execution_options
        ^^^^^^^^^^^^^^^^^^^^^^^^^^^^^^^^^^^^^^^^^
    )
    ^
  File "/Users/mikhaileliseev/Desktop/Dev/!meAI/AIM/venv/lib/python3.14/site-packages/sqlalchemy/engine/base.py", line 1641, in _execute_clauseelement
    ret = self._execute_context(
        dialect,
    ...<8 lines>...
        cache_hit=cache_hit,
    )
  File "/Users/mikhaileliseev/Desktop/Dev/!meAI/AIM/venv/lib/python3.14/site-packages/sqlalchemy/engine/base.py", line 1846, in _execute_context
    return self._exec_single_context(
           ~~~~~~~~~~~~~~~~~~~~~~~~~^
        dialect, context, statement, parameters
        ^^^^^^^^^^^^^^^^^^^^^^^^^^^^^^^^^^^^^^^
    )
    ^
  File "/Users/mikhaileliseev/Desktop/Dev/!meAI/AIM/venv/lib/python3.14/site-packages/sqlalchemy/engine/base.py", line 1986, in _exec_single_context
    self._handle_dbapi_exception(
    ~~~~~~~~~~~~~~~~~~~~~~~~~~~~^
        e, str_statement, effective_parameters, cursor, context
        ^^^^^^^^^^^^^^^^^^^^^^^^^^^^^^^^^^^^^^^^^^^^^^^^^^^^^^^
    )
    ^
  File "/Users/mikhaileliseev/Desktop/Dev/!meAI/AIM/venv/lib/python3.14/site-packages/sqlalchemy/engine/base.py", line 2363, in _handle_dbapi_exception
    raise sqlalchemy_exception.with_traceback(exc_info[2]) from e
  File "/Users/mikhaileliseev/Desktop/Dev/!meAI/AIM/venv/lib/python3.14/site-packages/sqlalchemy/engine/base.py", line 1967, in _exec_single_context
    self.dialect.do_execute(
    ~~~~~~~~~~~~~~~~~~~~~~~^
        cursor, str_statement, effective_parameters, context
        ^^^^^^^^^^^^^^^^^^^^^^^^^^^^^^^^^^^^^^^^^^^^^^^^^^^^
    )
    ^
  File "/Users/mikhaileliseev/Desktop/Dev/!meAI/AIM/venv/lib/python3.14/site-packages/sqlalchemy/engine/default.py", line 952, in do_execute
    cursor.execute(statement, parameters)
    ~~~~~~~~~~~~~~^^^^^^^^^^^^^^^^^^^^^^^
  File "/Users/mikhaileliseev/Desktop/Dev/!meAI/AIM/venv/lib/python3.14/site-packages/sqlalchemy/dialects/sqlite/aiosqlite.py", line 182, in execute
    self._adapt_connection._handle_exception(error)
    ~~~~~~~~~~~~~~~~~~~~~~~~~~~~~~~~~~~~~~~~^^^^^^^
  File "/Users/mikhaileliseev/Desktop/Dev/!meAI/AIM/venv/lib/python3.14/site-packages/sqlalchemy/dialects/sqlite/aiosqlite.py", line 342, in _handle_exception
    raise error
  File "/Users/mikhaileliseev/Desktop/Dev/!meAI/AIM/venv/lib/python3.14/site-packages/sqlalchemy/dialects/sqlite/aiosqlite.py", line 164, in execute
    self.await_(_cursor.execute(operation, parameters))
    ~~~~~~~~~~~^^^^^^^^^^^^^^^^^^^^^^^^^^^^^^^^^^^^^^^^
  File "/Users/mikhaileliseev/Desktop/Dev/!meAI/AIM/venv/lib/python3.14/site-packages/sqlalchemy/util/_concurrency_py3k.py", line 132, in await_only
    return current.parent.switch(awaitable)  # type: ignore[no-any-return,attr-defined] # noqa: E501
           ~~~~~~~~~~~~~~~~~~~~~^^^^^^^^^^^
  File "/Users/mikhaileliseev/Desktop/Dev/!meAI/AIM/venv/lib/python3.14/site-packages/sqlalchemy/util/_concurrency_py3k.py", line 196, in greenlet_spawn
    value = await result
            ^^^^^^^^^^^^
  File "/Users/mikhaileliseev/Desktop/Dev/!meAI/AIM/venv/lib/python3.14/site-packages/aiosqlite/cursor.py", line 40, in execute
    await self._execute(self._cursor.execute, sql, parameters)
  File "/Users/mikhaileliseev/Desktop/Dev/!meAI/AIM/venv/lib/python3.14/site-packages/aiosqlite/cursor.py", line 32, in _execute
    return await self._conn._execute(fn, *args, **kwargs)
           ^^^^^^^^^^^^^^^^^^^^^^^^^^^^^^^^^^^^^^^^^^^^^^
  File "/Users/mikhaileliseev/Desktop/Dev/!meAI/AIM/venv/lib/python3.14/site-packages/aiosqlite/core.py", line 160, in _execute
    return await future
           ^^^^^^^^^^^^
  File "/Users/mikhaileliseev/Desktop/Dev/!meAI/AIM/venv/lib/python3.14/site-packages/aiosqlite/core.py", line 63, in _connection_worker_thread
    result = function()
sqlalchemy.exc.OperationalError: (sqlite3.OperationalError) no such table: leads
[SQL: SELECT leads.id, leads.created_at, leads.updated_at, leads.name_encrypted, leads.phone_encrypted, leads.email_encrypted, leads.email_hash, leads.clinic_name_encrypted, leads.message_encrypted, leads.specialty, leads.fz152_consent, leads.fz152_consent_timestamp, leads.fz152_consent_ip, leads.source, leads.utm_source, leads.utm_medium, leads.utm_campaign, leads.utm_content, leads.utm_term, leads.user_agent, leads.processed, leads.linear_task_id, leads.score, leads.tier 
FROM leads 
WHERE leads.email_hash = ?]
[parameters: ('492cd2d23ceb56fe304d249df5d028c0068ea47c775641509101cf1e872f7318',)]
(Background on this error at: https://sqlalche.me/e/20/e3q8)
HTTP Request: POST http://test/api/leads/capture "HTTP/1.1 500 Internal Server Error"
Failed to capture lead: 'LeadCaptureResponse' object is not subscriptable
Traceback (most recent call last):
  File "/Users/mikhaileliseev/Desktop/Dev/!meAI/AIM/src/aim/api/leads.py", line 67, in capture_lead
    lead_id=result["lead_id"],
            ~~~~~~^^^^^^^^^^^
TypeError: 'LeadCaptureResponse' object is not subscriptable
HTTP Request: POST http://test/api/leads/capture "HTTP/1.1 500 Internal Server Error"
HTTP Request: POST http://test/api/leads/capture "HTTP/1.1 201 Created"
HTTP Request: POST http://test/api/leads/capture "HTTP/1.1 201 Created"
HTTP Request: POST http://test/api/leads/capture "HTTP/1.1 201 Created"
HTTP Request: POST http://test/api/leads/capture "HTTP/1.1 201 Created"
HTTP Request: POST http://test/api/leads/capture "HTTP/1.1 201 Created"
HTTP Request: POST http://test/api/leads/capture "HTTP/1.1 201 Created"
HTTP Request: POST http://test/api/leads/capture "HTTP/1.1 201 Created"
HTTP Request: POST http://test/api/leads/capture "HTTP/1.1 201 Created"
HTTP Request: POST http://test/api/leads/capture "HTTP/1.1 201 Created"
HTTP Request: POST http://test/api/leads/capture "HTTP/1.1 201 Created"
HTTP Request: POST http://test/api/leads/capture "HTTP/1.1 201 Created"
HTTP Request: POST http://test/api/leads/capture "HTTP/1.1 201 Created"
HTTP Request: POST http://test/api/leads/capture "HTTP/1.1 201 Created"
HTTP Request: POST http://test/api/leads/capture "HTTP/1.1 201 Created"
HTTP Request: POST http://test/api/leads/capture "HTTP/1.1 201 Created"
HTTP Request: POST http://test/api/leads/capture "HTTP/1.1 201 Created"
HTTP Request: POST http://test/api/leads/capture "HTTP/1.1 201 Created"
Fetching nalog financials for: 9717023304
HTTP Request: GET https://bo.nalog.gov.ru/advanced-search/organizations/search?query=9717023304&page=0&size=20 "HTTP/1.1 200 "
HTTP Request: GET https://bo.nalog.gov.ru/nbo/organizations/9725527/bfo/ "HTTP/1.1 200 "
HTTP Request: GET https://yutskovskaya.ru "HTTP/1.1 200 OK"
Service extraction: url=https://yutskovskaya.ru services=['терапия', 'хирургия', 'косметология', 'дерматология', 'гинекология', 'урология', 'эндокринология', 'диагностика', 'пластическая хирургия', 'аллергология', 'реабилитация'] specialization=косметология city=Москва
CompetitorMatcher: client profile — ClientProfile(url='https://yutskovskaya.ru', specialization='косметология', city='Москва', services=['терапия', 'хирургия', 'косметология', 'дерматология', 'гинекология', 'урология', 'эндокринология', 'диагностика', 'пластическая хирургия', 'аллергология', 'реабилитация'], estimated_revenue=20000000, company_name='Клиника профессора Юцковской', inn=None, city_lat=None, city_lon=None)
HTTP Request: GET https://bo.nalog.gov.ru/advanced-search/organizations/search?query=%D0%9A%D0%BB%D0%B8%D0%BD%D0%B8%D0%BA%D0%B0%20%D0%BF%D1%80%D0%BE%D1%84%D0%B5%D1%81%D1%81%D0%BE%D1%80%D0%B0%20%D0%AE%D1%86%D0%BA%D0%BE%D0%B2%D1%81%D0%BA%D0%BE%D0%B9&page=0&size=20 "HTTP/1.1 200 "
HTTP Request: GET https://bo.nalog.gov.ru/nbo/organizations/10089013/bfo/ "HTTP/1.1 200 "
CompetitorMatcher: client revenue from nalog (name) = 31622000 ₽
HTTP Request: GET https://nominatim.openstreetmap.org/search?q=%D0%9C%D0%BE%D1%81%D0%BA%D0%B2%D0%B0%2C+%D0%A0%D0%BE%D1%81%D1%81%D0%B8%D1%8F&format=json&limit=1 "HTTP/1.1 200 OK"
CompetitorMatcher: city center Москва = (55.6256, 37.6064)
CompetitorMatcher: extract_profile=1.3s, geocode=1.2s
ApifyKeyPool loaded: 3 total, 2 active, 1 exhausted
Compass GM: using custom polygon for Москва (277.5×133.2 km)
Compass GM: 50 results for 'косметология Москва' in Москва, Россия (84.6s)
CompetitorMatcher: google_maps=84.6s (50 candidates)
HTTP Request: GET http://gorod-krasoti.com/ "HTTP/1.1 301 Moved Permanently"
HTTP Request: GET http://vitaderm.ru/ "HTTP/1.1 301 Moved Permanently"
HTTP Request: GET http://www.mosderm.ru/ "HTTP/1.1 301 Moved Permanently"
HTTP Request: GET http://www.cleoline.ru/ "HTTP/1.1 301 Moved Permanently"
HTTP Request: GET http://perfect-face.ru/ "HTTP/1.1 301 Moved Permanently"
HTTP Request: GET https://novoclinic.ru/ "HTTP/1.1 200 OK"
HTTP Request: GET https://centerestetmedicina.ru/ "HTTP/1.1 200 OK"
HTTP Request: GET http://clinic-ilchuk.ru/ "HTTP/1.1 301 Moved Permanently"
HTTP Request: GET https://centerestetmedicina.ru/contacts "HTTP/1.1 301 Moved Permanently"
HTTP Request: GET https://centerestetmedicina.ru/contacts/ "HTTP/1.1 200 OK"
HTTP Request: GET https://www.cleoline.ru/ "HTTP/1.1 200 Ok"
HTTP Request: GET https://www.mosderm.ru/ "HTTP/1.1 200 OK"
HTTP Request: GET https://perfect-face.ru/ "HTTP/1.1 200 OK"
HTTP Request: GET https://centerestetmedicina.ru/rekvizity "HTTP/1.1 301 Moved Permanently"
HTTP Request: GET https://centerestetmedicina.ru/policy "HTTP/1.1 404 Not Found"
HTTP Request: GET https://centerestetmedicina.ru/pravovaya-informatsiya "HTTP/1.1 404 Not Found"
HTTP Request: GET https://centerestetmedicina.ru/kontakty "HTTP/1.1 404 Not Found"
HTTP Request: GET https://centerestetmedicina.ru/rekvizity-ooo-sanrajz/ "HTTP/1.1 200 OK"
HTTP Request: GET https://centerestetmedicina.ru/o-nas "HTTP/1.1 404 Not Found"
HTTP Request: GET https://gorod-krasoti.com/ "HTTP/1.1 200 OK"
HTTP Request: GET http://www.mosderm.ru/rekvizity "HTTP/1.1 301 Moved Permanently"
HTTP Request: GET http://www.mosderm.ru/policy "HTTP/1.1 301 Moved Permanently"
HTTP Request: GET http://www.mosderm.ru/contacts "HTTP/1.1 301 Moved Permanently"
HTTP Request: GET http://www.mosderm.ru/o-nas "HTTP/1.1 301 Moved Permanently"
HTTP Request: GET http://www.mosderm.ru/docs "HTTP/1.1 301 Moved Permanently"
HTTP Request: GET http://www.mosderm.ru/privacy "HTTP/1.1 301 Moved Permanently"
HTTP Request: GET http://www.mosderm.ru/o-kompanii "HTTP/1.1 301 Moved Permanently"
HTTP Request: GET http://www.mosderm.ru/about "HTTP/1.1 301 Moved Permanently"
HTTP Request: GET http://www.mosderm.ru/kontakty "HTTP/1.1 301 Moved Permanently"
HTTP Request: GET http://www.mosderm.ru/pravovaya-informatsiya "HTTP/1.1 301 Moved Permanently"
HTTP Request: GET http://www.cleoline.ru/contacts "HTTP/1.1 301 Moved Permanently"
HTTP Request: GET http://www.cleoline.ru/docs "HTTP/1.1 301 Moved Permanently"
HTTP Request: GET http://www.cleoline.ru/privacy "HTTP/1.1 301 Moved Permanently"
HTTP Request: GET http://www.cleoline.ru/kontakty "HTTP/1.1 301 Moved Permanently"
HTTP Request: GET http://www.cleoline.ru/o-kompanii "HTTP/1.1 301 Moved Permanently"
HTTP Request: GET http://www.cleoline.ru/o-nas "HTTP/1.1 301 Moved Permanently"
HTTP Request: GET http://www.cleoline.ru/about "HTTP/1.1 301 Moved Permanently"
HTTP Request: GET http://www.cleoline.ru/policy "HTTP/1.1 301 Moved Permanently"
HTTP Request: GET http://www.cleoline.ru/rekvizity "HTTP/1.1 301 Moved Permanently"
HTTP Request: GET http://www.cleoline.ru/pravovaya-informatsiya "HTTP/1.1 301 Moved Permanently"
HTTP Request: GET https://www.mosderm.ru/rekvizity "HTTP/1.1 404 Not Found"
HTTP Request: GET http://www.cleoline.ru/contacts/ "HTTP/1.1 301 Moved Permanently"
HTTP Request: GET http://www.cleoline.ru/about/ "HTTP/1.1 301 Moved Permanently"
HTTP Request: GET https://centerestetmedicina.ru/o-kompanii "HTTP/1.1 404 Not Found"
HTTP Request: GET https://terapiakrasoty.ru/ "HTTP/1.1 200 OK"
HTTP Request: GET https://www.mosderm.ru/policy "HTTP/1.1 404 Not Found"
HTTP Request: GET https://www.mosderm.ru/about "HTTP/1.1 404 Not Found"
HTTP Request: GET https://www.mosderm.ru/kontakty "HTTP/1.1 404 Not Found"
HTTP Request: GET https://www.mosderm.ru/privacy "HTTP/1.1 404 Not Found"
HTTP Request: GET https://www.cleoline.ru/docs "HTTP/1.1 404 Not Found"
HTTP Request: GET https://centerestetmedicina.ru/docs "HTTP/1.1 404 Not Found"
HTTP Request: GET https://www.mosderm.ru/docs "HTTP/1.1 404 Not Found"
HTTP Request: GET https://centerestetmedicina.ru/privacy "HTTP/1.1 301 Moved Permanently"
HTTP Request: GET https://monlaver.ru/ "HTTP/1.1 200 OK"
HTTP Request: GET https://marilav.ru/ "HTTP/1.1 200 OK"
HTTP Request: GET https://centerestetmedicina.ru/about "HTTP/1.1 301 Moved Permanently"
HTTP Request: GET https://www.cleoline.ru/contacts/ "HTTP/1.1 200 Ok"
HTTP Request: GET https://centerestetmedicina.ru/privacy/ "HTTP/1.1 200 OK"
HTTP Request: GET https://terapiakrasoty.ru/contacts "HTTP/1.1 200 OK"
HTTP Request: GET https://www.cleoline.ru/privacy "HTTP/1.1 404 Not Found"
HTTP Request: GET https://www.cleoline.ru/pravovaya-informatsiya "HTTP/1.1 404 Not Found"
HTTP Request: GET https://www.cleoline.ru/o-nas "HTTP/1.1 404 Not Found"
HTTP Request: GET https://www.cleoline.ru/o-kompanii "HTTP/1.1 404 Not Found"
HTTP Request: GET https://www.cleoline.ru/kontakty "HTTP/1.1 404 Not Found"
HTTP Request: GET https://www.cleoline.ru/rekvizity "HTTP/1.1 404 Not Found"
HTTP Request: GET https://www.cleoline.ru/policy "HTTP/1.1 404 Not Found"
HTTP Request: GET https://clinic-ilchuk.ru/ "HTTP/1.1 200 OK"
HTTP Request: GET https://centerestetmedicina.ru/about-us/ "HTTP/1.1 200 OK"
HTTP Request: GET https://terapiakrasoty.ru/pravovaya-informatsiya "HTTP/1.1 404 Not Found"
HTTP Request: GET https://terapiakrasoty.ru/about "HTTP/1.1 200 OK"
HTTP Request: GET https://terapiakrasoty.ru/docs "HTTP/1.1 404 Not Found"
HTTP Request: GET https://terapiakrasoty.ru/policy "HTTP/1.1 404 Not Found"
HTTP Request: GET https://terapiakrasoty.ru/o-nas "HTTP/1.1 404 Not Found"
HTTP Request: GET http://www.altero-med.ru/ "HTTP/1.1 301 Moved Permanently"
HTTP Request: GET https://terapiakrasoty.ru/rekvizity "HTTP/1.1 404 Not Found"
HTTP Request: GET https://terapiakrasoty.ru/kontakty "HTTP/1.1 404 Not Found"
HTTP Request: GET https://www.mosderm.ru/pravovaya-informatsiya "HTTP/1.1 404 Not Found"
HTTP Request: GET https://monlaver.ru/contacts "HTTP/1.1 404 Not Found"
HTTP Request: GET https://terapiakrasoty.ru/privacy "HTTP/1.1 404 Not Found"
HTTP Request: GET https://www.mosderm.ru/contacts "HTTP/1.1 404 Not Found"
HTTP Request: GET https://www.mosderm.ru/o-nas "HTTP/1.1 404 Not Found"
HTTP Request: GET https://www.cleoline.ru/about/ "HTTP/1.1 200 Ok"
HTTP Request: GET http://clinic-ilchuk.ru/contacts "HTTP/1.1 301 Moved Permanently"
HTTP Request: GET https://terapiakrasoty.ru/o-kompanii "HTTP/1.1 404 Not Found"
HTTP Request: GET https://www.mosderm.ru/o-kompanii "HTTP/1.1 404 Not Found"
HTTP Request: GET http://clinic-ilchuk.ru/o-kompanii "HTTP/1.1 301 Moved Permanently"
HTTP Request: GET http://clinic-ilchuk.ru/about "HTTP/1.1 301 Moved Permanently"
HTTP Request: GET http://clinic-ilchuk.ru/kontakty "HTTP/1.1 301 Moved Permanently"
HTTP Request: GET http://clinic-ilchuk.ru/o-nas "HTTP/1.1 301 Moved Permanently"
HTTP Request: GET http://clinic-ilchuk.ru/docs "HTTP/1.1 301 Moved Permanently"
HTTP Request: GET http://clinic-ilchuk.ru/privacy "HTTP/1.1 301 Moved Permanently"
HTTP Request: GET https://monlaver.ru/kontakty "HTTP/1.1 301 Moved Permanently"
HTTP Request: GET http://clinic-ilchuk.ru/rekvizity "HTTP/1.1 301 Moved Permanently"
HTTP Request: GET http://clinic-ilchuk.ru/pravovaya-informatsiya "HTTP/1.1 301 Moved Permanently"
HTTP Request: GET https://monlaver.ru/docs "HTTP/1.1 404 Not Found"
HTTP Request: GET https://monlaver.ru/o-kompanii "HTTP/1.1 404 Not Found"
HTTP Request: GET https://monlaver.ru/policy "HTTP/1.1 404 Not Found"
HTTP Request: GET https://monlaver.ru/o-nas "HTTP/1.1 404 Not Found"
HTTP Request: GET https://monlaver.ru/rekvizity "HTTP/1.1 404 Not Found"
HTTP Request: GET https://monlaver.ru/about "HTTP/1.1 404 Not Found"
HTTP Request: GET http://clinic-ilchuk.ru/policy "HTTP/1.1 301 Moved Permanently"
HTTP Request: GET https://www.altero-med.ru/ "HTTP/1.1 301 Moved Permanently"
HTTP Request: GET https://clinic-ilchuk.ru/contacts "HTTP/1.1 404 Not Found"
HTTP Request: GET http://www.makclinic.ru/ "HTTP/1.1 200 OK"
HTTP Request: GET https://vitaderm.ru/ "HTTP/1.1 200 OK"
HTTP Request: GET https://www.instagram.com/ "HTTP/1.1 200 OK"
HTTP Request: GET https://clinic-ilchuk.ru/about "HTTP/1.1 301 Moved Permanently"
HTTP Request: GET https://www.cosmetomed.ru/ "HTTP/1.1 301 Moved Permanently"
HTTP Request: GET https://clinic-ilchuk.ru/policy "HTTP/1.1 404 Not Found"
HTTP Request: GET https://monlaver.ru/kontakty/ "HTTP/1.1 200 OK"
HTTP Request: GET https://clinic-ilchuk.ru/rekvizity "HTTP/1.1 404 Not Found"
HTTP Request: GET https://monlaver.ru/privacy "HTTP/1.1 301 Moved Permanently"
HTTP Request: GET https://clinic-ilchuk.ru/o-nas "HTTP/1.1 404 Not Found"
HTTP Request: GET https://clinic-ilchuk.ru/pravovaya-informatsiya "HTTP/1.1 404 Not Found"
HTTP Request: GET https://monlaver.ru/pravovaya-informatsiya "HTTP/1.1 404 Not Found"
HTTP Request: GET http://vitaderm.ru/contacts "HTTP/1.1 301 Moved Permanently"
HTTP Request: GET http://vitaderm.ru/rekvizity "HTTP/1.1 301 Moved Permanently"
HTTP Request: GET http://vitaderm.ru/pravovaya-informatsiya "HTTP/1.1 301 Moved Permanently"
HTTP Request: GET http://vitaderm.ru/privacy "HTTP/1.1 301 Moved Permanently"
HTTP Request: GET http://vitaderm.ru/docs "HTTP/1.1 301 Moved Permanently"
HTTP Request: GET http://vitaderm.ru/o-nas "HTTP/1.1 301 Moved Permanently"
HTTP Request: GET http://vitaderm.ru/kontakty "HTTP/1.1 301 Moved Permanently"
HTTP Request: GET http://vitaderm.ru/about "HTTP/1.1 301 Moved Permanently"
HTTP Request: GET http://vitaderm.ru/policy "HTTP/1.1 301 Moved Permanently"
HTTP Request: GET http://vitaderm.ru/o-kompanii "HTTP/1.1 301 Moved Permanently"
HTTP Request: GET https://www.instagram.com/contacts "HTTP/1.1 302 Found"
HTTP Request: GET https://cosmeticru.com/ "HTTP/1.1 200 OK"
HTTP Request: GET http://www.makclinic.ru/contacts "HTTP/1.1 301 Moved Permanently"
HTTP Request: GET http://www.makclinic.ru/about "HTTP/1.1 301 Moved Permanently"
HTTP Request: GET http://www.makclinic.ru/privacy "HTTP/1.1 404 Not Found"
HTTP Request: GET http://www.makclinic.ru/o-kompanii "HTTP/1.1 404 Not Found"
HTTP Request: GET https://www.instagram.com/accounts/login/?next=https%3A%2F%2Fwww.instagram.com%2Fcontacts&is_from_rle "HTTP/1.1 429 Too Many Requests"
HTTP Request: GET http://www.makclinic.ru/kontakty "HTTP/1.1 404 Not Found"
HTTP Request: GET https://cosmetomed.ru/ "HTTP/1.1 200 OK"
HTTP Request: GET http://www.makclinic.ru/docs "HTTP/1.1 404 Not Found"
HTTP Request: GET http://www.makclinic.ru/o-nas "HTTP/1.1 404 Not Found"
HTTP Request: GET https://monlaver.ru/privacy/ "HTTP/1.1 200 OK"
HTTP Request: GET http://www.makclinic.ru/contacts/ "HTTP/1.1 200 OK"
HTTP Request: GET http://www.makclinic.ru/about/ "HTTP/1.1 200 OK"
HTTP Request: GET https://clinic-ilchuk.ru/about/ "HTTP/1.1 200 OK"
HTTP Request: GET http://www.makclinic.ru/policy "HTTP/1.1 404 Not Found"
HTTP Request: GET https://www.instagram.com/o-kompanii "HTTP/1.1 302 Found"
HTTP Request: GET https://www.instagram.com/kontakty "HTTP/1.1 302 Found"
HTTP Request: GET https://www.instagram.com/o-nas "HTTP/1.1 302 Found"
HTTP Request: GET https://altero-med.ru/ "HTTP/1.1 200 OK"
HTTP Request: GET https://www.instagram.com/docs "HTTP/1.1 302 Found"
HTTP Request: GET https://www.instagram.com/privacy "HTTP/1.1 301 Moved Permanently"
HTTP Request: GET https://www.instagram.com/policy "HTTP/1.1 302 Found"
HTTP Request: GET https://www.instagram.com/pravovaya-informatsiya "HTTP/1.1 302 Found"
HTTP Request: GET https://www.instagram.com/rekvizity "HTTP/1.1 302 Found"
HTTP Request: GET https://www.instagram.com/about "HTTP/1.1 302 Found"
HTTP Request: GET https://clinic-ilchuk.ru/kontakty "HTTP/1.1 301 Moved Permanently"
HTTP Request: GET https://clinic-ilchuk.ru/docs "HTTP/1.1 404 Not Found"
HTTP Request: GET https://clinic-ilchuk.ru/o-kompanii "HTTP/1.1 404 Not Found"
HTTP Request: GET https://clinic-ilchuk.ru/privacy "HTTP/1.1 404 Not Found"
HTTP Request: GET http://www.makclinic.ru/pravovaya-informatsiya "HTTP/1.1 404 Not Found"
HTTP Request: GET https://www.cosmetomed.ru/contacts "HTTP/1.1 301 Moved Permanently"
HTTP Request: GET http://www.makclinic.ru/rekvizity "HTTP/1.1 404 Not Found"
HTTP Request: GET https://www.instagram.com/accounts/login/?next=https%3A%2F%2Fwww.instagram.com%2Fo-kompanii&is_from_rle "HTTP/1.1 429 Too Many Requests"
HTTP Request: GET https://www.cosmetomed.ru/policy "HTTP/1.1 301 Moved Permanently"
HTTP Request: GET http://dar-yan.ru/ "HTTP/1.1 301 Moved Permanently"
HTTP Request: GET https://www.instagram.com/accounts/login/?next=https%3A%2F%2Fwww.instagram.com%2Fabout&is_from_rle "HTTP/1.1 429 Too Many Requests"
HTTP Request: GET https://cosmetomed.ru/contacts "HTTP/1.1 200 OK"
HTTP Request: GET https://www.instagram.com/accounts/login/?next=https%3A%2F%2Fwww.instagram.com%2Fdocs&is_from_rle "HTTP/1.1 429 Too Many Requests"
HTTP Request: GET http://www.altero-med.ru/contacts "HTTP/1.1 301 Moved Permanently"
HTTP Request: GET http://www.altero-med.ru/about "HTTP/1.1 301 Moved Permanently"
HTTP Request: GET https://www.instagram.com/accounts/login/?next=https%3A%2F%2Fwww.instagram.com%2Fpolicy&is_from_rle "HTTP/1.1 429 Too Many Requests"
HTTP Request: GET https://www.instagram.com/accounts/login/?next=https%3A%2F%2Fwww.instagram.com%2Fo-nas&is_from_rle "HTTP/1.1 429 Too Many Requests"
HTTP Request: GET http://www.altero-med.ru/kontakty "HTTP/1.1 301 Moved Permanently"
HTTP Request: GET http://www.altero-med.ru/o-kompanii "HTTP/1.1 301 Moved Permanently"
HTTP Request: GET http://www.altero-med.ru/o-nas "HTTP/1.1 301 Moved Permanently"
HTTP Request: GET https://www.instagram.com/accounts/login/?next=https%3A%2F%2Fwww.instagram.com%2Fkontakty&is_from_rle "HTTP/1.1 429 Too Many Requests"
HTTP Request: GET https://www.instagram.com/accounts/login/?next=https%3A%2F%2Fwww.instagram.com%2Frekvizity&is_from_rle "HTTP/1.1 429 Too Many Requests"
HTTP Request: GET http://www.altero-med.ru/privacy "HTTP/1.1 301 Moved Permanently"
HTTP Request: GET http://www.altero-med.ru/policy "HTTP/1.1 301 Moved Permanently"
HTTP Request: GET http://www.altero-med.ru/pravovaya-informatsiya "HTTP/1.1 301 Moved Permanently"
HTTP Request: GET https://vitaderm.ru/rekvizity "HTTP/1.1 404 Not Found"
HTTP Request: GET https://clinic-ilchuk.ru/kontakty/ "HTTP/1.1 200 OK"
HTTP Request: GET https://www.instagram.com/accounts/login/?next=https%3A%2F%2Fwww.instagram.com%2Fpravovaya-informatsiya&is_from_rle "HTTP/1.1 429 Too Many Requests"
HTTP Request: GET https://www.altero-med.ru/contacts "HTTP/1.1 301 Moved Permanently"
HTTP Request: GET http://www.altero-med.ru/docs "HTTP/1.1 301 Moved Permanently"
HTTP Request: GET http://www.altero-med.ru/rekvizity "HTTP/1.1 301 Moved Permanently"
HTTP Request: GET https://www.cosmetomed.ru/about "HTTP/1.1 301 Moved Permanently"
HTTP Request: GET https://www.cosmetomed.ru/kontakty "HTTP/1.1 301 Moved Permanently"
HTTP Request: GET https://vitaderm.ru/contacts "HTTP/1.1 301 Moved Permanently"
HTTP Request: GET https://altero-med.ru/contacts "HTTP/1.1 301 Moved Permanently"
HTTP Request: GET https://about.instagram.com/safety "HTTP/1.1 400 Bad Request"
HTTP Request: GET https://cosmetomed.ru/about "HTTP/1.1 301 Moved Permanently"
HTTP Request: GET https://www.altero-med.ru/docs "HTTP/1.1 301 Moved Permanently"
HTTP Request: GET https://www.cosmetomed.ru/o-nas "HTTP/1.1 301 Moved Permanently"
HTTP Request: GET https://www.cosmetomed.ru/o-kompanii "HTTP/1.1 301 Moved Permanently"
HTTP Request: GET http://altero-med.ru/contacts/ "HTTP/1.1 301 Moved Permanently"
HTTP Request: GET https://altero-med.ru/docs "HTTP/1.1 301 Moved Permanently"
HTTP Request: GET https://cosmetomed.ru/about-us "HTTP/1.1 200 OK"
HTTP Request: GET https://vitaderm.ru/about "HTTP/1.1 404 Not Found"
HTTP Request: GET https://www.danaya-clk.ru/ "HTTP/1.1 301 Moved Permanently"
HTTP Request: GET http://renewclinic.ru/ "HTTP/1.1 301 Moved Permanently"
HTTP Request: GET http://altero-med.ru/docs/ "HTTP/1.1 301 Moved Permanently"
HTTP Request: GET https://www.cosmetomed.ru/pravovaya-informatsiya "HTTP/1.1 301 Moved Permanently"
HTTP Request: GET https://www.cosmetomed.ru/privacy "HTTP/1.1 301 Moved Permanently"
HTTP Request: GET https://www.altero-med.ru/pravovaya-informatsiya "HTTP/1.1 301 Moved Permanently"
HTTP Request: GET https://dar-yan.ru/ "HTTP/1.1 200 OK"
HTTP Request: GET https://www.altero-med.ru/kontakty "HTTP/1.1 301 Moved Permanently"
HTTP Request: GET https://www.altero-med.ru/about "HTTP/1.1 301 Moved Permanently"
HTTP Request: GET https://www.altero-med.ru/o-nas "HTTP/1.1 301 Moved Permanently"
HTTP Request: GET https://cosmetomed.ru/pravovaya-informatsiya "HTTP/1.0 404 Not Found"
HTTP Request: GET https://www.altero-med.ru/o-kompanii "HTTP/1.1 301 Moved Permanently"
HTTP Request: GET https://www.altero-med.ru/policy "HTTP/1.1 301 Moved Permanently"
HTTP Request: GET https://www.altero-med.ru/rekvizity "HTTP/1.1 301 Moved Permanently"
HTTP Request: GET https://www.altero-med.ru/privacy "HTTP/1.1 301 Moved Permanently"
HTTP Request: GET https://see-beauty.ru/ "HTTP/1.1 200 OK"
HTTP Request: GET https://jollyclinic.ru/ "HTTP/1.1 200 OK"
HTTP Request: GET https://altero-med.ru/contacts/ "HTTP/1.1 404 Not Found"
HTTP Request: GET https://altero-med.ru/kontakty "HTTP/1.1 301 Moved Permanently"
HTTP Request: GET https://www.cosmetomed.ru/docs "HTTP/1.1 301 Moved Permanently"
HTTP Request: GET https://vitaderm.ru/pravovaya-informatsiya "HTTP/1.1 404 Not Found"
HTTP Request: GET https://altero-med.ru/pravovaya-informatsiya "HTTP/1.1 301 Moved Permanently"
HTTP Request: GET https://see-beauty.ru/contacts "HTTP/1.1 404 Not Found"
HTTP Request: GET https://altero-med.ru/o-nas "HTTP/1.1 301 Moved Permanently"
HTTP Request: GET https://altero-med.ru/about "HTTP/1.1 301 Moved Permanently"
HTTP Request: GET https://danaya-clk.ru/ "HTTP/1.1 200 OK"
HTTP Request: GET https://altero-med.ru/docs/ "HTTP/1.1 404 Not Found"
HTTP Request: GET https://vitaderm.ru/contacts/ "HTTP/1.1 200 OK"
HTTP Request: GET https://vitaderm.ru/privacy "HTTP/1.1 404 Not Found"
HTTP Request: GET https://altero-med.ru/o-kompanii "HTTP/1.1 301 Moved Permanently"
HTTP Request: GET https://vitaderm.ru/policy "HTTP/1.1 404 Not Found"
HTTP Request: GET https://vitaderm.ru/o-nas "HTTP/1.1 404 Not Found"
HTTP Request: GET https://www.cosmetomed.ru/rekvizity "HTTP/1.1 301 Moved Permanently"
HTTP Request: GET https://altero-med.ru/policy "HTTP/1.1 301 Moved Permanently"
HTTP Request: GET https://cosmetomed.ru/kontakty "HTTP/1.0 404 Not Found"
HTTP Request: GET https://cosmetomed.ru/policy "HTTP/1.0 404 Not Found"
HTTP Request: GET https://cosmetomed.ru/o-kompanii "HTTP/1.0 404 Not Found"
HTTP Request: GET https://altero-med.ru/privacy "HTTP/1.1 301 Moved Permanently"
HTTP Request: GET https://altero-med.ru/rekvizity "HTTP/1.1 301 Moved Permanently"
HTTP Request: GET https://vitaderm.ru/o-kompanii "HTTP/1.1 404 Not Found"
HTTP Request: GET https://vitaderm.ru/kontakty "HTTP/1.1 404 Not Found"
HTTP Request: GET https://vitaderm.ru/docs "HTTP/1.1 404 Not Found"
HTTP Request: GET http://altero-med.ru/about/ "HTTP/1.1 301 Moved Permanently"
HTTP Request: GET https://see-beauty.ru/about "HTTP/1.1 404 Not Found"
HTTP Request: GET https://see-beauty.ru/kontakty "HTTP/1.1 404 Not Found"
HTTP Request: GET https://see-beauty.ru/policy "HTTP/1.1 404 Not Found"
HTTP Request: GET http://altero-med.ru/kontakty/ "HTTP/1.1 301 Moved Permanently"
HTTP Request: GET https://cosmetomed.ru/o-nas "HTTP/1.0 404 Not Found"
HTTP Request: GET http://altero-med.ru/pravovaya-informatsiya/ "HTTP/1.1 301 Moved Permanently"
HTTP Request: GET https://see-beauty.ru/o-kompanii "HTTP/1.1 404 Not Found"
HTTP Request: GET https://see-beauty.ru/rekvizity "HTTP/1.1 404 Not Found"
HTTP Request: GET https://see-beauty.ru/o-nas "HTTP/1.1 404 Not Found"
HTTP Request: GET https://see-beauty.ru/pravovaya-informatsiya "HTTP/1.1 404 Not Found"
HTTP Request: GET https://cosmetomed.ru/privacy "HTTP/1.0 404 Not Found"
HTTP Request: GET http://altero-med.ru/o-nas/ "HTTP/1.1 301 Moved Permanently"
HTTP Request: GET https://see-beauty.ru/privacy "HTTP/1.1 404 Not Found"
HTTP Request: GET https://see-beauty.ru/docs "HTTP/1.1 404 Not Found"
HTTP Request: GET http://altero-med.ru/policy/ "HTTP/1.1 301 Moved Permanently"
HTTP Request: GET http://altero-med.ru/o-kompanii/ "HTTP/1.1 301 Moved Permanently"
HTTP Request: GET http://evolution-clinic.com/ "HTTP/1.1 301 Moved Permanently"
HTTP Request: GET http://altero-med.ru/rekvizity/ "HTTP/1.1 301 Moved Permanently"
HTTP Request: GET http://altero-med.ru/privacy/ "HTTP/1.1 301 Moved Permanently"
HTTP Request: GET https://renewclinic.ru/ "HTTP/1.1 200 OK"
HTTP Request: GET https://xn----etbfcnjeehtcbrpdjjl7rmb.xn--p1ai/ "HTTP/1.1 200 OK"
HTTP Request: GET https://cosmetomed.ru/rekvizity "HTTP/1.0 404 Not Found"
HTTP Request: GET https://cosmetomed.ru/docs "HTTP/1.0 404 Not Found"
HTTP Request: GET https://bwclinic.ru/ "HTTP/1.1 200 OK"
HTTP Request: GET https://altero-med.ru/about/ "HTTP/1.1 404 Not Found"
HTTP Request: GET https://altero-med.ru/kontakty/ "HTTP/1.1 200 OK"
HTTP Request: GET http://renewclinic.ru/contacts "HTTP/1.1 301 Moved Permanently"
HTTP Request: GET https://bwclinic.ru/contacts "HTTP/1.1 200 OK"
HTTP Request: GET https://mdclinica.ru/ "HTTP/1.1 200 OK"
HTTP Request: GET http://renewclinic.ru/kontakty "HTTP/1.1 301 Moved Permanently"
HTTP Request: GET http://renewclinic.ru/policy "HTTP/1.1 301 Moved Permanently"
HTTP Request: GET https://renewclinic.ru/contacts "HTTP/1.1 301 Moved Permanently"
HTTP Request: GET http://renewclinic.ru/o-nas "HTTP/1.1 301 Moved Permanently"
HTTP Request: GET http://renewclinic.ru/about "HTTP/1.1 301 Moved Permanently"
HTTP Request: GET http://renewclinic.ru/docs "HTTP/1.1 301 Moved Permanently"
HTTP Request: GET http://renewclinic.ru/privacy "HTTP/1.1 301 Moved Permanently"
HTTP Request: GET https://evolution-clinic.com/ "HTTP/1.1 301 Moved Permanently"
HTTP Request: GET http://renewclinic.ru/o-kompanii "HTTP/1.1 301 Moved Permanently"
HTTP Request: GET http://renewclinic.ru/pravovaya-informatsiya "HTTP/1.1 301 Moved Permanently"
HTTP Request: GET https://altero-med.ru/pravovaya-informatsiya/ "HTTP/1.1 404 Not Found"
HTTP Request: GET https://altero-med.ru/o-nas/ "HTTP/1.1 404 Not Found"
HTTP Request: GET http://renewclinic.ru/rekvizity "HTTP/1.1 301 Moved Permanently"
HTTP Request: GET https://maxxclinic.ru/ "HTTP/1.1 403 Forbidden"
HTTP Request: GET https://altero-med.ru/privacy/ "HTTP/1.1 200 OK"
HTTP Request: GET https://altero-med.ru/policy/ "HTTP/1.1 404 Not Found"
HTTP Request: GET https://altero-med.ru/rekvizity/ "HTTP/1.1 404 Not Found"
HTTP Request: GET https://bwclinic.ru/kontakty "HTTP/1.1 404 Not Found"
HTTP Request: GET https://altero-med.ru/o-kompanii/ "HTTP/1.1 404 Not Found"
HTTP Request: GET https://petrovka-beauty.ru/ "HTTP/1.1 200 OK"
HTTP Request: GET https://bwclinic.ru/privacy "HTTP/1.1 404 Not Found"
HTTP Request: GET https://bwclinic.ru/policy "HTTP/1.1 301 Moved Permanently"
HTTP Request: GET https://bwclinic.ru/o-kompanii "HTTP/1.1 404 Not Found"
HTTP Request: GET https://bwclinic.ru/pravovaya-informatsiya "HTTP/1.1 404 Not Found"
HTTP Request: GET https://bwclinic.ru/rekvizity "HTTP/1.1 404 Not Found"
HTTP Request: GET https://bwclinic.ru/docs "HTTP/1.1 404 Not Found"
HTTP Request: GET https://mdclinica.ru/contacts "HTTP/1.1 200 OK"
HTTP Request: GET https://bwclinic.ru/about "HTTP/1.1 404 Not Found"
HTTP Request: GET https://bwclinic.ru/o-nas "HTTP/1.1 404 Not Found"
HTTP Request: GET https://maxxclinic.ru/contacts "HTTP/1.1 404 Not Found"
HTTP Request: GET https://bwclinic.ru/politika-konfidencialnosti "HTTP/1.1 200 OK"
HTTP Request: GET https://renewclinic.ru/contacts/ "HTTP/1.1 200 OK"
HTTP Request: GET https://maxxclinic.ru/rekvizity "HTTP/1.1 404 Not Found"
HTTP Request: GET https://maxxclinic.ru/about "HTTP/1.1 404 Not Found"
HTTP Request: GET https://maxxclinic.ru/kontakty "HTTP/1.1 404 Not Found"
HTTP Request: GET https://maxxclinic.ru/privacy "HTTP/1.1 404 Not Found"
HTTP Request: GET https://maxxclinic.ru/o-kompanii "HTTP/1.1 404 Not Found"
HTTP Request: GET https://petrovka-beauty.ru/contacts "HTTP/1.1 200 OK"
HTTP Request: GET https://renewclinic.ru/kontakty "HTTP/1.1 301 Moved Permanently"
HTTP Request: GET https://renewclinic.ru/pravovaya-informatsiya "HTTP/1.1 301 Moved Permanently"
HTTP Request: GET https://renewclinic.ru/docs "HTTP/1.1 301 Moved Permanently"
HTTP Request: GET https://mdclinica.ru/about "HTTP/1.1 200 OK"
HTTP Request: GET https://maxxclinic.ru/o-nas "HTTP/1.1 404 Not Found"
HTTP Request: GET https://maxxclinic.ru/docs "HTTP/1.1 404 Not Found"
HTTP Request: GET https://renewclinic.ru/rekvizity "HTTP/1.1 301 Moved Permanently"
HTTP Request: GET https://renewclinic.ru/o-kompanii "HTTP/1.1 301 Moved Permanently"
HTTP Request: GET https://maxxclinic.ru/policy "HTTP/1.1 404 Not Found"
HTTP Request: GET https://renewclinic.ru/policy "HTTP/1.1 301 Moved Permanently"
HTTP Request: GET https://renewclinic.ru/about "HTTP/1.1 301 Moved Permanently"
HTTP Request: GET https://maxxclinic.ru/pravovaya-informatsiya "HTTP/1.1 404 Not Found"
HTTP Request: GET https://renewclinic.ru/o-nas "HTTP/1.1 301 Moved Permanently"
HTTP Request: GET https://renewclinic.ru/privacy "HTTP/1.1 301 Moved Permanently"
HTTP Request: GET https://www.evolution-clinic.com/ "HTTP/1.1 200 OK"
HTTP Request: GET https://renewclinic.ru/pravovaya-informatsiya/ "HTTP/1.1 404 Not Found"
HTTP Request: GET https://beautymixclinic.ru/ "HTTP/1.1 301 Moved Permanently"
HTTP Request: GET https://mdclinica.ru/privacy "HTTP/1.1 301 Moved Permanently"
HTTP Request: GET https://petrovka-beauty.ru/o-kompanii "HTTP/1.1 404 Not Found"
HTTP Request: GET https://petrovka-beauty.ru/kontakty "HTTP/1.1 404 Not Found"
HTTP Request: GET https://petrovka-beauty.ru/o-nas "HTTP/1.1 404 Not Found"
HTTP Request: GET https://mdclinica.ru/privacy-policy "HTTP/1.1 200 OK"
HTTP Request: GET https://delete.ru/ "HTTP/1.1 200 OK"
HTTP Request: GET https://petrovka-beauty.ru/privacy "HTTP/1.1 404 Not Found"
HTTP Request: GET http://faceclinicmoscow.ru/ "HTTP/1.1 301 Moved Permanently"
HTTP Request: GET https://proffi-terra-piercing.clients.site/ "HTTP/1.1 200 OK"
HTTP Request: GET https://petrovka-beauty.ru/about "HTTP/1.1 200 OK"
HTTP Request: GET https://renewclinic.ru/kontakty/ "HTTP/1.1 404 Not Found"
HTTP Request: GET https://www.beautymixclinic.ru/ "HTTP/1.1 200 OK"
HTTP Request: GET https://proffi-terra-piercing.clients.site/contacts "HTTP/1.1 404 Not Found"
HTTP Request: GET https://petrovka-beauty.ru/pravovaya-informatsiya "HTTP/1.1 404 Not Found"
HTTP Request: GET https://petrovka-beauty.ru/policy "HTTP/1.1 404 Not Found"
HTTP Request: GET https://petrovka-beauty.ru/rekvizity "HTTP/1.1 404 Not Found"
HTTP Request: GET https://beautymixclinic.ru/contacts "HTTP/1.1 301 Moved Permanently"
HTTP Request: GET https://petrovka-beauty.ru/docs "HTTP/1.1 404 Not Found"
HTTP Request: GET https://www.beautymixclinic.ru/contacts "HTTP/1.1 404 Not Found"
HTTP Request: GET https://renewclinic.ru/docs/ "HTTP/1.1 404 Not Found"
HTTP Request: GET https://delete.ru/contacts "HTTP/1.1 404 Not Found"
HTTP Request: GET https://faceclinicmoscow.ru/ "HTTP/1.1 200 OK"
HTTP Request: GET https://proffi-terra-piercing.clients.site/o-nas "HTTP/1.1 404 Not Found"
HTTP Request: GET https://renewclinic.ru/rekvizity/ "HTTP/1.1 404 Not Found"
HTTP Request: GET https://delete.ru/about "HTTP/1.1 404 Not Found"
HTTP Request: GET https://proffi-terra-piercing.clients.site/kontakty "HTTP/1.1 302 Moved temporarily"
HTTP Request: GET https://proffi-terra-piercing.clients.site/policy "HTTP/1.1 404 Not Found"
HTTP Request: GET https://mdclinica.ru/policy "HTTP/1.1 404 Not Found"
HTTP Request: GET https://mdclinica.ru/kontakty "HTTP/1.1 404 Not Found"
HTTP Request: GET https://proffi-terra-piercing.clients.site/showcaptcha?cc=1&form-fb-hint=8.97&mt=B47B91C0101E8D1420D4DC42B9A373D82B5E696C4B15D7495C65B5ECDD167D421A17BAE00820E76E22403265AD85E6CEFCB74398A01DF49AD285044B8F0BD2AC062D81CE0340126F5BB9E497D4591D0C83605B4AB35194A9103EB00932E191F13928A810B27653A03C5AC4ACB2FD57F6E01B43D982655D81766EDA271F9BE30791A3A896B0E9A57791769CEEB1B3C2B27A8FC80FE34F249C84EFD5E8AE14EC9A7CAF9372EE4D771155E45F577C625C45BC01B9FB3C1B23F5AD026999E9D7C5267A1BC33DD8E03A5FD751A66B0B0742757B5872044E9E5753E71DBA52309AB591A0B6C42F5EB9B7294CF92A1DCC8ED59AC03656&retpath=aHR0cHM6Ly9wcm9mZmktdGVycmEtcGllcmNpbmcuY2xpZW50cy5zaXRlL2tvbnRha3R5Pw%2C%2C_105ca39c19055415909a56b34ff09670&t=2%252F1779836195%252F7c4bafb6f007f703d527792055a9d6fe&u=8762320712758341774&s=ae7082aaa21f20b3e758f1bca3400958 "HTTP/1.1 200 Ok"
HTTP Request: GET https://mdclinica.ru/o-nas "HTTP/1.1 404 Not Found"
HTTP Request: GET https://mdclinica.ru/pravovaya-informatsiya "HTTP/1.1 404 Not Found"
HTTP Request: GET https://delete.ru/o-kompanii "HTTP/1.1 404 Not Found"
HTTP Request: GET https://renewclinic.ru/privacy/ "HTTP/1.1 404 Not Found"
HTTP Request: GET https://mdclinica.ru/o-kompanii "HTTP/1.1 404 Not Found"
HTTP Request: GET https://mdclinica.ru/docs "HTTP/1.1 404 Not Found"
HTTP Request: GET https://delete.ru/kontakty "HTTP/1.1 301 Moved Permanently"
HTTP Request: GET https://mdclinica.ru/rekvizity "HTTP/1.1 404 Not Found"
HTTP Request: GET https://delete.ru/o-nas "HTTP/1.1 404 Not Found"
HTTP Request: GET https://delete.ru/kontakty/ "HTTP/1.1 200 OK"
HTTP Request: GET https://delete.ru/policy "HTTP/1.1 404 Not Found"
HTTP Request: GET https://delete.ru/pravovaya-informatsiya "HTTP/1.1 404 Not Found"
HTTP Request: GET https://renewclinic.ru/o-kompanii/ "HTTP/1.1 404 Not Found"
HTTP Request: GET https://delete.ru/docs "HTTP/1.1 404 Not Found"
HTTP Request: GET https://delete.ru/privacy "HTTP/1.1 404 Not Found"
HTTP Request: GET https://delete.ru/rekvizity "HTTP/1.1 404 Not Found"
HTTP Request: GET https://renewclinic.ru/policy/ "HTTP/1.1 404 Not Found"
HTTP Request: GET http://www.clinic-no-va.ru/ "HTTP/1.1 301 Moved Permanently"
HTTP Request: GET http://cimtvector.ru/ "HTTP/1.1 301 Moved Permanently"
HTTP Request: GET http://drbaratova.ru/ "HTTP/1.1 301 Moved Permanently"
HTTP Request: GET https://proffi-terra-piercing.clients.site/about "HTTP/1.1 302 Moved temporarily"
HTTP Request: GET https://proffi-terra-piercing.clients.site/docs "HTTP/1.1 404 Not Found"
HTTP Request: GET https://beautymixclinic.ru/pravovaya-informatsiya "HTTP/1.1 301 Moved Permanently"
HTTP Request: GET https://beautymixclinic.ru/docs "HTTP/1.1 301 Moved Permanently"
HTTP Request: GET https://beautymixclinic.ru/o-nas "HTTP/1.1 301 Moved Permanently"
HTTP Request: GET https://beautymixclinic.ru/rekvizity "HTTP/1.1 301 Moved Permanently"
HTTP Request: GET https://proffi-terra-piercing.clients.site/pravovaya-informatsiya "HTTP/1.1 302 Moved temporarily"
HTTP Request: GET https://proffi-terra-piercing.clients.site/privacy "HTTP/1.1 404 Not Found"
HTTP Request: GET https://beautymixclinic.ru/about "HTTP/1.1 301 Moved Permanently"
HTTP Request: GET https://beautymixclinic.ru/kontakty "HTTP/1.1 301 Moved Permanently"
HTTP Request: GET https://beautymixclinic.ru/privacy "HTTP/1.1 301 Moved Permanently"
HTTP Request: GET https://beautymixclinic.ru/o-kompanii "HTTP/1.1 301 Moved Permanently"
HTTP Request: GET https://beautymixclinic.ru/policy "HTTP/1.1 301 Moved Permanently"
HTTP Request: GET https://renewclinic.ru/about/ "HTTP/1.1 404 Not Found"
HTTP Request: GET https://proffi-terra-piercing.clients.site/rekvizity "HTTP/1.1 302 Moved temporarily"
HTTP Request: GET https://proffi-terra-piercing.clients.site/o-kompanii "HTTP/1.1 404 Not Found"
HTTP Request: GET https://proffi-terra-piercing.clients.site/showcaptcha?cc=1&form-fb-hint=8.97&mt=B0BF2793D68AB89FF52749851C8BDFF5727D2ED880B8D7EC879509CD6AEAE73446566B4F88CEEF0F4F3317ABDD90C7DE5AF86C1720F8A8D6601C1D6C806F6162E544B1D2C303CB31DD296BAAB812CBF1568F6EA478D9839E7F7D5BC841B06603F82E7FF04A473FDAEAF796FB4EC53F3CB625DC0D4E12821F7FBAB17DEFF765596B2E09452034569F0D4E21C21EBB81649158E3EEF997168443803574D94167100A29D8D09BC4B9BF7B330821B9AC2E76506D05746FC7982EF5B461756CF27462935AC152825519967C9B23E762EF453321E3C717FD71DFF0536C7D042DC4F14D77109384738047F9AA2BF8C4A02BAD6744BE73&retpath=aHR0cHM6Ly9wcm9mZmktdGVycmEtcGllcmNpbmcuY2xpZW50cy5zaXRlL3ByYXZvdmF5YS1pbmZvcm1hdHNpeWE__848d5baa6930ff9e783fa8d4a423613c&t=2%252F1779836197%252F5939260bd8bad32acd063f159848e8d7&u=8762320903213297909&s=481f094752c1207c50988bf39aeb3012 "HTTP/1.1 200 Ok"
HTTP Request: GET https://www.beautymixclinic.ru/pravovaya-informatsiya "HTTP/1.1 404 Not Found"
HTTP Request: GET https://proffi-terra-piercing.clients.site/showcaptcha?cc=1&form-fb-hint=8.97&mt=D4BED0FDDF1FFC16EA8B2F94CC397BFF78EC0F8F1D901C31A2CA6C1BB5DD49D2AD6F616E1B36CAE15A9972F86E0316FD5E1CBD432F333784089BFDE8E28990DA2D97F7B2B518865BAC399EB7F15FB36805DF4445F4F2E9DB69614C92F78BEC409ADB32DE3FE2CF2BC7238D11FA6E684F9CCC116A18816E8C1F72B5FA359F7AD52A120ACB27E986E884AE0CB1226E2F60F24AD33CC52B27A8F269FE99ADC7055D5D9202E80FC2CD6512FA6B4935EBB679E7AB6A37296DFEDABECFA74B564D4789186E8B64970D97EFCEDC8C9AC2B635CCD9425844798F8D7C1EB20EA41B3FC1CFA85307C9056B9BF74583E79E2519A6F4954230&retpath=aHR0cHM6Ly9wcm9mZmktdGVycmEtcGllcmNpbmcuY2xpZW50cy5zaXRlL2Fib3V0Pw%2C%2C_9cfc6ae79a1a043d8199ba660b91e68c&t=2%252F1779836197%252F873d62d4e0d52b3337b8bfcc4b574ab8&u=8762320900260507807&s=6e0f2c8e5d63cc38bdbe1a1e9b1a9e8d "HTTP/1.1 200 Ok"
HTTP Request: GET https://www.medestetik.ru/ "HTTP/1.1 200 OK"
HTTP Request: GET https://proffi-terra-piercing.clients.site/showcaptcha?cc=1&form-fb-hint=8.97&mt=D7932D32905B36304B70C6209625337045BFBC7CC60810C60057816941478D263EEA4FF1ECDF8C1A23833DDC5B8D82C6A3458A8CA439CC41EC3170897127450C1965C095A572016C7A318AEFB6998E1AEEB4902CCF7B5FFC175EC40163C8BDFADC5391477CA3A8CD2DB94AABB4500DEC61F47C140564DED43221A592AED7404C8AF59BE79DA3CF37E6C8CC8A0A6BF5651DBFAA01992BE039EF3536C92DEC4371C58D0B49ADA7464DAA8F81CEA59EA9026F902C37E7A7439E923D5D2A3F2F090CC713000B9FCFFAA510491A3CBF9079EFC897EBD6225238808B4860BC80D1B136F6DEDD9F1AAC26226E6EB7DA4A9F0E603EE398&retpath=aHR0cHM6Ly9wcm9mZmktdGVycmEtcGllcmNpbmcuY2xpZW50cy5zaXRlL3Jla3Zpeml0eT8%2C_235f0402d2dba99c9ade97f1481cc195&t=2%252F1779836197%252Fb8cf629c932ad03112abf5ec062bf391&u=8762320910461055137&s=450da9e6230098be930aa69babd3d791 "HTTP/1.1 200 Ok"
HTTP Request: GET https://www.clinic-no-va.ru/ "HTTP/1.1 200 OK"
HTTP Request: GET https://cimtvector.ru/ "HTTP/1.1 200 OK"
HTTP Request: GET https://www.medestetik.ru/contacts "HTTP/1.1 301 Moved Permanently"
HTTP Request: GET https://renewclinic.ru/o-nas/ "HTTP/1.1 404 Not Found"
HTTP Request: GET http://www.clinic-no-va.ru/contacts "HTTP/1.1 301 Moved Permanently"
HTTP Request: GET https://www.medestetik.ru/o-nas "HTTP/1.1 404 Not Found"
HTTP Request: GET https://drbaratova.ru/ "HTTP/1.1 200 OK"
HTTP Request: GET http://www.clinic-no-va.ru/o-kompanii "HTTP/1.1 301 Moved Permanently"
HTTP Request: GET http://www.clinic-no-va.ru/kontakty "HTTP/1.1 301 Moved Permanently"
HTTP Request: GET https://www.clinic-no-va.ru/contacts "HTTP/1.1 302 Found"
HTTP Request: GET http://drbaratova.ru/contacts "HTTP/1.1 301 Moved Permanently"
HTTP Request: GET https://www.beautymixclinic.ru/kontakty "HTTP/1.1 200 OK"
HTTP Request: GET https://www.beautymixclinic.ru/o-nas "HTTP/1.1 404 Not Found"
HTTP Request: GET https://www.beautymixclinic.ru/rekvizity "HTTP/1.1 404 Not Found"
HTTP Request: GET https://www.beautymixclinic.ru/policy "HTTP/1.1 404 Not Found"
HTTP Request: GET https://www.beautymixclinic.ru/docs "HTTP/1.1 404 Not Found"
HTTP Request: GET https://www.beautymixclinic.ru/privacy "HTTP/1.1 200 OK"
HTTP Request: GET https://www.beautymixclinic.ru/about "HTTP/1.1 404 Not Found"
HTTP Request: GET https://www.beautymixclinic.ru/o-kompanii "HTTP/1.1 404 Not Found"
HTTP Request: GET http://www.clinic-no-va.ru/about "HTTP/1.1 301 Moved Permanently"
HTTP Request: GET http://www.clinic-no-va.ru/o-nas "HTTP/1.1 301 Moved Permanently"
HTTP Request: GET https://www.medestetik.ru/about "HTTP/1.1 301 Moved Permanently"
HTTP Request: GET http://www.clinic-no-va.ru/privacy "HTTP/1.1 301 Moved Permanently"
HTTP Request: GET https://www.medestetik.ru/o-kompanii "HTTP/1.1 404 Not Found"
HTTP Request: GET http://www.clinic-no-va.ru/policy "HTTP/1.1 301 Moved Permanently"
HTTP Request: GET https://www.medestetik.ru/kontakty "HTTP/1.1 404 Not Found"
HTTP Request: GET http://www.clinic-no-va.ru/docs "HTTP/1.1 301 Moved Permanently"
HTTP Request: GET http://www.clinic-no-va.ru/rekvizity "HTTP/1.1 301 Moved Permanently"
HTTP Request: GET http://www.clinic-no-va.ru/pravovaya-informatsiya "HTTP/1.1 301 Moved Permanently"
HTTP Request: GET http://drbaratova.ru/kontakty "HTTP/1.1 301 Moved Permanently"
HTTP Request: GET https://drbaratova.ru/contacts "HTTP/1.1 404 Not Found"
HTTP Request: GET https://www.clinic-no-va.ru/privacy "HTTP/1.1 302 Found"
HTTP Request: GET https://www.medestetik.ru/about/ "HTTP/1.1 200 OK"
HTTP Request: GET http://drbaratova.ru/o-kompanii "HTTP/1.1 301 Moved Permanently"
HTTP Request: GET http://drbaratova.ru/about "HTTP/1.1 301 Moved Permanently"
HTTP Request: GET http://drbaratova.ru/o-nas "HTTP/1.1 301 Moved Permanently"
HTTP Request: GET http://drbaratova.ru/privacy "HTTP/1.1 301 Moved Permanently"
HTTP Request: GET http://drbaratova.ru/policy "HTTP/1.1 301 Moved Permanently"
HTTP Request: GET http://drbaratova.ru/docs "HTTP/1.1 301 Moved Permanently"
HTTP Request: GET http://drbaratova.ru/pravovaya-informatsiya "HTTP/1.1 301 Moved Permanently"
HTTP Request: GET http://drbaratova.ru/rekvizity "HTTP/1.1 301 Moved Permanently"
HTTP Request: GET http://www.s-lux.ru/ "HTTP/1.1 301 Moved Permanently"
HTTP Request: GET https://www.clinic-no-va.ru/kontakty "HTTP/1.1 302 Found"
HTTP Request: GET https://www.medestetik.ru/privacy "HTTP/1.1 404 Not Found"
HTTP Request: GET https://spacefor.ru/ "HTTP/1.1 200 OK"
HTTP Request: GET https://www.medestetik.ru/policy "HTTP/1.1 404 Not Found"
HTTP Request: GET https://www.medestetik.ru/docs "HTTP/1.1 404 Not Found"
HTTP Request: GET https://www.medestetik.ru/pravovaya-informatsiya "HTTP/1.1 404 Not Found"
HTTP Request: GET https://www.medestetik.ru/rekvizity "HTTP/1.1 404 Not Found"
HTTP Request: GET https://www.medestetik.ru/contacts/ "HTTP/1.1 200 OK"
HTTP Request: GET https://www.clinic-no-va.ru/o-kompanii "HTTP/1.1 302 Found"
HTTP Request: GET http://revital-cl.ru/ "HTTP/1.1 301 Moved Permanently"
HTTP Request: GET https://xn----etbfcnjeehtcbrpdjjl7rmb.xn--p1ai/o-nas "HTTP/1.1 404 Not Found"
HTTP Request: GET https://clinic-no-va.ru/ "HTTP/1.1 200 OK"
HTTP Request: GET https://www.clinic-no-va.ru/policy "HTTP/1.1 302 Found"
HTTP Request: GET https://www.clinic-no-va.ru/pravovaya-informatsiya "HTTP/1.1 302 Found"
HTTP Request: GET https://www.clinic-no-va.ru/o-nas "HTTP/1.1 302 Found"
HTTP Request: GET https://www.clinic-no-va.ru/docs "HTTP/1.1 302 Found"
HTTP Request: GET https://darmed-clinic.ru/ "HTTP/1.1 200 OK"
HTTP Request: GET https://www.clinic-no-va.ru/about "HTTP/1.1 302 Found"
HTTP Request: GET https://drbaratova.ru/o-kompanii "HTTP/1.1 404 Not Found"
HTTP Request: GET https://spacefor.ru/contacts "HTTP/1.1 200 OK"
HTTP Request: GET https://drbaratova.ru/kontakty "HTTP/1.1 301 Moved Permanently"
HTTP Request: GET https://www.clinic-no-va.ru/rekvizity "HTTP/1.1 302 Found"
HTTP Request: GET https://darmed-clinic.ru/contacts "HTTP/1.1 301 Moved Permanently"
HTTP Request: GET https://clinic-no-va.ru/ "HTTP/1.1 200 OK"
HTTP Request: GET https://darmed-clinic.ru/contacts/ "HTTP/1.1 404 Not Found"
HTTP Request: GET https://clinic-no-va.ru/ "HTTP/1.1 200 OK"
HTTP Request: GET https://drbaratova.ru/kontakty/ "HTTP/1.1 200 OK"
HTTP Request: GET https://clinic-no-va.ru/ "HTTP/1.1 200 OK"
HTTP Request: GET https://xn----etbfcnjeehtcbrpdjjl7rmb.xn--p1ai/contacts "HTTP/1.1 404 Not Found"
HTTP Request: GET https://xn----etbfcnjeehtcbrpdjjl7rmb.xn--p1ai/o-kompanii "HTTP/1.1 404 Not Found"
HTTP Request: GET https://www.s-lux.ru/ "HTTP/1.1 200 OK"
HTTP Request: GET https://drbaratova.ru/policy "HTTP/1.1 301 Moved Permanently"
HTTP Request: GET https://drbaratova.ru/privacy "HTTP/1.1 404 Not Found"
HTTP Request: GET https://drbaratova.ru/rekvizity "HTTP/1.1 404 Not Found"
HTTP Request: GET https://drbaratova.ru/o-nas "HTTP/1.1 404 Not Found"
HTTP Request: GET http://www.s-lux.ru/contacts "HTTP/1.1 301 Moved Permanently"
HTTP Request: GET https://drbaratova.ru/pravovaya-informatsiya "HTTP/1.1 404 Not Found"
HTTP Request: GET https://drbaratova.ru/docs "HTTP/1.1 404 Not Found"
HTTP Request: GET https://www.s-lux.ru/contacts "HTTP/1.1 301 Moved Permanently"
HTTP Request: GET https://drbaratova.ru/about "HTTP/1.1 404 Not Found"
HTTP Request: GET https://drbaratova.ru/policy/ "HTTP/1.1 200 OK"
HTTP Request: GET https://www.s-lux.ru/contacts/ "HTTP/1.1 404 Not Found"
HTTP Request: GET https://xn----etbfcnjeehtcbrpdjjl7rmb.xn--p1ai/pravovaya-informatsiya "HTTP/1.1 404 Not Found"
HTTP Request: GET https://xn----etbfcnjeehtcbrpdjjl7rmb.xn--p1ai/kontakty "HTTP/1.1 404 Not Found"
HTTP Request: GET https://www.revital-cl.ru/ "HTTP/1.1 200 OK"
HTTP Request: GET https://spacefor.ru/about "HTTP/1.1 404 Not Found"
HTTP Request: GET https://clinic-no-va.ru/ "HTTP/1.1 200 OK"
HTTP Request: GET https://darmed-clinic.ru/kontakty "HTTP/1.1 301 Moved Permanently"
HTTP Request: GET https://clinic-no-va.ru/ "HTTP/1.1 200 OK"
HTTP Request: GET https://clinic-no-va.ru/ "HTTP/1.1 200 OK"
HTTP Request: GET https://darmed-clinic.ru/o-kompanii "HTTP/1.1 301 Moved Permanently"
HTTP Request: GET https://clinic-no-va.ru/ "HTTP/1.1 200 OK"
HTTP Request: GET https://clinic-no-va.ru/ "HTTP/1.1 200 OK"
HTTP Request: GET https://darmed-clinic.ru/about "HTTP/1.1 301 Moved Permanently"
HTTP Request: GET https://darmed-clinic.ru/o-nas "HTTP/1.1 301 Moved Permanently"
HTTP Request: GET https://spacefor.ru/o-kompanii "HTTP/1.1 404 Not Found"
HTTP Request: GET https://spacefor.ru/pravovaya-informatsiya "HTTP/1.1 404 Not Found"
HTTP Request: GET http://revital-cl.ru/contacts "HTTP/1.1 301 Moved Permanently"
HTTP Request: GET https://spacefor.ru/docs "HTTP/1.1 404 Not Found"
HTTP Request: GET https://spacefor.ru/privacy "HTTP/1.1 404 Not Found"
HTTP Request: GET https://darmed-clinic.ru/o-kompanii/ "HTTP/1.1 404 Not Found"
HTTP Request: GET https://darmed-clinic.ru/o-nas/ "HTTP/1.1 404 Not Found"
HTTP Request: GET https://spacefor.ru/o-nas "HTTP/1.1 404 Not Found"
HTTP Request: GET https://www.revital-cl.ru/contacts "HTTP/1.1 404 Not Found"
HTTP Request: GET https://darmed-clinic.ru/kontakty/ "HTTP/1.1 404 Not Found"
HTTP Request: GET https://darmed-clinic.ru/about/ "HTTP/1.1 404 Not Found"
HTTP Request: GET https://xn----etbfcnjeehtcbrpdjjl7rmb.xn--p1ai/rekvizity "HTTP/1.1 404 Not Found"
HTTP Request: GET https://spacefor.ru/kontakty "HTTP/1.1 404 Not Found"
HTTP Request: GET https://spacefor.ru/rekvizity "HTTP/1.1 404 Not Found"
HTTP Request: GET https://spacefor.ru/policy "HTTP/1.1 404 Not Found"
HTTP Request: GET https://xn----etbfcnjeehtcbrpdjjl7rmb.xn--p1ai/policy "HTTP/1.1 404 Not Found"
HTTP Request: GET https://xn----etbfcnjeehtcbrpdjjl7rmb.xn--p1ai/docs "HTTP/1.1 404 Not Found"
HTTP Request: GET http://www.s-lux.ru/about "HTTP/1.1 301 Moved Permanently"
HTTP Request: GET http://www.s-lux.ru/o-kompanii "HTTP/1.1 301 Moved Permanently"
HTTP Request: GET http://www.s-lux.ru/kontakty "HTTP/1.1 301 Moved Permanently"
HTTP Request: GET https://www.s-lux.ru/about "HTTP/1.1 301 Moved Permanently"
HTTP Request: GET https://darmed-clinic.ru/rekvizity "HTTP/1.1 301 Moved Permanently"
HTTP Request: GET https://clinic-no-va.ru/ "HTTP/1.1 200 OK"
HTTP Request: GET https://darmed-clinic.ru/privacy "HTTP/1.1 301 Moved Permanently"
HTTP Request: GET https://darmed-clinic.ru/docs "HTTP/1.1 301 Moved Permanently"
HTTP Request: GET https://darmed-clinic.ru/pravovaya-informatsiya "HTTP/1.1 301 Moved Permanently"
HTTP Request: GET https://darmed-clinic.ru/policy "HTTP/1.1 301 Moved Permanently"
HTTP Request: GET https://medsi.ru/ "HTTP/1.1 200 OK"
HTTP Request: GET https://www.s-lux.ru/about/ "HTTP/1.1 404 Not Found"
HTTP Request: GET https://darmed-clinic.ru/rekvizity/ "HTTP/1.1 404 Not Found"
HTTP Request: GET https://xn----etbfcnjeehtcbrpdjjl7rmb.xn--p1ai/about "HTTP/1.1 404 Not Found"
HTTP Request: GET http://www.s-lux.ru/docs "HTTP/1.1 301 Moved Permanently"
HTTP Request: GET http://www.s-lux.ru/policy "HTTP/1.1 301 Moved Permanently"
HTTP Request: GET http://www.s-lux.ru/o-nas "HTTP/1.1 301 Moved Permanently"
HTTP Request: GET https://darmed-clinic.ru/policy/ "HTTP/1.1 200 OK"
HTTP Request: GET http://revital-cl.ru/o-nas "HTTP/1.1 301 Moved Permanently"
HTTP Request: GET http://revital-cl.ru/o-kompanii "HTTP/1.1 301 Moved Permanently"
HTTP Request: GET http://revital-cl.ru/rekvizity "HTTP/1.1 301 Moved Permanently"
HTTP Request: GET http://revital-cl.ru/docs "HTTP/1.1 301 Moved Permanently"
HTTP Request: GET http://revital-cl.ru/kontakty "HTTP/1.1 301 Moved Permanently"
HTTP Request: GET http://revital-cl.ru/privacy "HTTP/1.1 301 Moved Permanently"
HTTP Request: GET http://revital-cl.ru/pravovaya-informatsiya "HTTP/1.1 301 Moved Permanently"
HTTP Request: GET http://revital-cl.ru/policy "HTTP/1.1 301 Moved Permanently"
HTTP Request: GET http://www.s-lux.ru/rekvizity "HTTP/1.1 301 Moved Permanently"
HTTP Request: GET http://www.s-lux.ru/pravovaya-informatsiya "HTTP/1.1 301 Moved Permanently"
HTTP Request: GET http://www.s-lux.ru/privacy "HTTP/1.1 301 Moved Permanently"
HTTP Request: GET https://darmed-clinic.ru/privacy/ "HTTP/1.1 404 Not Found"
HTTP Request: GET http://revital-cl.ru/about "HTTP/1.1 301 Moved Permanently"
HTTP Request: GET https://darmed-clinic.ru/docs/ "HTTP/1.1 404 Not Found"
HTTP Request: GET https://www.s-lux.ru/docs "HTTP/1.1 301 Moved Permanently"
HTTP Request: GET https://medsi.ru/contacts "HTTP/1.1 404 Not Found"
HTTP Request: GET https://darmed-clinic.ru/pravovaya-informatsiya/ "HTTP/1.1 404 Not Found"
HTTP Request: GET https://www.sm-estetica.ru/ "HTTP/1.1 401 Unauthorized"
HTTP Request: GET https://www.revital-cl.ru/o-nas "HTTP/1.1 404 Not Found"
HTTP Request: GET https://xn----etbfcnjeehtcbrpdjjl7rmb.xn--p1ai/privacy "HTTP/1.1 404 Not Found"
HTTP Request: GET https://www.sm-estetica.ru/contacts "HTTP/1.1 401 Unauthorized"
HTTP Request: GET https://www.s-lux.ru/kontakty "HTTP/1.1 301 Moved Permanently"
HTTP Request: GET https://www.s-lux.ru/o-kompanii "HTTP/1.1 301 Moved Permanently"
HTTP Request: GET https://www.s-lux.ru/docs/ "HTTP/1.1 404 Not Found"
HTTP Request: GET https://medsi.ru/about "HTTP/1.1 301 Moved Permanently"
HTTP Request: GET https://www.s-lux.ru/kontakty/ "HTTP/1.1 404 Not Found"
HTTP Request: GET https://www.s-lux.ru/o-kompanii/ "HTTP/1.1 404 Not Found"
HTTP Request: GET https://medsi.ru/docs "HTTP/1.1 404 Not Found"
HTTP Request: GET https://medsi.ru/o-nas "HTTP/1.1 404 Not Found"
HTTP Request: GET https://medsi.ru/policy "HTTP/1.1 404 Not Found"
HTTP Request: GET https://www.revital-cl.ru/pravovaya-informatsiya "HTTP/1.1 404 Not Found"
HTTP Request: GET https://medsi.ru/kontakty "HTTP/1.1 404 Not Found"
HTTP Request: GET https://www.revital-cl.ru/rekvizity "HTTP/1.1 404 Not Found"
HTTP Request: GET https://www.sm-estetica.ru/o-kompanii "HTTP/1.1 401 Unauthorized"
HTTP Request: GET https://medsi.ru/pravovaya-informatsiya "HTTP/1.1 404 Not Found"
HTTP Request: GET https://www.sm-estetica.ru/o-nas "HTTP/1.1 401 Unauthorized"
HTTP Request: GET https://www.revital-cl.ru/policy "HTTP/1.1 404 Not Found"
HTTP Request: GET https://www.revital-cl.ru/o-kompanii "HTTP/1.1 404 Not Found"
HTTP Request: GET https://www.sm-estetica.ru/pravovaya-informatsiya "HTTP/1.1 401 Unauthorized"
HTTP Request: GET https://www.revital-cl.ru/docs "HTTP/1.1 404 Not Found"
HTTP Request: GET https://www.sm-estetica.ru/about "HTTP/1.1 401 Unauthorized"
HTTP Request: GET https://medsi.ru/o-kompanii "HTTP/1.1 404 Not Found"
HTTP Request: GET https://medsi.ru/privacy "HTTP/1.1 404 Not Found"
HTTP Request: GET https://www.sm-estetica.ru/privacy "HTTP/1.1 401 Unauthorized"
HTTP Request: GET https://www.revital-cl.ru/about "HTTP/1.1 404 Not Found"
HTTP Request: GET https://www.sm-estetica.ru/kontakty "HTTP/1.1 401 Unauthorized"
HTTP Request: GET https://www.revital-cl.ru/kontakty "HTTP/1.1 200 OK"
HTTP Request: GET https://medsi.ru/rekvizity "HTTP/1.1 404 Not Found"
HTTP Request: GET https://www.revital-cl.ru/privacy "HTTP/1.1 404 Not Found"
HTTP Request: GET https://www.sm-estetica.ru/policy "HTTP/1.1 401 Unauthorized"
HTTP Request: GET https://medsi.ru/about/ "HTTP/1.1 200 OK"
HTTP Request: GET https://www.s-lux.ru/privacy "HTTP/1.1 301 Moved Permanently"
HTTP Request: GET https://www.s-lux.ru/rekvizity "HTTP/1.1 301 Moved Permanently"
HTTP Request: GET https://www.s-lux.ru/pravovaya-informatsiya "HTTP/1.1 301 Moved Permanently"
HTTP Request: GET https://www.s-lux.ru/policy "HTTP/1.1 301 Moved Permanently"
HTTP Request: GET https://www.s-lux.ru/o-nas "HTTP/1.1 301 Moved Permanently"
HTTP Request: GET https://denasmag.ru/ "HTTP/1.1 200 OK"
HTTP Request: GET https://www.s-lux.ru/rekvizity/ "HTTP/1.1 404 Not Found"
HTTP Request: GET https://www.s-lux.ru/privacy/ "HTTP/1.1 404 Not Found"
HTTP Request: GET https://www.s-lux.ru/pravovaya-informatsiya/ "HTTP/1.1 404 Not Found"
HTTP Request: GET https://www.s-lux.ru/policy/ "HTTP/1.1 404 Not Found"
HTTP Request: GET https://www.s-lux.ru/o-nas/ "HTTP/1.1 404 Not Found"
HTTP Request: GET https://www.sm-estetica.ru/docs "HTTP/1.1 401 Unauthorized"
HTTP Request: GET https://www.sm-estetica.ru/rekvizity "HTTP/1.1 401 Unauthorized"
HTTP Request: GET https://denasmag.ru/contacts "HTTP/1.1 301 Moved Permanently"
HTTP Request: GET https://denasmag.ru/o-nas "HTTP/1.1 301 Moved Permanently"
HTTP Request: GET https://denasmag.ru/policy "HTTP/1.1 301 Moved Permanently"
HTTP Request: GET https://denasmag.ru/kontakty "HTTP/1.1 301 Moved Permanently"
HTTP Request: GET https://denasmag.ru/o-kompanii "HTTP/1.1 301 Moved Permanently"
HTTP Request: GET https://denasmag.ru/about "HTTP/1.1 301 Moved Permanently"
HTTP Request: GET https://denasmag.ru/docs "HTTP/1.1 301 Moved Permanently"
HTTP Request: GET https://denasmag.ru/privacy "HTTP/1.1 301 Moved Permanently"
HTTP Request: GET https://denasmag.ru/pravovaya-informatsiya "HTTP/1.1 301 Moved Permanently"
HTTP Request: GET https://denasmag.ru/rekvizity "HTTP/1.1 301 Moved Permanently"
HTTP Request: GET https://denasmag.ru/contacts/ "HTTP/1.1 404 Not Found"
HTTP Request: GET https://denasmag.ru/policy/ "HTTP/1.1 404 Not Found"
HTTP Request: GET https://denasmag.ru/o-nas/ "HTTP/1.1 404 Not Found"
HTTP Request: GET https://denasmag.ru/about/ "HTTP/1.1 404 Not Found"
HTTP Request: GET https://denasmag.ru/kontakty/ "HTTP/1.1 200 OK"
HTTP Request: GET https://denasmag.ru/privacy/ "HTTP/1.1 404 Not Found"
HTTP Request: GET https://denasmag.ru/pravovaya-informatsiya/ "HTTP/1.1 404 Not Found"
HTTP Request: GET https://denasmag.ru/o-kompanii/ "HTTP/1.1 404 Not Found"
HTTP Request: GET https://denasmag.ru/rekvizity/ "HTTP/1.1 404 Not Found"
HTTP Request: GET https://denasmag.ru/docs/ "HTTP/1.1 404 Not Found"
_enrich_gm_via_inn: INN found for 18/50 candidates
HTTP Request: GET https://www.rusprofile.ru/search?query=%D0%9A%D0%BB%D0%B8%D0%BD%D0%B8%D0%BA%D0%B0%20%D0%BC%D0%B5%D0%B4%D0%B8%D1%86%D0%B8%D0%BD%D1%81%D0%BA%D0%BE%D0%B9%20%D0%BA%D0%BE%D1%81%D0%BC%D0%B5%D1%82%D0%BE%D0%BB%D0%BE%D0%B3%D0%B8%D0%B8%20Vitaderm "HTTP/1.1 200 OK"
HTTP Request: GET https://www.rusprofile.ru/search?query=%D0%BC%D0%B5%D0%B4%D0%B8%D1%86%D0%B8%D0%BD%D1%81%D0%BA%D0%BE%D0%B9%20%D0%BA%D0%BE%D1%81%D0%BC%D0%B5%D1%82%D0%BE%D0%BB%D0%BE%D0%B3%D0%B8%D0%B8%20Vitaderm "HTTP/1.1 200 OK"
HTTP Request: GET https://www.rusprofile.ru/search?query=%D0%BA%D0%BE%D1%81%D0%BC%D0%B5%D1%82%D0%BE%D0%BB%D0%BE%D0%B3%D0%B8%D0%B8%20Vitaderm "HTTP/1.1 200 OK"
HTTP Request: GET https://www.rusprofile.ru/search?query=%D0%BA%D0%BE%D1%81%D0%BC%D0%B5%D1%82%D0%BE%D0%BB%D0%BE%D0%B3%D0%B8%D0%B8 "HTTP/1.1 303 See Other"
HTTP Request: GET https://www.rusprofile.ru/search?query=%D0%BA%D0%BE%D1%81%D0%BC%D0%B5%D1%82%D0%BE%D0%BB%D0%BE%D0%B3%D0%B8%D0%B8&type=ul "HTTP/1.1 200 OK"
rusprofile search: matched 'Клиника медицинской косметологии Vitaderm' → 'ООО "Клиника Медицинской Косметологии "Изабелла"' (INN 3444081543, score=0.60, query='косметологии')
HTTP Request: GET https://www.rusprofile.ru/search?query=%D0%9C%D0%BE%D1%81%D0%BA%D0%BE%D0%B2%D1%81%D0%BA%D0%B8%D0%B9%20%D0%BD%D0%B0%D1%83%D1%87%D0%BD%D0%BE-%D0%BF%D1%80%D0%B0%D0%BA%D1%82%D0%B8%D1%87%D0%B5%D1%81%D0%BA%D0%B8%D0%B9%20%D1%86%D0%B5%D0%BD%D1%82%D1%80%20%D0%B4%D0%B5%D1%80%D0%BC%D0%B0%D1%82%D0%BE%D0%B2%D0%B5%D0%BD%D0%B5%D1%80%D0%BE%D0%BB%D0%BE%D0%B3%D0%B8%D0%B8%20%D0%B8%20%D0%BA%D0%BE%D1%81%D0%BC%D0%B5%D1%82%D0%BE%D0%BB%D0%BE%D0%B3%D0%B8%D0%B8%20%D0%B4%D0%B5%D0%BF%D0%B0%D1%80%D1%82%D0%B0%D0%BC%D0%B5%D0%BD%D1%82%D0%B0%20%D0%B7%D0%B4%D1%80%D0%B0%D0%B2%D0%BE%D0%BE%D1%85%D1%80%D0%B0%D0%BD%D0%B5%D0%BD%D0%B8%D1%8F%20%D0%B3 "HTTP/1.1 303 See Other"
HTTP Request: GET https://www.rusprofile.ru/search?query=%D0%9C%D0%BE%D1%81%D0%BA%D0%BE%D0%B2%D1%81%D0%BA%D0%B8%D0%B9+%D0%BD%D0%B0%D1%83%D1%87%D0%BD%D0%BE-%D0%BF%D1%80%D0%B0%D0%BA%D1%82%D0%B8%D1%87%D0%B5%D1%81%D0%BA%D0%B8%D0%B9+%D1%86%D0%B5%D0%BD%D1%82%D1%80+%D0%B4%D0%B5%D1%80%D0%BC%D0%B0%D1%82%D0%BE%D0%B2%D0%B5%D0%BD%D0%B5%D1%80%D0%BE%D0%BB%D0%BE%D0%B3%D0%B8%D0%B8+%D0%B8+%D0%BA%D0%BE%D1%81%D0%BC%D0%B5%D1%82%D0%BE%D0%BB%D0%BE%D0%B3%D0%B8%D0%B8+%D0%B4%D0%B5%D0%BF%D0%B0%D1%80%D1%82%D0%B0%D0%BC%D0%B5%D0%BD%D1%82%D0%B0+%D0%B7%D0%B4%D1%80%D0%B0%D0%B2%D0%BE%D0%BE%D1%85%D1%80%D0%B0%D0%BD%D0%B5%D0%BD%D0%B8%D1%8F+%D0%B3&type=ul "HTTP/1.1 200 OK"
HTTP Request: GET https://www.rusprofile.ru/search?query=%D0%B4%D0%B5%D0%BF%D0%B0%D1%80%D1%82%D0%B0%D0%BC%D0%B5%D0%BD%D1%82%D0%B0%20%D0%B7%D0%B4%D1%80%D0%B0%D0%B2%D0%BE%D0%BE%D1%85%D1%80%D0%B0%D0%BD%D0%B5%D0%BD%D0%B8%D1%8F%20%D0%B3 "HTTP/1.1 303 See Other"
HTTP Request: GET https://www.rusprofile.ru/search?query=%D0%B4%D0%B5%D0%BF%D0%B0%D1%80%D1%82%D0%B0%D0%BC%D0%B5%D0%BD%D1%82%D0%B0+%D0%B7%D0%B4%D1%80%D0%B0%D0%B2%D0%BE%D0%BE%D1%85%D1%80%D0%B0%D0%BD%D0%B5%D0%BD%D0%B8%D1%8F+%D0%B3&type=ul "HTTP/1.1 200 OK"
HTTP Request: GET https://www.rusprofile.ru/search?query=%D0%B7%D0%B4%D1%80%D0%B0%D0%B2%D0%BE%D0%BE%D1%85%D1%80%D0%B0%D0%BD%D0%B5%D0%BD%D0%B8%D1%8F%20%D0%B3 "HTTP/1.1 303 See Other"
HTTP Request: GET https://www.rusprofile.ru/search?query=%D0%B7%D0%B4%D1%80%D0%B0%D0%B2%D0%BE%D0%BE%D1%85%D1%80%D0%B0%D0%BD%D0%B5%D0%BD%D0%B8%D1%8F+%D0%B3&type=ul "HTTP/1.1 200 OK"
HTTP Request: GET https://www.rusprofile.ru/search?query=%D0%BD%D0%B0%D1%83%D1%87%D0%BD%D0%BE-%D0%BF%D1%80%D0%B0%D0%BA%D1%82%D0%B8%D1%87%D0%B5%D1%81%D0%BA%D0%B8%D0%B9 "HTTP/1.1 303 See Other"
HTTP Request: GET https://www.rusprofile.ru/search?query=%D0%BD%D0%B0%D1%83%D1%87%D0%BD%D0%BE-%D0%BF%D1%80%D0%B0%D0%BA%D1%82%D0%B8%D1%87%D0%B5%D1%81%D0%BA%D0%B8%D0%B9&type=ul "HTTP/1.1 200 OK"
rusprofile search: matched 'Московский научно-практический центр дерматовенерологии и косметологии департамента здравоохранения г' → 'ГОСУДАРСТВЕННОЕ БЮДЖЕТНОЕ УЧРЕЖДЕНИЕ ЗДРАВООХРАНЕН' (INN 7725034169, score=0.58, query='научно-практический')
HTTP Request: GET https://www.rusprofile.ru/search?query=%D0%AD%D0%BB%D0%B0%D0%B9%D1%84 "HTTP/1.1 303 See Other"
HTTP Request: GET https://www.rusprofile.ru/search?query=%D0%AD%D0%BB%D0%B0%D0%B9%D1%84&type=ul "HTTP/1.1 200 OK"
HTTP Request: GET https://www.rusprofile.ru/search?query=%D0%AD%D0%BB%D0%B0%D0%B9%D1%84 "HTTP/1.1 303 See Other"
HTTP Request: GET https://www.rusprofile.ru/search?query=%D0%AD%D0%BB%D0%B0%D0%B9%D1%84&type=ul "HTTP/1.1 200 OK"
rusprofile search: matched 'Элайф' → 'ООО "Элайф"' (INN 5501273953, score=0.50, query='Элайф')
HTTP Request: GET https://www.rusprofile.ru/search?query=%D0%9A%D0%BB%D0%B8%D0%BD%D0%B8%D0%BA%D0%B0%20ELEVANS%20%D0%95%D0%BB%D0%B5%D0%BD%D1%8B%20%D0%98%D0%BB%D1%8C%D1%87%D1%83%D0%BA "HTTP/1.1 200 OK"
HTTP Request: GET https://www.rusprofile.ru/search?query=ELEVANS%20%D0%95%D0%BB%D0%B5%D0%BD%D1%8B%20%D0%98%D0%BB%D1%8C%D1%87%D1%83%D0%BA "HTTP/1.1 200 OK"
HTTP Request: GET https://www.rusprofile.ru/search?query=%D0%95%D0%BB%D0%B5%D0%BD%D1%8B%20%D0%98%D0%BB%D1%8C%D1%87%D1%83%D0%BA "HTTP/1.1 200 OK"
HTTP Request: GET https://www.rusprofile.ru/search?query=ELEVANS "HTTP/1.1 200 OK"
HTTP Request: GET https://www.rusprofile.ru/search?query=%D0%9A%D0%BB%D0%B8%D0%BD%D0%B8%D0%BA%D0%B0%20%D1%8D%D1%81%D1%82%D0%B5%D1%82%D0%B8%D1%87%D0%B5%D1%81%D0%BA%D0%BE%D0%B9%20%D0%BC%D0%B5%D0%B4%D0%B8%D1%86%D0%B8%D0%BD%D1%8B%20%22%D0%A2%D0%B5%D1%80%D0%B0%D0%BF%D0%B8%D1%8F%20%D0%9A%D1%80%D0%B0%D1%81%D0%BE%D1%82%D1%8B%22 "HTTP/1.1 200 OK"
HTTP Request: GET https://www.rusprofile.ru/search?query=%D0%BC%D0%B5%D0%B4%D0%B8%D1%86%D0%B8%D0%BD%D1%8B%20%22%D0%A2%D0%B5%D1%80%D0%B0%D0%BF%D0%B8%D1%8F%20%D0%9A%D1%80%D0%B0%D1%81%D0%BE%D1%82%D1%8B%22 "HTTP/1.1 200 OK"
HTTP Request: GET https://www.rusprofile.ru/search?query=%22%D0%A2%D0%B5%D1%80%D0%B0%D0%BF%D0%B8%D1%8F%20%D0%9A%D1%80%D0%B0%D1%81%D0%BE%D1%82%D1%8B%22 "HTTP/1.1 303 See Other"
HTTP Request: GET https://www.rusprofile.ru/search?query=%22%D0%A2%D0%B5%D1%80%D0%B0%D0%BF%D0%B8%D1%8F+%D0%9A%D1%80%D0%B0%D1%81%D0%BE%D1%82%D1%8B%22&type=ul "HTTP/1.1 302 Found"
HTTP Request: GET https://www.rusprofile.ru/id/2599072 "HTTP/1.1 200 OK"
HTTP Request: GET https://www.rusprofile.ru/search?query=%22%D0%A2%D0%B5%D1%80%D0%B0%D0%BF%D0%B8%D1%8F "HTTP/1.1 303 See Other"
HTTP Request: GET https://www.rusprofile.ru/search?query=%22%D0%A2%D0%B5%D1%80%D0%B0%D0%BF%D0%B8%D1%8F&type=ul "HTTP/1.1 200 OK"
rusprofile search: matched 'Клиника эстетической медицины "Терапия Красоты"' → 'ООО "Терапия Красоты +"' (INN 7724249877, score=0.40, query='"Терапия')
HTTP Request: GET https://www.rusprofile.ru/search?query=%D0%9A%D0%BE%D1%81%D0%BC%D0%B5%D1%82%D0%BE%D0%BB%D0%BE%D0%B3%D0%B8%D1%8F%20%D0%90%D0%BB%D1%82%D0%B5%D1%80%D0%BE "HTTP/1.1 200 OK"
HTTP Request: GET https://www.rusprofile.ru/search?query=%D0%9A%D0%BE%D1%81%D0%BC%D0%B5%D1%82%D0%BE%D0%BB%D0%BE%D0%B3%D0%B8%D1%8F%20%D0%90%D0%BB%D1%82%D0%B5%D1%80%D0%BE "HTTP/1.1 200 OK"
HTTP Request: GET https://www.rusprofile.ru/search?query=%D0%90%D0%BB%D1%82%D0%B5%D1%80%D0%BE "HTTP/1.1 200 OK"
rusprofile search: matched 'Косметология Алтеро' → 'ООО "Алтеро"' (INN 7707596422, score=0.50, query='Алтеро')
HTTP Request: GET https://www.rusprofile.ru/search?query=%D0%9A%D0%BE%D1%81%D0%BC%D0%B5%D1%82%D0%BE%D0%BB%D0%BE%D0%B3%D0%B8%D1%8F%20%D0%9C%D0%BE%D1%81%D0%BA%D0%B2%D0%B0 "HTTP/1.1 303 See Other"
HTTP Request: GET https://www.rusprofile.ru/search?query=%D0%9A%D0%BE%D1%81%D0%BC%D0%B5%D1%82%D0%BE%D0%BB%D0%BE%D0%B3%D0%B8%D1%8F+%D0%9C%D0%BE%D1%81%D0%BA%D0%B2%D0%B0&type=ul "HTTP/1.1 200 OK"
HTTP Request: GET https://www.rusprofile.ru/search?query=%D0%9A%D0%BE%D1%81%D0%BC%D0%B5%D1%82%D0%BE%D0%BB%D0%BE%D0%B3%D0%B8%D1%8F%20%D0%9C%D0%BE%D1%81%D0%BA%D0%B2%D0%B0 "HTTP/1.1 303 See Other"
HTTP Request: GET https://www.rusprofile.ru/search?query=%D0%9A%D0%BE%D1%81%D0%BC%D0%B5%D1%82%D0%BE%D0%BB%D0%BE%D0%B3%D0%B8%D1%8F+%D0%9C%D0%BE%D1%81%D0%BA%D0%B2%D0%B0&type=ul "HTTP/1.1 200 OK"
HTTP Request: GET https://www.rusprofile.ru/search?query=%D0%9C%D0%BE%D1%81%D0%BA%D0%B2%D0%B0 "HTTP/1.1 200 OK"
rusprofile search: matched 'Косметология Москва' → 'ООО "Косметология к"' (INN 7714423251, score=0.50, query='Косметология Москва')
HTTP Request: GET https://www.rusprofile.ru/search?query=%D0%9C%D0%B0%D0%BA "HTTP/1.1 200 OK"
HTTP Request: GET https://www.rusprofile.ru/search?query=%D0%9C%D0%B0%D0%BA "HTTP/1.1 200 OK"
rusprofile search: matched 'Мак' → 'АО "МАК"' (INN 6313036408, score=0.50, query='Мак')
HTTP Request: GET https://www.rusprofile.ru/search?query=%D0%9A%D0%BB%D0%B8%D0%BD%D0%B8%D0%BA%D0%B0%20%D1%8D%D1%81%D1%82%D0%B5%D1%82%D0%B8%D1%87%D0%B5%D1%81%D0%BA%D0%BE%D0%B9%20%D0%BC%D0%B5%D0%B4%D0%B8%D1%86%D0%B8%D0%BD%D1%8B%20%D0%B8%20%D0%B0%D0%BF%D0%BF%D0%B0%D1%80%D0%B0%D1%82%D0%BD%D0%BE%D0%B9%20%D0%BA%D0%BE%D1%81%D0%BC%D0%B5%D1%82%D0%BE%D0%BB%D0%BE%D0%B3%D0%B8%D0%B8 "HTTP/1.1 200 OK"
HTTP Request: GET https://www.rusprofile.ru/search?query=%D0%B8%20%D0%B0%D0%BF%D0%BF%D0%B0%D1%80%D0%B0%D1%82%D0%BD%D0%BE%D0%B9%20%D0%BA%D0%BE%D1%81%D0%BC%D0%B5%D1%82%D0%BE%D0%BB%D0%BE%D0%B3%D0%B8%D0%B8 "HTTP/1.1 303 See Other"
HTTP Request: GET https://www.rusprofile.ru/search?query=%D0%B8+%D0%B0%D0%BF%D0%BF%D0%B0%D1%80%D0%B0%D1%82%D0%BD%D0%BE%D0%B9+%D0%BA%D0%BE%D1%81%D0%BC%D0%B5%D1%82%D0%BE%D0%BB%D0%BE%D0%B3%D0%B8%D0%B8&type=ul "HTTP/1.1 200 OK"
HTTP Request: GET https://www.rusprofile.ru/search?query=%D0%B0%D0%BF%D0%BF%D0%B0%D1%80%D0%B0%D1%82%D0%BD%D0%BE%D0%B9%20%D0%BA%D0%BE%D1%81%D0%BC%D0%B5%D1%82%D0%BE%D0%BB%D0%BE%D0%B3%D0%B8%D0%B8 "HTTP/1.1 303 See Other"
HTTP Request: GET https://www.rusprofile.ru/search?query=%D0%B0%D0%BF%D0%BF%D0%B0%D1%80%D0%B0%D1%82%D0%BD%D0%BE%D0%B9+%D0%BA%D0%BE%D1%81%D0%BC%D0%B5%D1%82%D0%BE%D0%BB%D0%BE%D0%B3%D0%B8%D0%B8&type=ul "HTTP/1.1 200 OK"
HTTP Request: GET https://www.rusprofile.ru/search?query=%D0%BA%D0%BE%D1%81%D0%BC%D0%B5%D1%82%D0%BE%D0%BB%D0%BE%D0%B3%D0%B8%D0%B8 "HTTP/1.1 303 See Other"
HTTP Request: GET https://www.rusprofile.ru/search?query=%D0%BA%D0%BE%D1%81%D0%BC%D0%B5%D1%82%D0%BE%D0%BB%D0%BE%D0%B3%D0%B8%D0%B8&type=ul "HTTP/1.1 200 OK"
rusprofile search: matched 'Клиника эстетической медицины и аппаратной косметологии' → 'ООО "Клиника Эстетической Косметологии"' (INN 1513068550, score=0.60, query='косметологии')
HTTP Request: GET https://www.rusprofile.ru/search?query=COSMOLIFE "HTTP/1.1 200 OK"
HTTP Request: GET https://www.rusprofile.ru/search?query=COSMOLIFE "HTTP/1.1 200 OK"
HTTP Request: GET https://www.rusprofile.ru/search?query=%D0%9A%D0%BB%D0%B8%D0%BD%D0%B8%D0%BA%D0%B0%20%D0%BB%D0%B0%D0%B7%D0%B5%D1%80%D0%BD%D0%BE%D0%B9%20%D0%BA%D0%BE%D1%81%D0%BC%D0%B5%D1%82%D0%BE%D0%BB%D0%BE%D0%B3%D0%B8%D0%B8%20RENEW "HTTP/1.1 200 OK"
HTTP Request: GET https://www.rusprofile.ru/search?query=%D0%BB%D0%B0%D0%B7%D0%B5%D1%80%D0%BD%D0%BE%D0%B9%20%D0%BA%D0%BE%D1%81%D0%BC%D0%B5%D1%82%D0%BE%D0%BB%D0%BE%D0%B3%D0%B8%D0%B8%20RENEW "HTTP/1.1 200 OK"
HTTP Request: GET https://www.rusprofile.ru/search?query=%D0%BA%D0%BE%D1%81%D0%BC%D0%B5%D1%82%D0%BE%D0%BB%D0%BE%D0%B3%D0%B8%D0%B8%20RENEW "HTTP/1.1 200 OK"
HTTP Request: GET https://www.rusprofile.ru/search?query=%D0%BA%D0%BE%D1%81%D0%BC%D0%B5%D1%82%D0%BE%D0%BB%D0%BE%D0%B3%D0%B8%D0%B8 "HTTP/1.1 303 See Other"
HTTP Request: GET https://www.rusprofile.ru/search?query=%D0%BA%D0%BE%D1%81%D0%BC%D0%B5%D1%82%D0%BE%D0%BB%D0%BE%D0%B3%D0%B8%D0%B8&type=ul "HTTP/1.1 200 OK"
rusprofile search: matched 'Клиника лазерной косметологии RENEW' → 'ООО "Клиника Лазерной Косметологии"' (INN 3015116300, score=0.75, query='косметологии')
HTTP Request: GET https://www.rusprofile.ru/search?query=%D0%9A%D0%BB%D0%B8%D0%BD%D0%B8%D0%BA%D0%B0%20%D1%8D%D1%81%D1%82%D0%B5%D1%82%D0%B8%D1%87%D0%B5%D1%81%D0%BA%D0%BE%D0%B9%20%D0%BC%D0%B5%D0%B4%D0%B8%D1%86%D0%B8%D0%BD%D1%8B%20See%20Beauty%20Clinic "HTTP/1.1 200 OK"
HTTP Request: GET https://www.rusprofile.ru/search?query=See%20Beauty%20Clinic "HTTP/1.1 200 OK"
HTTP Request: GET https://www.rusprofile.ru/search?query=Beauty%20Clinic "HTTP/1.1 200 OK"
HTTP Request: GET https://www.rusprofile.ru/search?query=Beauty "HTTP/1.1 303 See Other"
HTTP Request: GET https://www.rusprofile.ru/search?query=Beauty&type=ip "HTTP/1.1 302 Found"
HTTP Request: GET https://www.rusprofile.ru/ip/325330000063762 "HTTP/1.1 200 OK"
HTTP Request: GET https://www.rusprofile.ru/search?query=%D0%A6%D0%B5%D0%BD%D1%82%D1%80%20%D0%BC%D0%B5%D0%B4%D0%B8%D1%86%D0%B8%D0%BD%D1%81%D0%BA%D0%BE%D0%B9%20%D0%BA%D0%BE%D1%81%D0%BC%D0%B5%D1%82%D0%BE%D0%BB%D0%BE%D0%B3%D0%B8%D0%B8%20%D0%9F%D0%B5%D1%82%D1%80%D0%BE%D0%B2%D0%BA%D0%B0%20%D0%91%D1%8C%D1%8E%D1%82%D0%B8 "HTTP/1.1 200 OK"
HTTP Request: GET https://www.rusprofile.ru/search?query=%D0%BA%D0%BE%D1%81%D0%BC%D0%B5%D1%82%D0%BE%D0%BB%D0%BE%D0%B3%D0%B8%D0%B8%20%D0%9F%D0%B5%D1%82%D1%80%D0%BE%D0%B2%D0%BA%D0%B0%20%D0%91%D1%8C%D1%8E%D1%82%D0%B8 "HTTP/1.1 200 OK"
HTTP Request: GET https://www.rusprofile.ru/search?query=%D0%9F%D0%B5%D1%82%D1%80%D0%BE%D0%B2%D0%BA%D0%B0%20%D0%91%D1%8C%D1%8E%D1%82%D0%B8 "HTTP/1.1 200 OK"
HTTP Request: GET https://www.rusprofile.ru/search?query=%D0%BA%D0%BE%D1%81%D0%BC%D0%B5%D1%82%D0%BE%D0%BB%D0%BE%D0%B3%D0%B8%D0%B8 "HTTP/1.1 303 See Other"
HTTP Request: GET https://www.rusprofile.ru/search?query=%D0%BA%D0%BE%D1%81%D0%BC%D0%B5%D1%82%D0%BE%D0%BB%D0%BE%D0%B3%D0%B8%D0%B8&type=ul "HTTP/1.1 200 OK"
rusprofile search: matched 'Центр медицинской косметологии Петровка Бьюти' → 'ООО "Центр Медицинской Косметологии и Офтальмологи' (INN 4027050768, score=0.60, query='косметологии')
HTTP Request: GET https://www.rusprofile.ru/search?query=%D0%A1%D1%82%D1%83%D0%B4%D0%B8%D1%8F%20%D1%8D%D1%81%D1%82%D0%B5%D1%82%D0%B8%D1%87%D0%B5%D1%81%D0%BA%D0%BE%D0%B9%20%D0%BA%D0%BE%D1%81%D0%BC%D0%B5%D1%82%D0%BE%D0%BB%D0%BE%D0%B3%D0%B8%D0%B8 "HTTP/1.1 303 See Other"
HTTP Request: GET https://www.rusprofile.ru/search?query=%D0%A1%D1%82%D1%83%D0%B4%D0%B8%D1%8F+%D1%8D%D1%81%D1%82%D0%B5%D1%82%D0%B8%D1%87%D0%B5%D1%81%D0%BA%D0%BE%D0%B9+%D0%BA%D0%BE%D1%81%D0%BC%D0%B5%D1%82%D0%BE%D0%BB%D0%BE%D0%B3%D0%B8%D0%B8&type=ul "HTTP/1.1 302 Found"
HTTP Request: GET https://www.rusprofile.ru/id/3405633 "HTTP/1.1 200 OK"
HTTP Request: GET https://www.rusprofile.ru/search?query=%D0%A1%D1%82%D1%83%D0%B4%D0%B8%D1%8F%20%D1%8D%D1%81%D1%82%D0%B5%D1%82%D0%B8%D1%87%D0%B5%D1%81%D0%BA%D0%BE%D0%B9%20%D0%BA%D0%BE%D1%81%D0%BC%D0%B5%D1%82%D0%BE%D0%BB%D0%BE%D0%B3%D0%B8%D0%B8 "HTTP/1.1 303 See Other"
HTTP Request: GET https://www.rusprofile.ru/search?query=%D0%A1%D1%82%D1%83%D0%B4%D0%B8%D1%8F+%D1%8D%D1%81%D1%82%D0%B5%D1%82%D0%B8%D1%87%D0%B5%D1%81%D0%BA%D0%BE%D0%B9+%D0%BA%D0%BE%D1%81%D0%BC%D0%B5%D1%82%D0%BE%D0%BB%D0%BE%D0%B3%D0%B8%D0%B8&type=ul "HTTP/1.1 302 Found"
HTTP Request: GET https://www.rusprofile.ru/id/3405633 "HTTP/1.1 200 OK"
HTTP Request: GET https://www.rusprofile.ru/search?query=%D1%8D%D1%81%D1%82%D0%B5%D1%82%D0%B8%D1%87%D0%B5%D1%81%D0%BA%D0%BE%D0%B9%20%D0%BA%D0%BE%D1%81%D0%BC%D0%B5%D1%82%D0%BE%D0%BB%D0%BE%D0%B3%D0%B8%D0%B8 "HTTP/1.1 303 See Other"
HTTP Request: GET https://www.rusprofile.ru/search?query=%D1%8D%D1%81%D1%82%D0%B5%D1%82%D0%B8%D1%87%D0%B5%D1%81%D0%BA%D0%BE%D0%B9+%D0%BA%D0%BE%D1%81%D0%BC%D0%B5%D1%82%D0%BE%D0%BB%D0%BE%D0%B3%D0%B8%D0%B8&type=ul "HTTP/1.1 200 OK"
HTTP Request: GET https://www.rusprofile.ru/search?query=%D0%BA%D0%BE%D1%81%D0%BC%D0%B5%D1%82%D0%BE%D0%BB%D0%BE%D0%B3%D0%B8%D0%B8 "HTTP/1.1 303 See Other"
HTTP Request: GET https://www.rusprofile.ru/search?query=%D0%BA%D0%BE%D1%81%D0%BC%D0%B5%D1%82%D0%BE%D0%BB%D0%BE%D0%B3%D0%B8%D0%B8&type=ul "HTTP/1.1 200 OK"
rusprofile search: matched 'Студия эстетической косметологии' → 'ООО "Центр Эстетической Косметологии"' (INN 7451201810, score=0.50, query='эстетической косметологии')
HTTP Request: GET https://www.rusprofile.ru/search?query=BEAUTYWAY%20CLINIC "HTTP/1.1 200 OK"
HTTP Request: GET https://www.rusprofile.ru/search?query=BEAUTYWAY%20CLINIC "HTTP/1.1 200 OK"
HTTP Request: GET https://www.rusprofile.ru/search?query=BEAUTYWAY "HTTP/1.1 200 OK"
HTTP Request: GET https://www.rusprofile.ru/search?query=%D0%A6%D0%95%D0%9D%D0%A2%D0%A0%20%D0%AD%D0%A1%D0%A2%D0%95%D0%A2%D0%98%D0%A7%D0%95%D0%A1%D0%9A%D0%9E%D0%99%20%D0%9C%D0%95%D0%94%D0%98%D0%A6%D0%98%D0%9D%D0%AB%20%D0%98%20%D0%AD%D0%9A%D0%A1%D0%9F%D0%95%D0%A0%D0%A2%D0%98%D0%97%D0%AB "HTTP/1.1 303 See Other"
HTTP Request: GET https://www.rusprofile.ru/search?query=%D0%A6%D0%95%D0%9D%D0%A2%D0%A0+%D0%AD%D0%A1%D0%A2%D0%95%D0%A2%D0%98%D0%A7%D0%95%D0%A1%D0%9A%D0%9E%D0%99+%D0%9C%D0%95%D0%94%D0%98%D0%A6%D0%98%D0%9D%D0%AB+%D0%98+%D0%AD%D0%9A%D0%A1%D0%9F%D0%95%D0%A0%D0%A2%D0%98%D0%97%D0%AB&type=ul "HTTP/1.1 302 Found"
HTTP Request: GET https://www.rusprofile.ru/id/10344393 "HTTP/1.1 200 OK"
HTTP Request: GET https://www.rusprofile.ru/search?query=%D0%9C%D0%95%D0%94%D0%98%D0%A6%D0%98%D0%9D%D0%AB%20%D0%98%20%D0%AD%D0%9A%D0%A1%D0%9F%D0%95%D0%A0%D0%A2%D0%98%D0%97%D0%AB "HTTP/1.1 303 See Other"
HTTP Request: GET https://www.rusprofile.ru/search?query=%D0%9C%D0%95%D0%94%D0%98%D0%A6%D0%98%D0%9D%D0%AB+%D0%98+%D0%AD%D0%9A%D0%A1%D0%9F%D0%95%D0%A0%D0%A2%D0%98%D0%97%D0%AB&type=ul "HTTP/1.1 200 OK"
HTTP Request: GET https://www.rusprofile.ru/search?query=%D0%98%20%D0%AD%D0%9A%D0%A1%D0%9F%D0%95%D0%A0%D0%A2%D0%98%D0%97%D0%AB "HTTP/1.1 303 See Other"
HTTP Request: GET https://www.rusprofile.ru/search?query=%D0%98+%D0%AD%D0%9A%D0%A1%D0%9F%D0%95%D0%A0%D0%A2%D0%98%D0%97%D0%AB&type=ul "HTTP/1.1 200 OK"
HTTP Request: GET https://www.rusprofile.ru/search?query=%D0%AD%D0%9A%D0%A1%D0%9F%D0%95%D0%A0%D0%A2%D0%98%D0%97%D0%AB "HTTP/1.1 303 See Other"
HTTP Request: GET https://www.rusprofile.ru/search?query=%D0%AD%D0%9A%D0%A1%D0%9F%D0%95%D0%A0%D0%A2%D0%98%D0%97%D0%AB&type=ul "HTTP/1.1 200 OK"
rusprofile search: matched 'ЦЕНТР ЭСТЕТИЧЕСКОЙ МЕДИЦИНЫ И ЭКСПЕРТИЗЫ' → 'ОБЩЕСТВО С ОГРАНИЧЕННОЙ ОТВЕТСТВЕННОСТЬЮ "ЦЕНТР ЭС' (INN 7714373000, score=0.57, query='МЕДИЦИНЫ И ЭКСПЕРТИЗЫ')
HTTP Request: GET https://www.rusprofile.ru/search?query=MAXXclinic "HTTP/1.1 200 OK"
HTTP Request: GET https://www.rusprofile.ru/search?query=MAXXclinic "HTTP/1.1 200 OK"
HTTP Request: GET https://www.rusprofile.ru/search?query=%D0%9F%D0%B8%D1%80%D1%81%D0%B8%D0%BD%D0%B3%20%D0%B8%20%D0%BA%D0%BE%D1%81%D0%BC%D0%B5%D1%82%D0%BE%D0%BB%D0%BE%D0%B3%D0%B8%D1%8F%20PROFFI%20%D1%82%D0%B5%D1%80%D1%80%D0%B0 "HTTP/1.1 200 OK"
HTTP Request: GET https://www.rusprofile.ru/search?query=%D0%BA%D0%BE%D1%81%D0%BC%D0%B5%D1%82%D0%BE%D0%BB%D0%BE%D0%B3%D0%B8%D1%8F%20PROFFI%20%D1%82%D0%B5%D1%80%D1%80%D0%B0 "HTTP/1.1 200 OK"
HTTP Request: GET https://www.rusprofile.ru/search?query=PROFFI%20%D1%82%D0%B5%D1%80%D1%80%D0%B0 "HTTP/1.1 200 OK"
HTTP Request: GET https://www.rusprofile.ru/search?query=%D0%9F%D0%B8%D1%80%D1%81%D0%B8%D0%BD%D0%B3 "HTTP/1.1 303 See Other"
HTTP Request: GET https://www.rusprofile.ru/search?query=%D0%9F%D0%B8%D1%80%D1%81%D0%B8%D0%BD%D0%B3&type=ul "HTTP/1.1 302 Found"
HTTP Request: GET https://www.rusprofile.ru/id/1227800168958 "HTTP/1.1 200 OK"
HTTP Request: GET https://www.rusprofile.ru/search?query=%D0%9A%D0%BE%D1%81%D0%BC%D0%B5%D1%82%D0%BE%D0%BB%D0%BE%D0%B3%D0%B8%D1%8F "HTTP/1.1 303 See Other"
HTTP Request: GET https://www.rusprofile.ru/search?query=%D0%9A%D0%BE%D1%81%D0%BC%D0%B5%D1%82%D0%BE%D0%BB%D0%BE%D0%B3%D0%B8%D1%8F&type=ul "HTTP/1.1 200 OK"
rusprofile search: matched 'Косметология' → 'ООО "Косметология"' (INN 3908002255, score=0.50, query='Косметология')
HTTP Request: GET https://www.rusprofile.ru/search?query=%D0%9A%D0%BE%D1%81%D0%BC%D0%B5%D1%82%D0%BE%D0%BB%D0%BE%D0%B3%D0%B8%D1%87%D0%B5%D1%81%D0%BA%D0%B0%D1%8F%20%D0%BA%D0%BB%D0%B8%D0%BD%D0%B8%D0%BA%D0%B0%20%D0%98%D1%80%D0%B8%D0%BD%D1%8B%20%D0%91%D0%B0%D1%80%D0%B0%D1%82%D0%BE%D0%B2%D0%BE%D0%B9 "HTTP/1.1 200 OK"
HTTP Request: GET https://www.rusprofile.ru/search?query=%D0%BA%D0%BB%D0%B8%D0%BD%D0%B8%D0%BA%D0%B0%20%D0%98%D1%80%D0%B8%D0%BD%D1%8B%20%D0%91%D0%B0%D1%80%D0%B0%D1%82%D0%BE%D0%B2%D0%BE%D0%B9 "HTTP/1.1 200 OK"
HTTP Request: GET https://www.rusprofile.ru/search?query=%D0%98%D1%80%D0%B8%D0%BD%D1%8B%20%D0%91%D0%B0%D1%80%D0%B0%D1%82%D0%BE%D0%B2%D0%BE%D0%B9 "HTTP/1.1 200 OK"
HTTP Request: GET https://www.rusprofile.ru/search?query=%D0%91%D0%B0%D1%80%D0%B0%D1%82%D0%BE%D0%B2%D0%BE%D0%B9 "HTTP/1.1 303 See Other"
HTTP Request: GET https://www.rusprofile.ru/search?query=%D0%91%D0%B0%D1%80%D0%B0%D1%82%D0%BE%D0%B2%D0%BE%D0%B9&type=ul "HTTP/1.1 200 OK"
HTTP Request: GET https://www.rusprofile.ru/search?query=%D0%9A%D0%BE%D1%81%D0%BC%D0%B5%D1%82%D0%BE%D0%BB%D0%BE%D0%B3%D0%B8%D1%87%D0%B5%D1%81%D0%BA%D0%B8%D0%B9%20%D1%86%D0%B5%D0%BD%D1%82%D1%80%20Nova "HTTP/1.1 200 OK"
HTTP Request: GET https://www.rusprofile.ru/search?query=%D0%9A%D0%BE%D1%81%D0%BC%D0%B5%D1%82%D0%BE%D0%BB%D0%BE%D0%B3%D0%B8%D1%87%D0%B5%D1%81%D0%BA%D0%B8%D0%B9%20%D1%86%D0%B5%D0%BD%D1%82%D1%80%20Nova "HTTP/1.1 200 OK"
HTTP Request: GET https://www.rusprofile.ru/search?query=%D1%86%D0%B5%D0%BD%D1%82%D1%80%20Nova "HTTP/1.1 303 See Other"
HTTP Request: GET https://www.rusprofile.ru/search?query=%D1%86%D0%B5%D0%BD%D1%82%D1%80+Nova&type=ul "HTTP/1.1 200 OK"
HTTP Request: GET https://www.rusprofile.ru/search?query=%D0%9A%D0%BE%D1%81%D0%BC%D0%B5%D1%82%D0%BE%D0%BB%D0%BE%D0%B3%D0%B8%D1%87%D0%B5%D1%81%D0%BA%D0%B8%D0%B9 "HTTP/1.1 303 See Other"
HTTP Request: GET https://www.rusprofile.ru/search?query=%D0%9A%D0%BE%D1%81%D0%BC%D0%B5%D1%82%D0%BE%D0%BB%D0%BE%D0%B3%D0%B8%D1%87%D0%B5%D1%81%D0%BA%D0%B8%D0%B9&type=ul "HTTP/1.1 200 OK"
rusprofile search: matched 'Косметологический центр Nova' → 'ООО "Косметологический Центр"' (INN 1101013382, score=0.67, query='Косметологический')
HTTP Request: GET https://www.rusprofile.ru/search?query=%D0%9C%D0%B5%D0%B4%D0%AD%D1%81%D1%82%D0%B5%D1%82%D0%B8%D0%BA "HTTP/1.1 303 See Other"
HTTP Request: GET https://www.rusprofile.ru/search?query=%D0%9C%D0%B5%D0%B4%D0%AD%D1%81%D1%82%D0%B5%D1%82%D0%B8%D0%BA&type=ul "HTTP/1.1 200 OK"
HTTP Request: GET https://www.rusprofile.ru/search?query=%D0%9C%D0%B5%D0%B4%D0%AD%D1%81%D1%82%D0%B5%D1%82%D0%B8%D0%BA "HTTP/1.1 303 See Other"
HTTP Request: GET https://www.rusprofile.ru/search?query=%D0%9C%D0%B5%D0%B4%D0%AD%D1%81%D1%82%D0%B5%D1%82%D0%B8%D0%BA&type=ul "HTTP/1.1 200 OK"
rusprofile search: matched 'МедЭстетик' → 'ООО "Медэстетик"' (INN 7751516779, score=0.50, query='МедЭстетик')
HTTP Request: GET https://www.rusprofile.ru/search?query=%D0%9A%D0%BB%D0%B8%D0%BD%D0%B8%D0%BA%D0%B0%20%D0%BA%D0%BE%D1%81%D0%BC%D0%B5%D1%82%D0%BE%D0%BB%D0%BE%D0%B3%D0%B8%D0%B8%20Space%20For "HTTP/1.1 200 OK"
HTTP Request: GET https://www.rusprofile.ru/search?query=%D0%BA%D0%BE%D1%81%D0%BC%D0%B5%D1%82%D0%BE%D0%BB%D0%BE%D0%B3%D0%B8%D0%B8%20Space%20For "HTTP/1.1 200 OK"
HTTP Request: GET https://www.rusprofile.ru/search?query=Space%20For "HTTP/1.1 200 OK"
HTTP Request: GET https://www.rusprofile.ru/search?query=%D0%BA%D0%BE%D1%81%D0%BC%D0%B5%D1%82%D0%BE%D0%BB%D0%BE%D0%B3%D0%B8%D0%B8 "HTTP/1.1 303 See Other"
HTTP Request: GET https://www.rusprofile.ru/search?query=%D0%BA%D0%BE%D1%81%D0%BC%D0%B5%D1%82%D0%BE%D0%BB%D0%BE%D0%B3%D0%B8%D0%B8&type=ul "HTTP/1.1 200 OK"
rusprofile search: matched 'Клиника косметологии Space For' → 'ООО "Клиника Косметологии"' (INN 5012082208, score=0.50, query='косметологии')
HTTP Request: GET https://www.rusprofile.ru/search?query=%D0%9A%D0%BE%D1%81%D0%BC%D0%B5%D1%82%D0%BE%D0%BB%D0%BE%D0%B3%D0%B8%D1%8F "HTTP/1.1 303 See Other"
HTTP Request: GET https://www.rusprofile.ru/search?query=%D0%9A%D0%BE%D1%81%D0%BC%D0%B5%D1%82%D0%BE%D0%BB%D0%BE%D0%B3%D0%B8%D1%8F&type=ul "HTTP/1.1 200 OK"
rusprofile search: matched 'Косметология' → 'ООО "Косметология"' (INN 3908002255, score=0.50, query='Косметология')
HTTP Request: GET https://www.rusprofile.ru/search?query=Darmed "HTTP/1.1 200 OK"
HTTP Request: GET https://www.rusprofile.ru/search?query=Darmed "HTTP/1.1 200 OK"
HTTP Request: GET https://www.rusprofile.ru/search?query=%D0%A1%D0%B0%D0%BB%D0%BE%D0%BD%20%D0%BA%D1%80%D0%B0%D1%81%D0%BE%D1%82%D1%8B%20S.Lux "HTTP/1.1 200 OK"
HTTP Request: GET https://www.rusprofile.ru/search?query=%D0%A1%D0%B0%D0%BB%D0%BE%D0%BD%20%D0%BA%D1%80%D0%B0%D1%81%D0%BE%D1%82%D1%8B%20S.Lux "HTTP/1.1 200 OK"
HTTP Request: GET https://www.rusprofile.ru/search?query=%D0%BA%D1%80%D0%B0%D1%81%D0%BE%D1%82%D1%8B%20S.Lux "HTTP/1.1 200 OK"
HTTP Request: GET https://www.rusprofile.ru/search?query=%D0%BA%D1%80%D0%B0%D1%81%D0%BE%D1%82%D1%8B "HTTP/1.1 303 See Other"
HTTP Request: GET https://www.rusprofile.ru/search?query=%D0%BA%D1%80%D0%B0%D1%81%D0%BE%D1%82%D1%8B&type=ul "HTTP/1.1 200 OK"
rusprofile search: matched 'Салон красоты S.Lux' → 'ООО "Салон Красоты"' (INN 6455002475, score=0.67, query='красоты')
HTTP Request: GET https://www.rusprofile.ru/search?query=%D0%9A%D0%BB%D0%B8%D0%BD%D0%B8%D0%BA%D0%B0%20%D0%9C%D0%95%D0%94%D0%A1%D0%98 "HTTP/1.1 303 See Other"
HTTP Request: GET https://www.rusprofile.ru/search?query=%D0%9A%D0%BB%D0%B8%D0%BD%D0%B8%D0%BA%D0%B0+%D0%9C%D0%95%D0%94%D0%A1%D0%98&type=ul "HTTP/1.1 200 OK"
HTTP Request: GET https://www.rusprofile.ru/search?query=%D0%9A%D0%BB%D0%B8%D0%BD%D0%B8%D0%BA%D0%B0%20%D0%9C%D0%95%D0%94%D0%A1%D0%98 "HTTP/1.1 303 See Other"
HTTP Request: GET https://www.rusprofile.ru/search?query=%D0%9A%D0%BB%D0%B8%D0%BD%D0%B8%D0%BA%D0%B0+%D0%9C%D0%95%D0%94%D0%A1%D0%98&type=ul "HTTP/1.1 200 OK"
HTTP Request: GET https://www.rusprofile.ru/search?query=%D0%9C%D0%95%D0%94%D0%A1%D0%98 "HTTP/1.1 303 See Other"
HTTP Request: GET https://www.rusprofile.ru/search?query=%D0%9C%D0%95%D0%94%D0%A1%D0%98&type=ul "HTTP/1.1 200 OK"
rusprofile search: matched 'Клиника МЕДСИ' → 'АО "Медси 2"' (INN 7704261185, score=0.50, query='МЕДСИ')
HTTP Request: GET https://www.rusprofile.ru/search?query=%D0%94%D1%8D%D0%BD%D0%B0%D1%81-%D1%86%D0%B5%D0%BD%D1%82%D1%80%20%D0%9C%D0%BE%D1%81%D0%BA%D0%B2%D0%B0 "HTTP/1.1 303 See Other"
HTTP Request: GET https://www.rusprofile.ru/search?query=%D0%94%D1%8D%D0%BD%D0%B0%D1%81-%D1%86%D0%B5%D0%BD%D1%82%D1%80+%D0%9C%D0%BE%D1%81%D0%BA%D0%B2%D0%B0&type=ul "HTTP/1.1 302 Found"
HTTP Request: GET https://www.rusprofile.ru/id/1238250 "HTTP/1.1 200 OK"
HTTP Request: GET https://www.rusprofile.ru/search?query=%D0%94%D1%8D%D0%BD%D0%B0%D1%81-%D1%86%D0%B5%D0%BD%D1%82%D1%80%20%D0%9C%D0%BE%D1%81%D0%BA%D0%B2%D0%B0 "HTTP/1.1 303 See Other"
HTTP Request: GET https://www.rusprofile.ru/search?query=%D0%94%D1%8D%D0%BD%D0%B0%D1%81-%D1%86%D0%B5%D0%BD%D1%82%D1%80+%D0%9C%D0%BE%D1%81%D0%BA%D0%B2%D0%B0&type=ul "HTTP/1.1 302 Found"
HTTP Request: GET https://www.rusprofile.ru/id/1238250 "HTTP/1.1 200 OK"
HTTP Request: GET https://www.rusprofile.ru/search?query=%D0%94%D1%8D%D0%BD%D0%B0%D1%81-%D1%86%D0%B5%D0%BD%D1%82%D1%80 "HTTP/1.1 303 See Other"
HTTP Request: GET https://www.rusprofile.ru/search?query=%D0%94%D1%8D%D0%BD%D0%B0%D1%81-%D1%86%D0%B5%D0%BD%D1%82%D1%80&type=ul "HTTP/1.1 302 Found"
HTTP Request: GET https://www.rusprofile.ru/id/1238250 "HTTP/1.1 200 OK"
HTTP Request: GET https://www.rusprofile.ru/search?query=%D0%A6%D0%B5%D0%BD%D1%82%D1%80%20%D0%BA%D0%BE%D1%81%D0%BC%D0%B5%D1%82%D0%BE%D0%BB%D0%BE%D0%B3%D0%B8%D0%B8%20%D0%B8%20%D0%BA%D0%BE%D1%80%D1%80%D0%B5%D0%BA%D1%86%D0%B8%D0%B8%20%D1%84%D0%B8%D0%B3%D1%83%D1%80%D1%8B%20%D0%95%D0%92%D0%A0%D0%9E%D0%AD%D0%A1%D0%A2%D0%95%D0%A2%D0%98%D0%9A%20%D3%80%20%D0%9A%D0%B0%D0%BD%D1%82%D0%B5%D0%BC%D0%B8%D1%80%D0%BE%D0%B2%D1%81%D0%BA%D0%B0%D1%8F "HTTP/1.1 200 OK"
HTTP Request: GET https://www.rusprofile.ru/search?query=%D0%95%D0%92%D0%A0%D0%9E%D0%AD%D0%A1%D0%A2%D0%95%D0%A2%D0%98%D0%9A%20%D3%80%20%D0%9A%D0%B0%D0%BD%D1%82%D0%B5%D0%BC%D0%B8%D1%80%D0%BE%D0%B2%D1%81%D0%BA%D0%B0%D1%8F "HTTP/1.1 200 OK"
HTTP Request: GET https://www.rusprofile.ru/search?query=%D3%80%20%D0%9A%D0%B0%D0%BD%D1%82%D0%B5%D0%BC%D0%B8%D1%80%D0%BE%D0%B2%D1%81%D0%BA%D0%B0%D1%8F "HTTP/1.1 200 OK"
HTTP Request: GET https://www.rusprofile.ru/search?query=%D0%9A%D0%B0%D0%BD%D1%82%D0%B5%D0%BC%D0%B8%D1%80%D0%BE%D0%B2%D1%81%D0%BA%D0%B0%D1%8F "HTTP/1.1 303 See Other"
HTTP Request: GET https://www.rusprofile.ru/search?query=%D0%9A%D0%B0%D0%BD%D1%82%D0%B5%D0%BC%D0%B8%D1%80%D0%BE%D0%B2%D1%81%D0%BA%D0%B0%D1%8F&type=ul "HTTP/1.1 200 OK"
HTTP Request: GET https://www.rusprofile.ru/search?query=%D0%A1%D1%82%D1%83%D0%B4%D0%B8%D1%8F%20%D0%BA%D1%80%D0%B0%D1%81%D0%BE%D1%82%D1%8B%20%D0%9D%D0%B0%D1%82%D0%B0%D0%BB%D1%8C%D0%B8%20%D0%9A%D0%B5%D0%BC%D0%B5%D0%BD%D0%B5%D0%B2%D0%BE%D0%B9 "HTTP/1.1 200 OK"
HTTP Request: GET https://www.rusprofile.ru/search?query=%D0%BA%D1%80%D0%B0%D1%81%D0%BE%D1%82%D1%8B%20%D0%9D%D0%B0%D1%82%D0%B0%D0%BB%D1%8C%D0%B8%20%D0%9A%D0%B5%D0%BC%D0%B5%D0%BD%D0%B5%D0%B2%D0%BE%D0%B9 "HTTP/1.1 200 OK"
HTTP Request: GET https://www.rusprofile.ru/search?query=%D0%9D%D0%B0%D1%82%D0%B0%D0%BB%D1%8C%D0%B8%20%D0%9A%D0%B5%D0%BC%D0%B5%D0%BD%D0%B5%D0%B2%D0%BE%D0%B9 "HTTP/1.1 200 OK"
HTTP Request: GET https://www.rusprofile.ru/search?query=%D0%9A%D0%B5%D0%BC%D0%B5%D0%BD%D0%B5%D0%B2%D0%BE%D0%B9 "HTTP/1.1 200 OK"
HTTP Request: GET https://www.rusprofile.ru/search?query=%D0%A8%D1%83%D0%B3%D0%B0%D1%80%D0%B8%D0%BD%D0%B3%20%D0%B2%20%D1%81%D0%B0%D0%BB%D0%BE%D0%BD%D0%B5%20%D0%BA%D1%80%D0%B0%D1%81%D0%BE%D1%82%D1%8B%20%22%D0%AD%D0%B3%D0%BE%D0%B8%D1%81%D1%82&%D0%BA%D0%B0%22 "HTTP/1.1 301 Moved Permanently"
HTTP Request: GET https://www.rusprofile.ru/search?query=%D0%A8%D1%83%D0%B3%D0%B0%D1%80%D0%B8%D0%BD%D0%B3+%D0%B2+%D1%81%D0%B0%D0%BB%D0%BE%D0%BD%D0%B5+%D0%BA%D1%80%D0%B0%D1%81%D0%BE%D1%82%D1%8B+%22%D0%AD%D0%B3%D0%BE%D0%B8%D1%81%D1%82 "HTTP/1.1 200 OK"
HTTP Request: GET https://www.rusprofile.ru/search?query=%D1%81%D0%B0%D0%BB%D0%BE%D0%BD%D0%B5%20%D0%BA%D1%80%D0%B0%D1%81%D0%BE%D1%82%D1%8B%20%22%D0%AD%D0%B3%D0%BE%D0%B8%D1%81%D1%82&%D0%BA%D0%B0%22 "HTTP/1.1 301 Moved Permanently"
HTTP Request: GET https://www.rusprofile.ru/search?query=%D1%81%D0%B0%D0%BB%D0%BE%D0%BD%D0%B5+%D0%BA%D1%80%D0%B0%D1%81%D0%BE%D1%82%D1%8B+%22%D0%AD%D0%B3%D0%BE%D0%B8%D1%81%D1%82 "HTTP/1.1 200 OK"
HTTP Request: GET https://www.rusprofile.ru/search?query=%D0%BA%D1%80%D0%B0%D1%81%D0%BE%D1%82%D1%8B%20%22%D0%AD%D0%B3%D0%BE%D0%B8%D1%81%D1%82&%D0%BA%D0%B0%22 "HTTP/1.1 301 Moved Permanently"
HTTP Request: GET https://www.rusprofile.ru/search?query=%D0%BA%D1%80%D0%B0%D1%81%D0%BE%D1%82%D1%8B+%22%D0%AD%D0%B3%D0%BE%D0%B8%D1%81%D1%82 "HTTP/1.1 303 See Other"
HTTP Request: GET https://www.rusprofile.ru/search?query=%D0%BA%D1%80%D0%B0%D1%81%D0%BE%D1%82%D1%8B+%22%D0%AD%D0%B3%D0%BE%D0%B8%D1%81%D1%82&type=ul "HTTP/1.1 200 OK"
HTTP Request: GET https://www.rusprofile.ru/search?query=%22%D0%AD%D0%B3%D0%BE%D0%B8%D1%81%D1%82&%D0%BA%D0%B0%22 "HTTP/1.1 301 Moved Permanently"
HTTP Request: GET https://www.rusprofile.ru/search?query=%22%D0%AD%D0%B3%D0%BE%D0%B8%D1%81%D1%82 "HTTP/1.1 303 See Other"
HTTP Request: GET https://www.rusprofile.ru/search?query=%22%D0%AD%D0%B3%D0%BE%D0%B8%D1%81%D1%82&type=ul "HTTP/1.1 200 OK"
HTTP Request: GET https://www.rusprofile.ru/search?query=%D0%A1%D0%9C-%D0%9A%D0%BE%D1%81%D0%BC%D0%B5%D1%82%D0%BE%D0%BB%D0%BE%D0%B3%D0%B8%D1%8F "HTTP/1.1 303 See Other"
HTTP Request: GET https://www.rusprofile.ru/search?query=%D0%A1%D0%9C-%D0%9A%D0%BE%D1%81%D0%BC%D0%B5%D1%82%D0%BE%D0%BB%D0%BE%D0%B3%D0%B8%D1%8F&type=ul "HTTP/1.1 302 Found"
HTTP Request: GET https://www.rusprofile.ru/id/6727936 "HTTP/1.1 200 OK"
HTTP Request: GET https://www.rusprofile.ru/search?query=%D0%A1%D0%9C-%D0%9A%D0%BE%D1%81%D0%BC%D0%B5%D1%82%D0%BE%D0%BB%D0%BE%D0%B3%D0%B8%D1%8F "HTTP/1.1 303 See Other"
HTTP Request: GET https://www.rusprofile.ru/search?query=%D0%A1%D0%9C-%D0%9A%D0%BE%D1%81%D0%BC%D0%B5%D1%82%D0%BE%D0%BB%D0%BE%D0%B3%D0%B8%D1%8F&type=ul "HTTP/1.1 302 Found"
HTTP Request: GET https://www.rusprofile.ru/id/6727936 "HTTP/1.1 200 OK"
CompetitorMatcher: inn_extraction=85.2s (50 candidates)
CompetitorMatcher: distance filter removed 17 candidates > 15 km
HTTP Request: GET http://vitaderm.ru/ "HTTP/1.1 301 Moved Permanently"
HTTP Request: GET http://www.mosderm.ru/ "HTTP/1.1 301 Moved Permanently"
HTTP Request: GET http://gorod-krasoti.com/ "HTTP/1.1 301 Moved Permanently"
HTTP Request: GET http://perfect-face.ru/ "HTTP/1.1 301 Moved Permanently"
HTTP Request: GET http://www.cleoline.ru/ "HTTP/1.1 301 Moved Permanently"
HTTP Request: GET https://www.cleoline.ru/ "HTTP/1.1 200 Ok"
HTTP Request: GET https://www.mosderm.ru/ "HTTP/1.1 200 OK"
HTTP Request: GET https://perfect-face.ru/ "HTTP/1.1 200 OK"
HTTP Request: GET https://gorod-krasoti.com/ "HTTP/1.1 200 OK"
HTTP Request: GET https://vitaderm.ru/ "HTTP/1.1 200 OK"
HTTP Request: GET http://gorod-krasoti.com/uslugi "HTTP/1.1 301 Moved Permanently"
HTTP Request: GET http://perfect-face.ru/uslugi "HTTP/1.1 301 Moved Permanently"
HTTP Request: GET http://www.mosderm.ru/uslugi "HTTP/1.1 301 Moved Permanently"
HTTP Request: GET http://www.cleoline.ru/uslugi "HTTP/1.1 301 Moved Permanently"
HTTP Request: GET http://vitaderm.ru/uslugi "HTTP/1.1 301 Moved Permanently"
HTTP Request: GET https://perfect-face.ru/uslugi "HTTP/1.1 404 Not Found"
HTTP Request: GET https://www.mosderm.ru/uslugi "HTTP/1.1 404 Not Found"
HTTP Request: GET https://gorod-krasoti.com/uslugi "HTTP/1.1 301 Moved Permanently"
HTTP Request: GET https://gorod-krasoti.com/uslugi/ "HTTP/1.1 301 Moved Permanently"
HTTP Request: GET https://vitaderm.ru/uslugi "HTTP/1.1 404 Not Found"
HTTP Request: GET http://gorod-krasoti.com/services/ "HTTP/1.1 301 Moved Permanently"
HTTP Request: GET https://www.cleoline.ru/uslugi "HTTP/1.1 404 Not Found"
HTTP Request: GET https://novoclinic.ru/ "HTTP/1.1 200 OK"
HTTP Request: GET https://centerestetmedicina.ru/ "HTTP/1.1 200 OK"
HTTP Request: GET https://novoclinic.ru/uslugi "HTTP/1.1 302 Found"
HTTP Request: GET https://novoclinic.ru/ "HTTP/1.1 200 OK"
HTTP Request: GET https://gorod-krasoti.com/services/ "HTTP/1.1 200 OK"
HTTP Request: GET https://marilav.ru/?utm_source=google&utm_medium=maps&utm_campaign=brand "HTTP/1.1 200 OK"
HTTP Request: GET https://centerestetmedicina.ru/uslugi "HTTP/1.1 404 Not Found"
HTTP Request: GET https://marilav.ru/uslugi "HTTP/1.1 301 Moved Permanently"
HTTP Request: GET https://marilav.ru/uslugi "HTTP/1.1 301 Moved Permanently"
HTTP Request: GET https://marilav.ru/uslugi "HTTP/1.1 301 Moved Permanently"
HTTP Request: GET https://marilav.ru/uslugi "HTTP/1.1 301 Moved Permanently"
HTTP Request: GET https://marilav.ru/uslugi "HTTP/1.1 301 Moved Permanently"
HTTP Request: GET https://marilav.ru/uslugi "HTTP/1.1 301 Moved Permanently"
HTTP Request: GET https://marilav.ru/uslugi "HTTP/1.1 301 Moved Permanently"
HTTP Request: GET https://marilav.ru/uslugi "HTTP/1.1 301 Moved Permanently"
HTTP Request: GET https://marilav.ru/uslugi "HTTP/1.1 301 Moved Permanently"
HTTP Request: GET https://marilav.ru/uslugi "HTTP/1.1 301 Moved Permanently"
HTTP Request: GET https://marilav.ru/uslugi "HTTP/1.1 301 Moved Permanently"
HTTP Request: GET https://marilav.ru/uslugi "HTTP/1.1 301 Moved Permanently"
HTTP Request: GET https://marilav.ru/uslugi "HTTP/1.1 301 Moved Permanently"
HTTP Request: GET https://marilav.ru/uslugi "HTTP/1.1 301 Moved Permanently"
HTTP Request: GET https://marilav.ru/uslugi "HTTP/1.1 301 Moved Permanently"
HTTP Request: GET https://marilav.ru/uslugi "HTTP/1.1 301 Moved Permanently"
HTTP Request: GET https://marilav.ru/uslugi "HTTP/1.1 301 Moved Permanently"
HTTP Request: GET https://marilav.ru/uslugi "HTTP/1.1 301 Moved Permanently"
HTTP Request: GET https://marilav.ru/uslugi "HTTP/1.1 301 Moved Permanently"
HTTP Request: GET https://marilav.ru/uslugi "HTTP/1.1 301 Moved Permanently"
HTTP Request: GET https://marilav.ru/uslugi "HTTP/1.1 301 Moved Permanently"
CompetitorMatcher: scraped services for 8/8 candidates in 7.8s
HTTP Request: GET https://proffi-terra-piercing.clients.site/ "HTTP/1.1 200 OK"
HTTP Request: GET https://proffi-terra-piercing.clients.site/about "HTTP/1.1 404 Not Found"
HTTP Request: GET https://proffi-terra-piercing.clients.site/contacts "HTTP/1.1 404 Not Found"
HTTP Request: GET https://proffi-terra-piercing.clients.site/kontakty "HTTP/1.1 404 Not Found"
HTTP Request: GET http://drbaratova.ru/ "HTTP/1.1 301 Moved Permanently"
HTTP Request: GET https://drbaratova.ru/ "HTTP/1.1 200 OK"
HTTP Request: GET http://drbaratova.ru/about "HTTP/1.1 301 Moved Permanently"
HTTP Request: GET https://drbaratova.ru/about "HTTP/1.1 404 Not Found"
HTTP Request: GET http://drbaratova.ru/contacts "HTTP/1.1 301 Moved Permanently"
HTTP Request: GET https://drbaratova.ru/contacts "HTTP/1.1 404 Not Found"
HTTP Request: GET http://drbaratova.ru/kontakty "HTTP/1.1 301 Moved Permanently"
HTTP Request: GET https://drbaratova.ru/kontakty "HTTP/1.1 301 Moved Permanently"
HTTP Request: GET https://drbaratova.ru/kontakty/ "HTTP/1.1 200 OK"
HTTP Request: GET https://darmed-clinic.ru/ "HTTP/1.1 200 OK"
HTTP Request: GET https://darmed-clinic.ru/about "HTTP/1.1 301 Moved Permanently"
HTTP Request: GET https://darmed-clinic.ru/about/ "HTTP/1.1 404 Not Found"
HTTP Request: GET https://darmed-clinic.ru/contacts "HTTP/1.1 301 Moved Permanently"
HTTP Request: GET https://darmed-clinic.ru/contacts/ "HTTP/1.1 404 Not Found"
HTTP Request: GET https://darmed-clinic.ru/kontakty "HTTP/1.1 301 Moved Permanently"
HTTP Request: GET https://darmed-clinic.ru/kontakty/ "HTTP/1.1 404 Not Found"
HTTP Request: GET https://denasmag.ru/ "HTTP/1.1 200 OK"
HTTP Request: GET https://denasmag.ru/about "HTTP/1.1 301 Moved Permanently"
HTTP Request: GET https://denasmag.ru/about/ "HTTP/1.1 404 Not Found"
HTTP Request: GET https://denasmag.ru/contacts "HTTP/1.1 301 Moved Permanently"
HTTP Request: GET https://denasmag.ru/contacts/ "HTTP/1.1 404 Not Found"
HTTP Request: GET https://denasmag.ru/kontakty "HTTP/1.1 301 Moved Permanently"
HTTP Request: GET https://denasmag.ru/kontakty/ "HTTP/1.1 200 OK"
INN Playwright extraction failed: BrowserType.launch: Executable doesn't exist at /Users/mikhaileliseev/Library/Caches/ms-playwright/chromium_headless_shell-1223/chrome-headless-shell-mac-arm64/chrome-headless-shell
╔════════════════════════════════════════════════════════════╗
║ Looks like Playwright was just installed or updated.       ║
║ Please run the following command to download new browsers: ║
║                                                            ║
║     playwright install                                     ║
║                                                            ║
║ <3 Playwright Team                                         ║
╚════════════════════════════════════════════════════════════╝
nalog: checking 10 candidates with INN
HTTP Request: GET https://bo.nalog.gov.ru/advanced-search/organizations/search?query=7723635492&page=0&size=20 "HTTP/1.1 200 "
HTTP Request: GET https://bo.nalog.gov.ru/nbo/organizations/5723374/bfo/ "HTTP/1.1 200 "
HTTP Request: GET https://bo.nalog.gov.ru/advanced-search/organizations/search?query=3444081543&page=0&size=20 "HTTP/1.1 200 "
HTTP Request: GET https://bo.nalog.gov.ru/nbo/organizations/5572589/bfo/ "HTTP/1.1 200 "
HTTP Request: GET https://bo.nalog.gov.ru/advanced-search/organizations/search?query=0000577175&page=0&size=20 "HTTP/1.1 200 "
HTTP Request: GET https://bo.nalog.gov.ru/advanced-search/organizations/search?query=7725034169&page=0&size=20 "HTTP/1.1 200 "
HTTP Request: GET https://bo.nalog.gov.ru/nbo/organizations/6675386/bfo/ "HTTP/1.1 200 "
HTTP Request: GET https://bo.nalog.gov.ru/advanced-search/organizations/search?query=5501273953&page=0&size=20 "HTTP/1.1 200 "
HTTP Request: GET https://bo.nalog.gov.ru/advanced-search/organizations/search?query=6227093318&page=0&size=20 "HTTP/1.1 200 "
HTTP Request: GET https://bo.nalog.gov.ru/advanced-search/organizations/search?query=5024187117&page=0&size=20 "HTTP/1.1 200 "
HTTP Request: GET https://bo.nalog.gov.ru/nbo/organizations/10753956/bfo/ "HTTP/1.1 200 "
HTTP Request: GET https://bo.nalog.gov.ru/advanced-search/organizations/search?query=7727308256&page=0&size=20 "HTTP/1.1 200 "
HTTP Request: GET https://bo.nalog.gov.ru/nbo/organizations/10060488/bfo/ "HTTP/1.1 200 "
HTTP Request: GET https://bo.nalog.gov.ru/advanced-search/organizations/search?query=9721086931&page=0&size=20 "HTTP/1.1 200 "
HTTP Request: GET https://bo.nalog.gov.ru/nbo/organizations/11136221/bfo/ "HTTP/1.1 200 "
HTTP Request: GET https://bo.nalog.gov.ru/advanced-search/organizations/search?query=7724249877&page=0&size=20 "HTTP/1.1 200 "
HTTP Request: GET https://bo.nalog.gov.ru/nbo/organizations/7116063/bfo/ "HTTP/1.1 200 "
nalog batch: 10 INN checked, 7 enriched (70% hit rate)
CompetitorMatcher: nalog enriched 7/10 in 2.9s
Score #1: Клиника эстетической медицины "Терапия Красоты" | total=0.6041 rev=0.79 loc=0.67 svc=0.12 spec=0.33 data=0.95 pop=0.76 vis=0.30 src=apify_google_maps+nalog spec=косметология okved=None fin=True
Score #2: Центр медицинской косметологии Cleo Line Ӏ чистки | total=0.6038 rev=0.86 loc=0.58 svc=0.03 spec=0.33 data=0.95 pop=0.83 vis=0.30 src=apify_google_maps+nalog spec=косметология okved=None fin=True
Score #3: Клиника косметологии Вектор | total=0.5836 rev=0.73 loc=0.67 svc=0.12 spec=0.35 data=0.40 pop=0.91 vis=0.85 src=apify_google_maps spec=косметология okved=None fin=False
Score #4: Косметологическая клиника Дар-Ян | total=0.5802 rev=0.73 loc=0.67 svc=0.12 spec=0.33 data=0.40 pop=0.89 vis=0.85 src=apify_google_maps spec=косметология okved=None fin=False
Score #5: Клиника эстетической медицины REVITAL доктора Покровской | total=0.5738 rev=0.73 loc=0.68 svc=0.12 spec=0.35 data=0.40 pop=0.82 vis=0.85 src=apify_google_maps spec=косметология okved=None fin=False
Score #6: Darmed | total=0.5690 rev=0.73 loc=0.54 svc=0.12 spec=0.33 data=0.40 pop=0.97 vis=0.85 src=apify_google_maps spec=косметология okved=None fin=False
Score #7: Клиника эстетической медицины и аппаратной косметологии | total=0.5646 rev=0.73 loc=0.69 svc=0.12 spec=0.33 data=0.40 pop=0.75 vis=0.85 src=apify_google_maps spec=косметология okved=None fin=False
Score #8: Пирсинг и косметология PROFFI терра | total=0.5607 rev=0.73 loc=0.61 svc=0.12 spec=0.33 data=0.40 pop=0.82 vis=0.85 src=apify_google_maps spec=косметология okved=None fin=False
Score #9: Косметология Алтеро | total=0.5594 rev=0.73 loc=0.47 svc=0.12 spec=0.33 data=0.40 pop=0.97 vis=0.85 src=apify_google_maps spec=косметология okved=None fin=False
Score #10: Элайф | total=0.5568 rev=0.73 loc=0.60 svc=0.12 spec=0.33 data=0.40 pop=0.80 vis=0.85 src=apify_google_maps spec=косметология okved=None fin=False
CompetitorMatcher: total=196.6s (extract=1.3s geocode=1.2s gm=84.6s inn=85.2s)
competitors_found: url=https://yutskovskaya.ru count=3 megalopolis=True
HTTP Request: GET http://test/api/analytics/leads?start_date=2026-05-23T12%3A09%3A07.519304&end_date=2026-05-30T12%3A09%3A07.519308 "HTTP/1.1 200 OK"
HTTP Request: GET http://test/api/analytics/leads?start_date=2026-05-23T12%3A09%3A07.563442&end_date=2026-05-30T12%3A09%3A07.563447&tier=hot "HTTP/1.1 200 OK"
HTTP Request: GET http://test/api/analytics/leads?start_date=2026-05-30T12%3A09%3A07.595798&end_date=2026-05-23T12%3A09%3A07.595801 "HTTP/1.1 422 Unprocessable Entity"
HTTP Request: GET http://test/api/analytics/leads?start_date=2026-05-23T12%3A09%3A07.626093&end_date=2026-05-30T12%3A09%3A07.626100&tier=invalid "HTTP/1.1 422 Unprocessable Entity"
HTTP Request: GET http://test/api/analytics/emails?start_date=2026-05-23T12%3A09%3A07.668070&end_date=2026-05-30T12%3A09%3A07.668076 "HTTP/1.1 200 OK"
HTTP Request: GET http://test/api/analytics/emails?start_date=2026-05-23T12%3A09%3A07.717694&end_date=2026-05-30T12%3A09%3A07.717700&tier=warm "HTTP/1.1 200 OK"
HTTP Request: GET http://test/api/analytics/funnel?start_date=2026-05-23T12%3A09%3A07.763519&end_date=2026-05-30T12%3A09%3A07.763523 "HTTP/1.1 200 OK"
HTTP Request: GET http://test/api/analytics/realtime "HTTP/1.1 200 OK"
HTTP Request: GET http://test/api/analytics/export?start_date=2026-05-23T12%3A09%3A07.855007&end_date=2026-05-30T12%3A09%3A07.855012&format=csv "HTTP/1.1 200 OK"
HTTP Request: GET http://test/api/analytics/export?start_date=2026-05-23T12%3A09%3A07.916038&end_date=2026-05-30T12%3A09%3A07.916042&format=json "HTTP/1.1 200 OK"
HTTP Request: GET http://test/api/analytics/export?start_date=2026-05-23T12%3A09%3A07.969948&end_date=2026-05-30T12%3A09%3A07.969953&format=pdf&include_charts=true "HTTP/1.1 200 OK"
HTTP Request: GET http://test/api/analytics/export?start_date=2026-05-23T12%3A09%3A08.016195&end_date=2026-05-30T12%3A09%3A08.016205&format=xml "HTTP/1.1 422 Unprocessable Entity"
HTTP Request: GET http://test/api/analytics/leads?end_date=2026-05-30T12%3A09%3A08.046676 "HTTP/1.1 422 Unprocessable Entity"
HTTP Request: GET http://test/api/analytics/leads?start_date=2026-05-30T12%3A09%3A08.047589 "HTTP/1.1 422 Unprocessable Entity"
Document upload: lead_id=lead_123, type=license, file=test_license.pdf
File saved: /private/var/folders/d1/n83044s92438fyt4y4d1vql40000gn/T/pytest-of-mikhaileliseev/pytest-57/test_upload_document_success0/lead_123/license_c9b72204.pdf
Document created: doc_20260530120908_1252d4
Document upload: lead_id=lead_123, type=invalid_type, file=test_license.pdf
Document upload: lead_id=nonexistent_lead, type=license, file=test_license.pdf
Document upload: lead_id=lead_123, type=license, file=test.exe
Document upload: lead_id=lead_123, type=license, file=large.pdf
Document reprocessing failed: Processing failed
HTTP Request: POST http://test/api/onboarding/start "HTTP/1.1 201 Created"
HTTP Request: POST http://test/api/onboarding/start "HTTP/1.1 404 Not Found"
HTTP Request: POST http://test/api/onboarding/start "HTTP/1.1 409 Conflict"
HTTP Request: GET http://test/api/onboarding/onb_20260517014000_abc123/status "HTTP/1.1 200 OK"
HTTP Request: GET http://test/api/onboarding/onb_999/status "HTTP/1.1 404 Not Found"
HTTP Request: POST http://test/api/onboarding/onb_20260517014000_abc123/documents?document_type=license "HTTP/1.1 201 Created"
HTTP Request: POST http://test/api/onboarding/onb_20260517014000_abc123/documents?document_type=invalid_type "HTTP/1.1 400 Bad Request"
HTTP Request: POST http://test/api/onboarding/onb_20260517014000_abc123/documents?document_type=license "HTTP/1.1 400 Bad Request"
HTTP Request: POST http://test/api/onboarding/onb_20260517014000_abc123/payment "HTTP/1.1 200 OK"
HTTP Request: POST http://test/api/onboarding/onb_20260517014000_abc123/payment "HTTP/1.1 409 Conflict"
HTTP Request: POST http://test/api/onboarding/onb_20260517014000_abc123/complete "HTTP/1.1 200 OK"
HTTP Request: POST http://test/api/onboarding/onb_20260517014000_abc123/complete "HTTP/1.1 409 Conflict"
HTTP Request: POST http://test/api/onboarding/onb_20260517014000_abc123/retry "HTTP/1.1 200 OK"
HTTP Request: POST http://test/api/onboarding/onb_20260517014000_abc123/retry "HTTP/1.1 409 Conflict"
HTTP Request: GET http://test/api/onboarding/lead/lead_123 "HTTP/1.1 200 OK"
HTTP Request: GET http://test/api/onboarding/lead/lead_999 "HTTP/1.1 404 Not Found"
fz152_audit
HTTP Request: POST http://test/api/leads/capture "HTTP/1.1 201 Created"
fz152_audit
HTTP Request: POST http://test/api/leads/capture "HTTP/1.1 201 Created"
fz152_audit
HTTP Request: POST http://test/api/leads/capture "HTTP/1.1 201 Created"
fz152_audit
HTTP Request: POST http://test/api/leads/capture "HTTP/1.1 201 Created"
fz152_audit
HTTP Request: POST http://test/api/leads/capture "HTTP/1.1 201 Created"
HTTP Request: GET http://test/api/analytics/leads?start_date=2026-05-29T12%3A09%3A08.628828%2B00%3A00&end_date=2026-05-30T12%3A09%3A08.785718%2B00%3A00 "HTTP/1.1 200 OK"
fz152_audit
HTTP Request: POST http://test/api/leads/capture "HTTP/1.1 201 Created"
fz152_audit
HTTP Request: POST http://test/api/leads/capture "HTTP/1.1 201 Created"
fz152_audit
HTTP Request: POST http://test/api/leads/capture "HTTP/1.1 201 Created"
fz152_audit
HTTP Request: POST http://test/api/leads/capture "HTTP/1.1 201 Created"
fz152_audit
HTTP Request: POST http://test/api/leads/capture "HTTP/1.1 201 Created"
HTTP Request: GET http://test/api/analytics/emails?start_date=2026-05-29T12%3A09%3A08.814681%2B00%3A00&end_date=2026-05-30T12%3A09%3A08.814681%2B00%3A00 "HTTP/1.1 200 OK"
fz152_audit
HTTP Request: POST http://test/api/leads/capture "HTTP/1.1 201 Created"
fz152_audit
HTTP Request: POST http://test/api/leads/capture "HTTP/1.1 201 Created"
fz152_audit
HTTP Request: POST http://test/api/leads/capture "HTTP/1.1 201 Created"
fz152_audit
HTTP Request: POST http://test/api/leads/capture "HTTP/1.1 201 Created"
fz152_audit
HTTP Request: POST http://test/api/leads/capture "HTTP/1.1 201 Created"
Tesseract OCR initialized with language: rus
[YOOKASSA] Client initialized
Starting onboarding for lead lead_20260530120908_8c49a6fb
Onboarding started: onb_20260530120909_9f1ad1
HTTP Request: POST http://test/api/onboarding/start "HTTP/1.1 201 Created"
Tesseract OCR initialized with language: rus
[YOOKASSA] Client initialized
Starting onboarding for lead lead_20260530120908_799ceff5
Onboarding started: onb_20260530120909_5ba5fd
HTTP Request: POST http://test/api/onboarding/start "HTTP/1.1 201 Created"
Tesseract OCR initialized with language: rus
[YOOKASSA] Client initialized
Starting onboarding for lead lead_20260530120908_a4c95638
Onboarding started: onb_20260530120909_4e1bb9
HTTP Request: POST http://test/api/onboarding/start "HTTP/1.1 201 Created"
HTTP Request: GET http://test/api/analytics/funnel?start_date=2026-05-29T12%3A09%3A08.896015%2B00%3A00&end_date=2026-05-30T12%3A09%3A09.174224%2B00%3A00 "HTTP/1.1 200 OK"
fz152_audit
HTTP Request: POST http://test/api/leads/capture "HTTP/1.1 201 Created"
HTTP Request: GET http://test/api/analytics/realtime "HTTP/1.1 200 OK"
fz152_audit
HTTP Request: POST http://test/api/leads/capture "HTTP/1.1 201 Created"
fz152_audit
HTTP Request: POST http://test/api/leads/capture "HTTP/1.1 201 Created"
fz152_audit
HTTP Request: POST http://test/api/leads/capture "HTTP/1.1 201 Created"
HTTP Request: GET http://test/api/analytics/export?start_date=2026-05-23T12%3A09%3A09.251229%2B00%3A00&end_date=2026-05-30T12%3A09%3A09.251229%2B00%3A00&format=csv "HTTP/1.1 200 OK"
fz152_audit
HTTP Request: POST http://test/api/leads/capture "HTTP/1.1 201 Created"
fz152_audit
HTTP Request: POST http://test/api/leads/capture "HTTP/1.1 201 Created"
fz152_audit
HTTP Request: POST http://test/api/leads/capture "HTTP/1.1 201 Created"
HTTP Request: GET http://test/api/analytics/export?start_date=2026-05-23T12%3A09%3A09.315660%2B00%3A00&end_date=2026-05-30T12%3A09%3A09.315660%2B00%3A00&format=json "HTTP/1.1 200 OK"
fz152_audit
HTTP Request: POST http://test/api/leads/capture "HTTP/1.1 201 Created"
HTTP Request: GET http://test/api/analytics/leads?start_date=2026-05-30T00%3A00%3A00%2B00%3A00&end_date=2026-05-30T12%3A09%3A09.402149%2B00%3A00 "HTTP/1.1 200 OK"
HTTP Request: GET http://test/api/analytics/leads?start_date=2026-05-23T12%3A09%3A09.387521%2B00%3A00&end_date=2026-05-30T12%3A09%3A09.402149%2B00%3A00 "HTTP/1.1 200 OK"
fz152_audit
HTTP Request: POST http://test/api/leads/capture "HTTP/1.1 201 Created"
fz152_audit
HTTP Request: POST http://test/api/leads/capture "HTTP/1.1 201 Created"
fz152_audit
HTTP Request: POST http://test/api/leads/capture "HTTP/1.1 201 Created"
HTTP Request: GET http://test/api/analytics/leads?start_date=2026-05-29T12%3A09%3A09.434341%2B00%3A00&end_date=2026-05-30T12%3A09%3A09.468558%2B00%3A00&tier=cold "HTTP/1.1 200 OK"
fz152_audit
HTTP Request: POST http://test/api/leads/capture "HTTP/1.1 201 Created"
fz152_audit
HTTP Request: POST http://test/api/leads/capture "HTTP/1.1 201 Created"
fz152_audit
HTTP Request: POST http://test/api/leads/capture "HTTP/1.1 201 Created"
fz152_audit
HTTP Request: POST http://test/api/leads/capture "HTTP/1.1 201 Created"
Processed 1 events, 0 failed, 0 skipped
HTTP Request: POST http://test/api/email/webhook/sendgrid "HTTP/1.1 200 OK"
Processed 1 events, 0 failed, 0 skipped
HTTP Request: POST http://test/api/email/webhook/sendgrid "HTTP/1.1 200 OK"
fz152_audit
HTTP Request: POST http://test/api/leads/capture "HTTP/1.1 201 Created"
Processed 1 events, 0 failed, 0 skipped
HTTP Request: POST http://test/api/email/webhook/sendgrid "HTTP/1.1 200 OK"
fz152_audit
HTTP Request: POST http://test/api/leads/capture "HTTP/1.1 201 Created"
Processed 1 events, 0 failed, 0 skipped
HTTP Request: POST http://test/api/email/webhook/sendgrid "HTTP/1.1 200 OK"
fz152_audit
HTTP Request: POST http://test/api/leads/capture "HTTP/1.1 201 Created"
Processed 1 events, 0 failed, 0 skipped
HTTP Request: POST http://test/api/email/webhook/sendgrid "HTTP/1.1 200 OK"
Processed 1 events, 0 failed, 0 skipped
HTTP Request: POST http://test/api/email/webhook/sendgrid "HTTP/1.1 200 OK"
Processed 1 events, 0 failed, 0 skipped
HTTP Request: POST http://test/api/email/webhook/sendgrid "HTTP/1.1 200 OK"
HTTP Request: GET http://test/api/email/metrics "HTTP/1.1 200 OK"
fz152_audit
HTTP Request: POST http://test/api/leads/capture "HTTP/1.1 201 Created"
fz152_audit
HTTP Request: POST http://test/api/leads/capture "HTTP/1.1 201 Created"
fz152_audit
HTTP Request: POST http://test/api/leads/capture "HTTP/1.1 201 Created"
fz152_audit
HTTP Request: POST http://test/api/leads/capture "HTTP/1.1 201 Created"
fz152_audit
HTTP Request: POST http://test/api/leads/capture "HTTP/1.1 201 Created"
fz152_audit
HTTP Request: POST http://test/api/leads/capture "HTTP/1.1 201 Created"
fz152_audit
HTTP Request: POST http://test/api/leads/capture "HTTP/1.1 201 Created"
fz152_audit
HTTP Request: POST http://test/api/leads/capture "HTTP/1.1 201 Created"
fz152_audit
HTTP Request: POST http://test/api/leads/capture "HTTP/1.1 201 Created"
fz152_audit
HTTP Request: POST http://test/api/leads/capture "HTTP/1.1 201 Created"
HTTP Request: POST http://test/api/leads/capture "HTTP/1.1 429 Too Many Requests"
fz152_audit
HTTP Request: POST http://test/api/leads/capture "HTTP/1.1 201 Created"
fz152_audit
HTTP Request: POST http://test/api/leads/capture "HTTP/1.1 201 Created"
fz152_audit
HTTP Request: POST http://test/api/leads/capture "HTTP/1.1 201 Created"
fz152_audit
HTTP Request: POST http://test/api/leads/capture "HTTP/1.1 201 Created"
HTTP Request: POST http://test/api/leads/capture "HTTP/1.1 201 Created"
fz152_audit
HTTP Request: POST http://test/api/leads/capture "HTTP/1.1 201 Created"
fz152_audit
HTTP Request: POST http://test/api/leads/capture "HTTP/1.1 201 Created"
fz152_audit
HTTP Request: POST http://test/api/leads/capture "HTTP/1.1 201 Created"
fz152_audit
HTTP Request: POST http://test/api/leads/capture "HTTP/1.1 201 Created"
fz152_audit
HTTP Request: POST http://test/api/leads/capture "HTTP/1.1 201 Created"
fz152_audit
HTTP Request: POST http://test/api/leads/capture "HTTP/1.1 201 Created"
fz152_audit
HTTP Request: POST http://test/api/leads/capture "HTTP/1.1 201 Created"
fz152_audit
HTTP Request: POST http://test/api/leads/capture "HTTP/1.1 201 Created"
fz152_audit
HTTP Request: POST http://test/api/leads/capture "HTTP/1.1 201 Created"
fz152_audit
HTTP Request: POST http://test/api/leads/capture "HTTP/1.1 201 Created"
HTTP Request: POST http://test/api/leads/capture "HTTP/1.1 429 Too Many Requests"
HTTP Request: POST http://test/api/leads/capture "HTTP/1.1 422 Unprocessable Entity"
HTTP Request: POST http://test/api/leads/capture "HTTP/1.1 422 Unprocessable Entity"
HTTP Request: POST http://test/api/leads/capture "HTTP/1.1 422 Unprocessable Entity"
HTTP Request: POST http://test/api/leads/capture "HTTP/1.1 422 Unprocessable Entity"
fz152_audit
HTTP Request: POST http://test/api/leads/capture "HTTP/1.1 201 Created"
Tesseract OCR initialized with language: rus
[YOOKASSA] Client initialized
Starting onboarding for lead lead_20260530120912_333855ab
Onboarding started: onb_20260530120912_0f4ebc
HTTP Request: POST http://test/api/onboarding/start "HTTP/1.1 201 Created"
Tesseract OCR initialized with language: rus
[YOOKASSA] Client initialized
Uploading document for onboarding onb_20260530120912_0f4ebc: license
Document uploaded: doc_20260530120912_e70150, progress: 17%
HTTP Request: POST http://test/api/onboarding/onb_20260530120912_0f4ebc/documents?document_type=license "HTTP/1.1 201 Created"
Tesseract OCR initialized with language: rus
[YOOKASSA] Client initialized
Uploading document for onboarding onb_20260530120912_0f4ebc: inn
Document uploaded: doc_20260530120913_4782c6, progress: 24%
HTTP Request: POST http://test/api/onboarding/onb_20260530120912_0f4ebc/documents?document_type=inn "HTTP/1.1 201 Created"
Tesseract OCR initialized with language: rus
[YOOKASSA] Client initialized
Uploading document for onboarding onb_20260530120912_0f4ebc: ogrn
Document uploaded: doc_20260530120913_f9c861, progress: 31%
HTTP Request: POST http://test/api/onboarding/onb_20260530120912_0f4ebc/documents?document_type=ogrn "HTTP/1.1 201 Created"
Tesseract OCR initialized with language: rus
[YOOKASSA] Client initialized
Uploading document for onboarding onb_20260530120912_0f4ebc: contract
Document uploaded: doc_20260530120913_16ad56, progress: 40%
HTTP Request: POST http://test/api/onboarding/onb_20260530120912_0f4ebc/documents?document_type=contract "HTTP/1.1 201 Created"
Tesseract OCR initialized with language: rus
[YOOKASSA] Client initialized
HTTP Request: GET http://test/api/onboarding/onb_20260530120912_0f4ebc/status "HTTP/1.1 200 OK"
Tesseract OCR initialized with language: rus
[YOOKASSA] Client initialized
Processing payment for onboarding onb_20260530120912_0f4ebc
Validating documents for onboarding onb_20260530120912_0f4ebc
State transition: OnboardingState.DOCUMENTS_PENDING -> OnboardingState.DOCUMENTS_UPLOADED (event: OnboardingEvent.VALIDATE_DOCUMENTS)
State transition: OnboardingState.DOCUMENTS_UPLOADED -> OnboardingState.DOCUMENTS_VALIDATED (event: OnboardingEvent.VALIDATE_DOCUMENTS)
Documents validated successfully
State transition: OnboardingState.DOCUMENTS_VALIDATED -> OnboardingState.PAYMENT_PENDING (event: OnboardingEvent.REQUEST_PAYMENT)
State transition: OnboardingState.PAYMENT_PENDING -> OnboardingState.PAYMENT_PROCESSING (event: OnboardingEvent.PROCESS_PAYMENT)
State transition: OnboardingState.PAYMENT_PROCESSING -> OnboardingState.PAYMENT_COMPLETED (event: OnboardingEvent.COMPLETE_PAYMENT)
Payment completed: pay_20260530120913_e20319
HTTP Request: POST http://test/api/onboarding/onb_20260530120912_0f4ebc/payment "HTTP/1.1 200 OK"
Tesseract OCR initialized with language: rus
[YOOKASSA] Client initialized
Completing onboarding onb_20260530120912_0f4ebc
State transition: OnboardingState.PAYMENT_COMPLETED -> OnboardingState.ONBOARDING_COMPLETE (event: OnboardingEvent.COMPLETE_ONBOARDING)
Onboarding completed: onb_20260530120912_0f4ebc
HTTP Request: POST http://test/api/onboarding/onb_20260530120912_0f4ebc/complete "HTTP/1.1 200 OK"
Tesseract OCR initialized with language: rus
[YOOKASSA] Client initialized
HTTP Request: GET http://test/api/onboarding/onb_20260530120912_0f4ebc/status "HTTP/1.1 200 OK"
fz152_audit
HTTP Request: POST http://test/api/leads/capture "HTTP/1.1 201 Created"
Tesseract OCR initialized with language: rus
[YOOKASSA] Client initialized
Starting onboarding for lead lead_20260530120913_7d0a0186
Onboarding started: onb_20260530120913_fd2534
HTTP Request: POST http://test/api/onboarding/start "HTTP/1.1 201 Created"
Tesseract OCR initialized with language: rus
[YOOKASSA] Client initialized
Uploading document for onboarding onb_20260530120913_fd2534: license
Document uploaded: doc_20260530120913_f3a6c5, progress: 17%
HTTP Request: POST http://test/api/onboarding/onb_20260530120913_fd2534/documents?document_type=license "HTTP/1.1 201 Created"
Tesseract OCR initialized with language: rus
[YOOKASSA] Client initialized
Uploading document for onboarding onb_20260530120913_fd2534: inn
Document uploaded: doc_20260530120913_4bcbe2, progress: 24%
HTTP Request: POST http://test/api/onboarding/onb_20260530120913_fd2534/documents?document_type=inn "HTTP/1.1 201 Created"
Tesseract OCR initialized with language: rus
[YOOKASSA] Client initialized
Uploading document for onboarding onb_20260530120913_fd2534: ogrn
Document uploaded: doc_20260530120913_fa6a3e, progress: 31%
HTTP Request: POST http://test/api/onboarding/onb_20260530120913_fd2534/documents?document_type=ogrn "HTTP/1.1 201 Created"
Tesseract OCR initialized with language: rus
[YOOKASSA] Client initialized
Uploading document for onboarding onb_20260530120913_fd2534: contract
Document uploaded: doc_20260530120913_662abd, progress: 40%
HTTP Request: POST http://test/api/onboarding/onb_20260530120913_fd2534/documents?document_type=contract "HTTP/1.1 201 Created"
Tesseract OCR initialized with language: rus
[YOOKASSA] Client initialized
Processing payment for onboarding onb_20260530120913_fd2534
Validating documents for onboarding onb_20260530120913_fd2534
Document doc_20260530120913_4bcbe2 not processed: failed
Document doc_20260530120913_662abd not processed: failed
Document doc_20260530120913_f3a6c5 not processed: failed
Document doc_20260530120913_fa6a3e not processed: failed
State transition: OnboardingState.DOCUMENTS_PENDING -> OnboardingState.ONBOARDING_FAILED (event: OnboardingEvent.FAIL)
Document validation failed
HTTP Request: POST http://test/api/onboarding/onb_20260530120913_fd2534/payment "HTTP/1.1 400 Bad Request"
Tesseract OCR initialized with language: rus
[YOOKASSA] Client initialized
HTTP Request: GET http://test/api/onboarding/onb_20260530120913_fd2534/status "HTTP/1.1 200 OK"
fz152_audit
HTTP Request: POST http://test/api/leads/capture "HTTP/1.1 201 Created"
Tesseract OCR initialized with language: rus
[YOOKASSA] Client initialized
Starting onboarding for lead lead_20260530120913_a8d4a027
Onboarding started: onb_20260530120914_424eb2
HTTP Request: POST http://test/api/onboarding/start "HTTP/1.1 201 Created"
Tesseract OCR initialized with language: rus
[YOOKASSA] Client initialized
Uploading document for onboarding onb_20260530120914_424eb2: license
Document uploaded: doc_20260530120914_de2068, progress: 17%
HTTP Request: POST http://test/api/onboarding/onb_20260530120914_424eb2/documents?document_type=license "HTTP/1.1 201 Created"
Tesseract OCR initialized with language: rus
[YOOKASSA] Client initialized
Uploading document for onboarding onb_20260530120914_424eb2: inn
Document uploaded: doc_20260530120914_c56229, progress: 24%
HTTP Request: POST http://test/api/onboarding/onb_20260530120914_424eb2/documents?document_type=inn "HTTP/1.1 201 Created"
Tesseract OCR initialized with language: rus
[YOOKASSA] Client initialized
Uploading document for onboarding onb_20260530120914_424eb2: ogrn
Document uploaded: doc_20260530120914_4c1a59, progress: 31%
HTTP Request: POST http://test/api/onboarding/onb_20260530120914_424eb2/documents?document_type=ogrn "HTTP/1.1 201 Created"
Tesseract OCR initialized with language: rus
[YOOKASSA] Client initialized
Uploading document for onboarding onb_20260530120914_424eb2: contract
Document uploaded: doc_20260530120914_427dc8, progress: 40%
HTTP Request: POST http://test/api/onboarding/onb_20260530120914_424eb2/documents?document_type=contract "HTTP/1.1 201 Created"
Tesseract OCR initialized with language: rus
[YOOKASSA] Client initialized
Processing payment for onboarding onb_20260530120914_424eb2
Validating documents for onboarding onb_20260530120914_424eb2
State transition: OnboardingState.DOCUMENTS_PENDING -> OnboardingState.DOCUMENTS_UPLOADED (event: OnboardingEvent.VALIDATE_DOCUMENTS)
State transition: OnboardingState.DOCUMENTS_UPLOADED -> OnboardingState.DOCUMENTS_VALIDATED (event: OnboardingEvent.VALIDATE_DOCUMENTS)
Documents validated successfully
State transition: OnboardingState.DOCUMENTS_VALIDATED -> OnboardingState.PAYMENT_PENDING (event: OnboardingEvent.REQUEST_PAYMENT)
State transition: OnboardingState.PAYMENT_PENDING -> OnboardingState.PAYMENT_PROCESSING (event: OnboardingEvent.PROCESS_PAYMENT)
Payment processing failed: Insufficient funds
State transition: OnboardingState.PAYMENT_PROCESSING -> OnboardingState.ONBOARDING_FAILED (event: OnboardingEvent.FAIL)
HTTP Request: POST http://test/api/onboarding/onb_20260530120914_424eb2/payment "HTTP/1.1 400 Bad Request"
Tesseract OCR initialized with language: rus
[YOOKASSA] Client initialized
HTTP Request: GET http://test/api/onboarding/onb_20260530120914_424eb2/status "HTTP/1.1 200 OK"
fz152_audit
HTTP Request: POST http://test/api/leads/capture "HTTP/1.1 201 Created"
Tesseract OCR initialized with language: rus
[YOOKASSA] Client initialized
Starting onboarding for lead lead_20260530120914_1a2da9fd
Onboarding started: onb_20260530120914_2a8ebc
HTTP Request: POST http://test/api/onboarding/start "HTTP/1.1 201 Created"
Tesseract OCR initialized with language: rus
[YOOKASSA] Client initialized
Uploading document for onboarding onb_20260530120914_2a8ebc: license
Document uploaded: doc_20260530120914_3f2ad4, progress: 17%
HTTP Request: POST http://test/api/onboarding/onb_20260530120914_2a8ebc/documents?document_type=license "HTTP/1.1 201 Created"
Tesseract OCR initialized with language: rus
[YOOKASSA] Client initialized
Uploading document for onboarding onb_20260530120914_2a8ebc: inn
Document uploaded: doc_20260530120914_669751, progress: 24%
HTTP Request: POST http://test/api/onboarding/onb_20260530120914_2a8ebc/documents?document_type=inn "HTTP/1.1 201 Created"
Tesseract OCR initialized with language: rus
[YOOKASSA] Client initialized
Uploading document for onboarding onb_20260530120914_2a8ebc: ogrn
Document uploaded: doc_20260530120914_2cae71, progress: 31%
HTTP Request: POST http://test/api/onboarding/onb_20260530120914_2a8ebc/documents?document_type=ogrn "HTTP/1.1 201 Created"
Tesseract OCR initialized with language: rus
[YOOKASSA] Client initialized
Uploading document for onboarding onb_20260530120914_2a8ebc: contract
Document uploaded: doc_20260530120915_edd7c0, progress: 40%
HTTP Request: POST http://test/api/onboarding/onb_20260530120914_2a8ebc/documents?document_type=contract "HTTP/1.1 201 Created"
Tesseract OCR initialized with language: rus
[YOOKASSA] Client initialized
Processing payment for onboarding onb_20260530120914_2a8ebc
Validating documents for onboarding onb_20260530120914_2a8ebc
State transition: OnboardingState.DOCUMENTS_PENDING -> OnboardingState.DOCUMENTS_UPLOADED (event: OnboardingEvent.VALIDATE_DOCUMENTS)
State transition: OnboardingState.DOCUMENTS_UPLOADED -> OnboardingState.DOCUMENTS_VALIDATED (event: OnboardingEvent.VALIDATE_DOCUMENTS)
Documents validated successfully
State transition: OnboardingState.DOCUMENTS_VALIDATED -> OnboardingState.PAYMENT_PENDING (event: OnboardingEvent.REQUEST_PAYMENT)
State transition: OnboardingState.PAYMENT_PENDING -> OnboardingState.PAYMENT_PROCESSING (event: OnboardingEvent.PROCESS_PAYMENT)
Payment processing failed: Payment failed
State transition: OnboardingState.PAYMENT_PROCESSING -> OnboardingState.ONBOARDING_FAILED (event: OnboardingEvent.FAIL)
HTTP Request: POST http://test/api/onboarding/onb_20260530120914_2a8ebc/payment "HTTP/1.1 400 Bad Request"
Tesseract OCR initialized with language: rus
[YOOKASSA] Client initialized
Retrying step payment_processing for onboarding onb_20260530120914_2a8ebc
State transition: OnboardingState.ONBOARDING_FAILED -> OnboardingState.DOCUMENTS_PENDING (event: OnboardingEvent.RETRY)
Retry initiated: new state DOCUMENTS_VALIDATED
HTTP Request: POST http://test/api/onboarding/onb_20260530120914_2a8ebc/retry "HTTP/1.1 200 OK"
Tesseract OCR initialized with language: rus
[YOOKASSA] Client initialized
Processing payment for onboarding onb_20260530120914_2a8ebc
State transition: OnboardingState.DOCUMENTS_VALIDATED -> OnboardingState.PAYMENT_PENDING (event: OnboardingEvent.REQUEST_PAYMENT)
State transition: OnboardingState.PAYMENT_PENDING -> OnboardingState.PAYMENT_PROCESSING (event: OnboardingEvent.PROCESS_PAYMENT)
State transition: OnboardingState.PAYMENT_PROCESSING -> OnboardingState.PAYMENT_COMPLETED (event: OnboardingEvent.COMPLETE_PAYMENT)
Payment completed: pay_20260530120915_5462ef
HTTP Request: POST http://test/api/onboarding/onb_20260530120914_2a8ebc/payment "HTTP/1.1 200 OK"
fz152_audit
HTTP Request: POST http://test/api/leads/capture "HTTP/1.1 201 Created"
Tesseract OCR initialized with language: rus
[YOOKASSA] Client initialized
Starting onboarding for lead lead_20260530120915_a31b42eb
Onboarding started: onb_20260530120915_d692f5
HTTP Request: POST http://test/api/onboarding/start "HTTP/1.1 201 Created"
Tesseract OCR initialized with language: rus
[YOOKASSA] Client initialized
HTTP Request: POST http://test/api/onboarding/onb_20260530120915_d692f5/documents?document_type=invalid_type "HTTP/1.1 400 Bad Request"
Tesseract OCR initialized with language: rus
[YOOKASSA] Client initialized
HTTP Request: POST http://test/api/onboarding/onb_20260530120915_d692f5/documents?document_type=license "HTTP/1.1 400 Bad Request"
fz152_audit
HTTP Request: POST http://test/api/leads/capture "HTTP/1.1 201 Created"
Tesseract OCR initialized with language: rus
[YOOKASSA] Client initialized
Starting onboarding for lead lead_20260530120915_5056a816
Onboarding started: onb_20260530120915_75133f
HTTP Request: POST http://test/api/onboarding/start "HTTP/1.1 201 Created"
Tesseract OCR initialized with language: rus
[YOOKASSA] Client initialized
Completing onboarding onb_20260530120915_75133f
HTTP Request: POST http://test/api/onboarding/onb_20260530120915_75133f/complete "HTTP/1.1 409 Conflict"
Tesseract OCR initialized with language: rus
[YOOKASSA] Client initialized
Processing payment for onboarding onb_20260530120915_75133f
HTTP Request: POST http://test/api/onboarding/onb_20260530120915_75133f/payment "HTTP/1.1 400 Bad Request"
Tesseract OCR initialized with language: rus
[YOOKASSA] Client initialized
Uploading document for onboarding onb_20260530120915_75133f: license
Document uploaded: doc_20260530120916_f9167f, progress: 17%
HTTP Request: POST http://test/api/onboarding/onb_20260530120915_75133f/documents?document_type=license "HTTP/1.1 201 Created"
Tesseract OCR initialized with language: rus
[YOOKASSA] Client initialized
Uploading document for onboarding onb_20260530120915_75133f: inn
Document uploaded: doc_20260530120916_642cbe, progress: 24%
HTTP Request: POST http://test/api/onboarding/onb_20260530120915_75133f/documents?document_type=inn "HTTP/1.1 201 Created"
Tesseract OCR initialized with language: rus
[YOOKASSA] Client initialized
Uploading document for onboarding onb_20260530120915_75133f: ogrn
Document uploaded: doc_20260530120916_b04fa8, progress: 31%
HTTP Request: POST http://test/api/onboarding/onb_20260530120915_75133f/documents?document_type=ogrn "HTTP/1.1 201 Created"
Tesseract OCR initialized with language: rus
[YOOKASSA] Client initialized
Uploading document for onboarding onb_20260530120915_75133f: contract
Document uploaded: doc_20260530120916_eebf31, progress: 40%
HTTP Request: POST http://test/api/onboarding/onb_20260530120915_75133f/documents?document_type=contract "HTTP/1.1 201 Created"
Tesseract OCR initialized with language: rus
[YOOKASSA] Client initialized
Completing onboarding onb_20260530120915_75133f
HTTP Request: POST http://test/api/onboarding/onb_20260530120915_75133f/complete "HTTP/1.1 409 Conflict"
Tesseract OCR initialized with language: rus
[YOOKASSA] Client initialized
Processing payment for onboarding onb_20260530120915_75133f
Validating documents for onboarding onb_20260530120915_75133f
State transition: OnboardingState.DOCUMENTS_PENDING -> OnboardingState.DOCUMENTS_UPLOADED (event: OnboardingEvent.VALIDATE_DOCUMENTS)
State transition: OnboardingState.DOCUMENTS_UPLOADED -> OnboardingState.DOCUMENTS_VALIDATED (event: OnboardingEvent.VALIDATE_DOCUMENTS)
Documents validated successfully
State transition: OnboardingState.DOCUMENTS_VALIDATED -> OnboardingState.PAYMENT_PENDING (event: OnboardingEvent.REQUEST_PAYMENT)
State transition: OnboardingState.PAYMENT_PENDING -> OnboardingState.PAYMENT_PROCESSING (event: OnboardingEvent.PROCESS_PAYMENT)
State transition: OnboardingState.PAYMENT_PROCESSING -> OnboardingState.PAYMENT_COMPLETED (event: OnboardingEvent.COMPLETE_PAYMENT)
Payment completed: pay_20260530120916_beee2f
HTTP Request: POST http://test/api/onboarding/onb_20260530120915_75133f/payment "HTTP/1.1 200 OK"
Tesseract OCR initialized with language: rus
[YOOKASSA] Client initialized
Completing onboarding onb_20260530120915_75133f
State transition: OnboardingState.PAYMENT_COMPLETED -> OnboardingState.ONBOARDING_COMPLETE (event: OnboardingEvent.COMPLETE_ONBOARDING)
Onboarding completed: onb_20260530120915_75133f
HTTP Request: POST http://test/api/onboarding/onb_20260530120915_75133f/complete "HTTP/1.1 200 OK"
fz152_audit
HTTP Request: POST http://test/api/leads/capture "HTTP/1.1 201 Created"
Tesseract OCR initialized with language: rus
[YOOKASSA] Client initialized
Starting onboarding for lead lead_20260530120916_62375fa4
Onboarding started: onb_20260530120917_dac641
HTTP Request: POST http://test/api/onboarding/start "HTTP/1.1 201 Created"
Tesseract OCR initialized with language: rus
[YOOKASSA] Client initialized
HTTP Request: GET http://test/api/onboarding/lead/lead_20260530120916_62375fa4 "HTTP/1.1 200 OK"
Tesseract OCR initialized with language: rus
[YOOKASSA] Client initialized
HTTP Request: GET http://test/api/onboarding/lead/lead_999 "HTTP/1.1 404 Not Found"
HTTP Request: POST http://test/api/leads/capture "HTTP/1.1 422 Unprocessable Entity"
fz152_audit
HTTP Request: POST http://test/api/leads/capture "HTTP/1.1 201 Created"
fz152_audit
HTTP Request: POST http://test/api/leads/capture "HTTP/1.1 201 Created"
fz152_audit
HTTP Request: POST http://test/api/leads/capture "HTTP/1.1 201 Created"
fz152_audit
HTTP Request: POST http://test/api/leads/capture "HTTP/1.1 201 Created"
fz152_audit
HTTP Request: POST http://test/api/leads/capture "HTTP/1.1 201 Created"
fz152_audit
HTTP Request: POST http://test/api/leads/capture "HTTP/1.1 201 Created"
fz152_audit
HTTP Request: POST http://test/api/leads/capture "HTTP/1.1 201 Created"
fz152_audit
HTTP Request: POST http://test/api/leads/capture "HTTP/1.1 201 Created"
fz152_audit
HTTP Request: POST http://test/api/leads/capture "HTTP/1.1 201 Created"
fz152_audit
HTTP Request: POST http://test/api/leads/capture "HTTP/1.1 201 Created"
fz152_audit
HTTP Request: POST http://test/api/leads/capture "HTTP/1.1 201 Created"
fz152_audit
HTTP Request: POST http://test/api/leads/capture "HTTP/1.1 201 Created"
fz152_audit
HTTP Request: POST http://test/api/leads/capture "HTTP/1.1 201 Created"
fz152_audit
HTTP Request: POST http://test/api/leads/capture "HTTP/1.1 201 Created"
HTTP Request: POST http://test/api/leads/capture "HTTP/1.1 429 Too Many Requests"
fz152_audit
HTTP Request: POST http://test/api/leads/capture "HTTP/1.1 201 Created"
fz152_audit
HTTP Request: POST http://test/api/leads/capture "HTTP/1.1 201 Created"
fz152_audit
HTTP Request: POST http://test/api/leads/capture "HTTP/1.1 201 Created"
fz152_audit
HTTP Request: POST http://test/api/leads/capture "HTTP/1.1 201 Created"
fz152_audit
HTTP Request: POST http://test/api/leads/capture "HTTP/1.1 201 Created"
fz152_audit
HTTP Request: POST http://test/api/leads/capture "HTTP/1.1 201 Created"
fz152_audit
HTTP Request: POST http://test/api/leads/capture "HTTP/1.1 201 Created"
fz152_audit
HTTP Request: POST http://test/api/leads/capture "HTTP/1.1 201 Created"
fz152_audit
HTTP Request: POST http://test/api/leads/capture "HTTP/1.1 201 Created"
fz152_audit
HTTP Request: POST http://test/api/leads/capture "HTTP/1.1 201 Created"
HTTP Request: POST http://test/api/leads/capture "HTTP/1.1 429 Too Many Requests"
HTTP Request: POST http://test/api/leads/capture "HTTP/1.1 422 Unprocessable Entity"
HTTP Request: POST http://test/api/leads/capture "HTTP/1.1 422 Unprocessable Entity"
HTTP Request: POST http://test/api/leads/capture "HTTP/1.1 422 Unprocessable Entity"
HTTP Request: GET http://test/api/analytics/leads?start_date=2026-01-01T00%3A00%3A00&end_date=2026-12-31T00%3A00%3A00&tier=hot%27+OR+%271%27%3D%271 "HTTP/1.1 422 Unprocessable Entity"
fz152_audit
HTTP Request: POST http://test/api/leads/capture "HTTP/1.1 201 Created"
Tesseract OCR initialized with language: rus
[YOOKASSA] Client initialized
Starting onboarding for lead lead_20260530120920_b82387b8
Onboarding started: onb_20260530120920_237e4e
HTTP Request: POST http://test/api/onboarding/start "HTTP/1.1 201 Created"
Tesseract OCR initialized with language: rus
[YOOKASSA] Client initialized
Uploading document for onboarding onb_20260530120920_237e4e: license
Document uploaded: doc_20260530120920_7eb87f, progress: 17%
HTTP Request: POST http://test/api/onboarding/onb_20260530120920_237e4e/documents?document_type=license "HTTP/1.1 201 Created"
HTTP Request: POST http://test/api/leads/capture "HTTP/1.1 422 Unprocessable Entity"
HTTP Request: POST http://test/api/leads/capture "HTTP/1.1 422 Unprocessable Entity"
HTTP Request: POST http://test/api/leads/capture "HTTP/1.1 422 Unprocessable Entity"
HTTP Request: GET http://test/api/analytics/leads?start_date=2027-01-01T00%3A00%3A00&end_date=2026-01-01T00%3A00%3A00 "HTTP/1.1 422 Unprocessable Entity"
Tesseract OCR initialized with language: rus
[YOOKASSA] Client initialized
HTTP Request: GET http://test/api/onboarding/nonexistent_id/status "HTTP/1.1 404 Not Found"
HTTP Request: POST http://test/api/leads/capture "HTTP/1.1 422 Unprocessable Entity"
HTTP Request: POST http://test/api/documents/upload "HTTP/1.1 404 Not Found"
fz152_audit
HTTP Request: POST http://test/api/leads/capture "HTTP/1.1 201 Created"
HTTP Request: POST http://test/api/leads/capture "HTTP/1.1 201 Created"
fz152_audit
HTTP Request: POST http://test/api/leads/capture "HTTP/1.1 201 Created"
fz152_audit
HTTP Request: POST http://test/api/leads/capture "HTTP/1.1 201 Created"
Loading dictionaries from /Users/mikhaileliseev/Desktop/Dev/meAI/venv/lib/python3.14/site-packages/pymorphy3_dicts_ru/data
format: 2.4, revision: 417150, updated: 2022-01-08T22:09:24.565962
Loading dictionaries from /Users/mikhaileliseev/Desktop/Dev/meAI/venv/lib/python3.14/site-packages/pymorphy3_dicts_ru/data
format: 2.4, revision: 417150, updated: 2022-01-08T22:09:24.565962
Loading dictionaries from /Users/mikhaileliseev/Desktop/Dev/meAI/venv/lib/python3.14/site-packages/pymorphy3_dicts_ru/data
format: 2.4, revision: 417150, updated: 2022-01-08T22:09:24.565962
Loading dictionaries from /Users/mikhaileliseev/Desktop/Dev/meAI/venv/lib/python3.14/site-packages/pymorphy3_dicts_ru/data
format: 2.4, revision: 417150, updated: 2022-01-08T22:09:24.565962
No LLM client configured — using fallback response.
LLM call failed: API unavailable
Traceback (most recent call last):
  File "/Users/mikhaileliseev/Desktop/Dev/meAI/AIM/src/aim/services/ci/dialogue_manager.py", line 265, in chat
    reply = await self._llm(messages)
            ^^^^^^^^^^^^^^^^^^^^^^^^^
  File "/Users/mikhaileliseev/Desktop/Dev/meAI/AIM/tests/services/ci/test_dialogue_manager.py", line 257, in broken_llm
    raise RuntimeError("API unavailable")
RuntimeError: API unavailable
Cannot resolve hostname client.ru for SSRF check — proceeding (hostname-based, not IP literal)
Pipeline [searching]: 🔍 Ищу конкурентов в вашем городе… Анализирую рынок, определяю специализацию…
Pipeline [collecting]: 🎯 Нашёл 1 конкурентов: ТестКлиника. Начинаю глубокий сбор данных по каждому…
Pipeline [reviews]: ⭐ ТестКлиника: собираю отзывы на Яндекс.Картах и ПроДокторове — открываю страницы, извлекаю рейтинги…
Yandex Maps search failed for ТестКлиника: Page.goto: net::ERR_CONNECTION_CLOSED at https://yandex.ru/maps/213/moscow/?text=%D0%A2%D0%B5%D1%81%D1%82%D0%9A%D0%BB%D0%B8%D0%BD%D0%B8%D0%BA%D0%B0%20%D0%9C%D0%BE%D1%81%D0%BA%D0%B2%D0%B0
Call log:
  - navigating to "https://yandex.ru/maps/213/moscow/?text=%D0%A2%D0%B5%D1%81%D1%82%D0%9A%D0%BB%D0%B8%D0%BD%D0%B8%D0%BA%D0%B0%20%D0%9C%D0%BE%D1%81%D0%BA%D0%B2%D0%B0", waiting until "domcontentloaded"

ProDoctorov search failed for ТестКлиника: Page.goto: net::ERR_CONNECTION_CLOSED at https://prodoctorov.ru/moskva/lpu/
Call log:
  - navigating to "https://prodoctorov.ru/moskva/lpu/", waiting until "domcontentloaded"

Skipping ТестКлиника — all collectors empty
Pipeline [matrix]: 📊 Строю матрицу сравнения: сопоставляю ваш сайт с каждым конкурентом по 20+ параметрам…
Pipeline [done]: ✨ Анализ завершён за 1 сек! Все данные собраны, сейчас покажу результат…
Cannot resolve hostname client.ru for SSRF check — proceeding (hostname-based, not IP literal)
Pipeline [searching]: 🔍 Ищу конкурентов в вашем городе… Анализирую рынок, определяю специализацию…
Pipeline [collecting]: 🎯 Нашёл 1 конкурентов: ТестКлиника. Начинаю глубокий сбор данных по каждому…
Pipeline [reviews]: ⭐ ТестКлиника: собираю отзывы на Яндекс.Картах и ПроДокторове — открываю страницы, извлекаю рейтинги…
Yandex Maps search failed for ТестКлиника: Page.goto: net::ERR_CONNECTION_CLOSED at https://yandex.ru/maps/213/moscow/?text=%D0%A2%D0%B5%D1%81%D1%82%D0%9A%D0%BB%D0%B8%D0%BD%D0%B8%D0%BA%D0%B0%20%D0%9C%D0%BE%D1%81%D0%BA%D0%B2%D0%B0
Call log:
  - navigating to "https://yandex.ru/maps/213/moscow/?text=%D0%A2%D0%B5%D1%81%D1%82%D0%9A%D0%BB%D0%B8%D0%BD%D0%B8%D0%BA%D0%B0%20%D0%9C%D0%BE%D1%81%D0%BA%D0%B2%D0%B0", waiting until "domcontentloaded"

ProDoctorov search failed for ТестКлиника: Page.goto: net::ERR_CONNECTION_CLOSED at https://prodoctorov.ru/moskva/lpu/
Call log:
  - navigating to "https://prodoctorov.ru/moskva/lpu/", waiting until "domcontentloaded"

Skipping ТестКлиника — all collectors empty
Pipeline [matrix]: 📊 Строю матрицу сравнения: сопоставляю ваш сайт с каждым конкурентом по 20+ параметрам…
Pipeline [done]: ✨ Анализ завершён за 0 сек! Все данные собраны, сейчас покажу результат…
Cannot resolve hostname client.ru for SSRF check — proceeding (hostname-based, not IP literal)
Pipeline [searching]: 🔍 Ищу конкурентов в вашем городе… Анализирую рынок, определяю специализацию…
Pipeline [done]: ⚠️ Не смог найти конкурентов автоматически. Отправьте их сайты вручную, и я продолжу анализ.
Cannot resolve hostname client.ru for SSRF check — proceeding (hostname-based, not IP literal)
Pipeline [searching]: 🔍 Ищу конкурентов в вашем городе… Анализирую рынок, определяю специализацию…
Pipeline [collecting]: 🎯 Нашёл 1 конкурентов: ТестКлиника. Начинаю глубокий сбор данных по каждому…
Pipeline [reviews]: ⭐ ТестКлиника: собираю отзывы на Яндекс.Картах и ПроДокторове — открываю страницы, извлекаю рейтинги…
Yandex Maps search failed for ТестКлиника: Page.goto: net::ERR_CONNECTION_CLOSED at https://yandex.ru/maps/213/moscow/?text=%D0%A2%D0%B5%D1%81%D1%82%D0%9A%D0%BB%D0%B8%D0%BD%D0%B8%D0%BA%D0%B0%20%D0%9C%D0%BE%D1%81%D0%BA%D0%B2%D0%B0
Call log:
  - navigating to "https://yandex.ru/maps/213/moscow/?text=%D0%A2%D0%B5%D1%81%D1%82%D0%9A%D0%BB%D0%B8%D0%BD%D0%B8%D0%BA%D0%B0%20%D0%9C%D0%BE%D1%81%D0%BA%D0%B2%D0%B0", waiting until "domcontentloaded"

ProDoctorov search failed for ТестКлиника: Page.goto: net::ERR_CONNECTION_CLOSED at https://prodoctorov.ru/moskva/lpu/
Call log:
  - navigating to "https://prodoctorov.ru/moskva/lpu/", waiting until "domcontentloaded"

Skipping ТестКлиника — all collectors empty
Pipeline [matrix]: 📊 Строю матрицу сравнения: сопоставляю ваш сайт с каждым конкурентом по 20+ параметрам…
Pipeline [done]: ✨ Анализ завершён за 0 сек! Все данные собраны, сейчас покажу результат…
HTTP Request: GET https://example.com "HTTP/1.1 200 OK"
HTTP Request: GET https://example.com/robots.txt "HTTP/1.1 404 Not Found"
HTTP Request: GET https://example.com/sitemap.xml "HTTP/1.1 404 Not Found"
HTTP Request: GET https://example.com "HTTP/1.1 200 OK"
HTTP Request: GET https://example.com/robots.txt "HTTP/1.1 404 Not Found"
HTTP Request: GET https://example.com/sitemap.xml "HTTP/1.1 404 Not Found"
HTTP Request: GET https://example.com "HTTP/1.1 200 OK"
HTTP Request: GET https://example.com/robots.txt "HTTP/1.1 404 Not Found"
HTTP Request: GET https://example.com/sitemap.xml "HTTP/1.1 404 Not Found"
HTTP Request: GET https://example.com "HTTP/1.1 200 OK"
HTTP Request: GET https://example.com/robots.txt "HTTP/1.1 404 Not Found"
HTTP Request: GET https://example.com/sitemap.xml "HTTP/1.1 404 Not Found"
HTTP Request: GET https://example.com "HTTP/1.1 200 OK"
HTTP Request: GET https://example.com/robots.txt "HTTP/1.1 404 Not Found"
HTTP Request: GET https://example.com/sitemap.xml "HTTP/1.1 404 Not Found"
HTTP Request: GET https://www.instagram.com/web/search/topsearch/?query=%D0%AE%D1%86%D0%BA%D0%BE%D0%B2%D1%81%D0%BA%D0%B0%D1%8F "HTTP/1.1 401 Unauthorized"
HTTP Request: GET https://t.me/s/%D0%AE%D1%86%D0%BA%D0%BE%D0%B2%D1%81%D0%BA%D0%B0%D1%8F "HTTP/1.1 302 Found"
HTTP Request: GET https://t.me/%D0%AE%D1%86%D0%BA%D0%BE%D0%B2%D1%81%D0%BA%D0%B0%D1%8F "HTTP/1.1 302 Found"
HTTP Request: GET https://telegram.org/ "HTTP/1.1 200 OK"
HTTP Request: GET https://vk.com/search?c%5Bper_page%5D=5&c%5Bq%5D=%D0%AE%D1%86%D0%BA%D0%BE%D0%B2%D1%81%D0%BA%D0%B0%D1%8F&c%5Bsection%5D=communities "HTTP/1.1 200 OK"
HTTP Request: GET https://www.tiktok.com/search/user?q=%D0%AE%D1%86%D0%BA%D0%BE%D0%B2%D1%81%D0%BA%D0%B0%D1%8F "HTTP/1.1 200 OK"
HTTP Request: GET https://www.instagram.com/web/search/topsearch/?query=%D0%A1%D0%B1%D0%B5%D1%80%D0%B1%D0%B0%D0%BD%D0%BA "HTTP/1.1 401 Unauthorized"
HTTP Request: GET https://t.me/s/%D0%A1%D0%B1%D0%B5%D1%80%D0%B1%D0%B0%D0%BD%D0%BA "HTTP/1.1 302 Found"
HTTP Request: GET https://t.me/%D0%A1%D0%B1%D0%B5%D1%80%D0%B1%D0%B0%D0%BD%D0%BA "HTTP/1.1 302 Found"
HTTP Request: GET https://telegram.org/ "HTTP/1.1 200 OK"
HTTP Request: GET https://vk.com/search?c%5Bper_page%5D=5&c%5Bq%5D=%D0%A1%D0%B1%D0%B5%D1%80%D0%B1%D0%B0%D0%BD%D0%BA&c%5Bsection%5D=communities "HTTP/1.1 200 OK"
HTTP Request: GET https://www.tiktok.com/search/user?q=%D0%A1%D0%B1%D0%B5%D1%80%D0%B1%D0%B0%D0%BD%D0%BA "HTTP/1.1 200 OK"
HTTP Request: GET https://www.instagram.com/web/search/topsearch/?query=%D0%B0%D0%B1%D0%B2%D0%B3%D0%B4-%D0%BD%D0%B5%D1%81%D1%83%D1%89%D0%B5%D1%81%D1%82%D0%B2%D1%83%D1%8E%D1%89%D0%B0%D1%8F-%D0%BA%D0%BE%D0%BC%D0%BF%D0%B0%D0%BD%D0%B8%D1%8F-12345 "HTTP/1.1 401 Unauthorized"
HTTP Request: GET https://t.me/s/%D0%B0%D0%B1%D0%B2%D0%B3%D0%B4-%D0%BD%D0%B5%D1%81%D1%83%D1%89%D0%B5%D1%81%D1%82%D0%B2%D1%83%D1%8E%D1%89%D0%B0%D1%8F-%D0%BA%D0%BE%D0%BC%D0%BF%D0%B0%D0%BD%D0%B8%D1%8F-12345 "HTTP/1.1 302 Found"
HTTP Request: GET https://t.me/%D0%B0%D0%B1%D0%B2%D0%B3%D0%B4-%D0%BD%D0%B5%D1%81%D1%83%D1%89%D0%B5%D1%81%D1%82%D0%B2%D1%83%D1%8E%D1%89%D0%B0%D1%8F-%D0%BA%D0%BE%D0%BC%D0%BF%D0%B0%D0%BD%D0%B8%D1%8F-12345 "HTTP/1.1 302 Found"
HTTP Request: GET https://telegram.org/ "HTTP/1.1 200 OK"
HTTP Request: GET https://vk.com/search?c%5Bper_page%5D=5&c%5Bq%5D=%D0%B0%D0%B1%D0%B2%D0%B3%D0%B4-%D0%BD%D0%B5%D1%81%D1%83%D1%89%D0%B5%D1%81%D1%82%D0%B2%D1%83%D1%8E%D1%89%D0%B0%D1%8F-%D0%BA%D0%BE%D0%BC%D0%BF%D0%B0%D0%BD%D0%B8%D1%8F-12345&c%5Bsection%5D=communities "HTTP/1.1 200 OK"
HTTP Request: GET https://www.tiktok.com/search/user?q=%D0%B0%D0%B1%D0%B2%D0%B3%D0%B4-%D0%BD%D0%B5%D1%81%D1%83%D1%89%D0%B5%D1%81%D1%82%D0%B2%D1%83%D1%8E%D1%89%D0%B0%D1%8F-%D0%BA%D0%BE%D0%BC%D0%BF%D0%B0%D0%BD%D0%B8%D1%8F-12345 "HTTP/1.1 200 OK"
HTTP Request: GET https://www.instagram.com/web/search/topsearch/?query=%D0%A1%D0%B1%D0%B5%D1%80%D0%B1%D0%B0%D0%BD%D0%BA "HTTP/1.1 401 Unauthorized"
HTTP Request: GET https://t.me/s/%D0%A1%D0%B1%D0%B5%D1%80%D0%B1%D0%B0%D0%BD%D0%BA "HTTP/1.1 302 Found"
HTTP Request: GET https://t.me/%D0%A1%D0%B1%D0%B5%D1%80%D0%B1%D0%B0%D0%BD%D0%BA "HTTP/1.1 302 Found"
HTTP Request: GET https://telegram.org/ "HTTP/1.1 200 OK"
HTTP Request: GET https://vk.com/search?c%5Bper_page%5D=5&c%5Bq%5D=%D0%A1%D0%B1%D0%B5%D1%80%D0%B1%D0%B0%D0%BD%D0%BA&c%5Bsection%5D=communities "HTTP/1.1 200 OK"
HTTP Request: GET https://www.tiktok.com/search/user?q=%D0%A1%D0%B1%D0%B5%D1%80%D0%B1%D0%B0%D0%BD%D0%BA "HTTP/1.1 200 OK"
Email 6350dbff-1e30-4e6b-a1d7-2e229c8a252d sent successfully to ivan@example.com
Email c27dd28e-f247-4b66-86cb-608f30c9c3c5 already sent
SendGrid error: 400 - Bad Request
Failed to send email: Network error
Traceback (most recent call last):
  File "/Users/mikhaileliseev/Desktop/Dev/meAI/AIM/src/aim/services/email/email_sender.py", line 120, in send_email
    response = self.client.send(message)
  File "/opt/homebrew/Cellar/python@3.14/3.14.4/Frameworks/Python.framework/Versions/3.14/lib/python3.14/unittest/mock.py", line 1176, in __call__
    return self._mock_call(*args, **kwargs)
           ~~~~~~~~~~~~~~~^^^^^^^^^^^^^^^^^
  File "/opt/homebrew/Cellar/python@3.14/3.14.4/Frameworks/Python.framework/Versions/3.14/lib/python3.14/unittest/mock.py", line 1180, in _mock_call
    return self._execute_mock_call(*args, **kwargs)
           ~~~~~~~~~~~~~~~~~~~~~~~^^^^^^^^^^^^^^^^^
  File "/opt/homebrew/Cellar/python@3.14/3.14.4/Frameworks/Python.framework/Versions/3.14/lib/python3.14/unittest/mock.py", line 1241, in _execute_mock_call
    raise effect
Exception: Network error
Email 38f50245-8a6a-44de-86ea-f2f0ce54ed59 exceeded max retries (3)
Email 9afd0505-bcb5-460b-9c89-95a32d254c4f sent successfully to test0@example.com
Email 2084c59b-b6c2-4a89-9990-949e371614bb sent successfully to test1@example.com
Email b841110f-5017-4b3a-9351-77b1a14950be sent successfully to test2@example.com
Batch send complete: 3 sent, 0 failed
Test email sent to test@example.com
API key validation failed: Invalid API key
Webhook secret not configured, skipping verification
Processed 1 events, 0 failed, 0 skipped
Processed 1 events, 0 failed, 0 skipped
Processed 1 events, 0 failed, 0 skipped
Processed 1 events, 0 failed, 0 skipped
Processed 1 events, 0 failed, 0 skipped
Processed 1 events, 0 failed, 0 skipped
Processed 3 events, 0 failed, 0 skipped
Event missing email_id: {'event': 'delivered', 'email': 'test@example.com', 'timestamp': 1234567890}
Processed 0 events, 0 failed, 1 skipped
Error processing event: Invalid email_id format: not-a-uuid
Traceback (most recent call last):
  File "/Users/mikhaileliseev/Desktop/Dev/meAI/AIM/src/aim/services/email/webhook_handler.py", line 174, in _process_single_event
    email_id = UUID(email_id_str)
  File "/opt/homebrew/Cellar/python@3.14/3.14.4/Frameworks/Python.framework/Versions/3.14/lib/python3.14/uuid.py", line 219, in __init__
    raise ValueError('badly formed hexadecimal UUID string')
ValueError: badly formed hexadecimal UUID string

During handling of the above exception, another exception occurred:

Traceback (most recent call last):
  File "/Users/mikhaileliseev/Desktop/Dev/meAI/AIM/src/aim/services/email/webhook_handler.py", line 132, in process_events
    result = await self._process_single_event(event)
             ^^^^^^^^^^^^^^^^^^^^^^^^^^^^^^^^^^^^^^^
  File "/Users/mikhaileliseev/Desktop/Dev/meAI/AIM/src/aim/services/email/webhook_handler.py", line 176, in _process_single_event
    raise ValueError(f"Invalid email_id format: {email_id_str}")
ValueError: Invalid email_id format: not-a-uuid
Processed 0 events, 1 failed, 0 skipped
Unknown event type: unknown_event
Processed 0 events, 0 failed, 1 skipped
HelcimClient initialized (STUB MODE)
STUB: Using mock Helcim client. Replace with ЮKassa in Phase 12 for production.
HelcimClient initialized (STUB MODE)
STUB: Using mock Helcim client. Replace with ЮKassa in Phase 12 for production.
STUB: Processing payment - amount=1000.0 RUB, customer=ivan@example.com
STUB: Payment successful - transaction_id=STUB-53B89C1D1894406B
HelcimClient initialized (STUB MODE)
STUB: Using mock Helcim client. Replace with ЮKassa in Phase 12 for production.
STUB: Processing payment - amount=500.0 RUB, customer=maria@example.com
STUB: Payment successful - transaction_id=STUB-922F7640BB8547B2
HelcimClient initialized (STUB MODE)
STUB: Using mock Helcim client. Replace with ЮKassa in Phase 12 for production.
STUB: Checking payment status - transaction_id=STUB-ABC123
HelcimClient initialized (STUB MODE)
STUB: Using mock Helcim client. Replace with ЮKassa in Phase 12 for production.
STUB: Processing refund - transaction_id=STUB-ABC123, amount=1000.0, reason=Customer request
STUB: Refund successful - refund_id=REFUND-13735B17BC654E66
HelcimClient initialized (STUB MODE)
STUB: Using mock Helcim client. Replace with ЮKassa in Phase 12 for production.
STUB: Processing refund - transaction_id=STUB-ABC123, amount=500.0, reason=Partial refund
STUB: Refund successful - refund_id=REFUND-9EA2F10A41904F3E
HelcimClient initialized (STUB MODE)
STUB: Using mock Helcim client. Replace with ЮKassa in Phase 12 for production.
HelcimClient initialized (STUB MODE)
STUB: Using mock Helcim client. Replace with ЮKassa in Phase 12 for production.
HelcimClient initialized (STUB MODE)
STUB: Using mock Helcim client. Replace with ЮKassa in Phase 12 for production.
HelcimClient initialized (STUB MODE)
STUB: Using mock Helcim client. Replace with ЮKassa in Phase 12 for production.
HelcimClient initialized (STUB MODE)
STUB: Using mock Helcim client. Replace with ЮKassa in Phase 12 for production.
STUB: Closing HelcimClient (no-op)
Creating payment - id=pay_20260530120947_3ceeb5, amount=1000.0 RUB
Payment created - id=pay_20260530120947_3ceeb5, yookassa_id=yk_abc123def456, status=pending
Creating payment - id=pay_20260530120947_71a40a, amount=500.0 RUB
Payment created - id=pay_20260530120947_71a40a, yookassa_id=yk_abc123def456, status=pending
Creating payment - id=pay_20260530120947_2d1794, amount=750.0 RUB
Payment created - id=pay_20260530120947_2d1794, yookassa_id=yk_abc123def456, status=pending
Creating payment - id=pay_20260530120947_ee08dc, amount=1000.0 RUB
Payment created - id=pay_20260530120947_ee08dc, yookassa_id=yk_abc123def456, status=pending
Getting payment status - id=pay_20260530120947_ee08dc
Getting payment status - id=pay_nonexistent
Processing refund - payment_id=pay_test_full, amount=None
Refund processed - payment_id=pay_test_full, amount=1000.0
Processing refund - payment_id=pay_test_partial, amount=500.0
Refund processed - payment_id=pay_test_partial, amount=500.0
Processing refund - payment_id=pay_nonexistent, amount=None
Processing refund - payment_id=pay_failed, amount=None
Processing refund - payment_id=pay_exceed_test, amount=2000.0
Creating payment - id=pay_20260530120948_ed79cc, amount=1000.0 RUB
Payment created - id=pay_20260530120948_ed79cc, yookassa_id=yk_abc123def456, status=pending
Creating payment - id=pay_20260530120948_6fe17a, amount=1000.0 RUB
Payment created - id=pay_20260530120948_6fe17a, yookassa_id=yk_abc123def456, status=pending
ApifyKeyPool loaded: 1 total, 1 active, 0 exhausted
ApifyKeyPool loaded: 3 total, 3 active, 0 exhausted
Apify key exhausted: test-1 (remaining active: 2)
Rotated Apify key (active: 2)
ApifyKeyPool loaded: 1 total, 1 active, 0 exhausted
Apify key exhausted: test-1 (remaining active: 0)
ApifyKeyPool dry — no active keys left
ApifyKeyPool loaded: 4 total, 4 active, 0 exhausted
Apify key exhausted: test-1 (remaining active: 3)
Rotated Apify key (active: 3)
Apify key exhausted: test-2 (remaining active: 2)
Rotated Apify key (active: 2)
Apify key exhausted: test-3 (remaining active: 1)
Rotated Apify key (active: 1)
ApifyKeyPool loaded: 3 total, 3 active, 0 exhausted
ApifyKeyPool loaded: 1 total, 1 active, 0 exhausted
ApifyKeyPool loaded: 2 total, 2 active, 0 exhausted
Apify key exhausted:  (remaining active: 1)
ApifyKeyPool loaded: 1 total, 1 active, 0 exhausted
Apify key exhausted:  (remaining active: 0)
ApifyKeyPool loaded: 2 total, 2 active, 0 exhausted
Apify key exhausted:  (remaining active: 1)
ApifyKeyPool loaded: 2 total, 1 active, 1 exhausted
ApifyKeyPool loaded: 1 total, 1 active, 0 exhausted
Apify key exhausted:  (remaining active: 0)
Auto-recovered 1 keys (>= 31 days)
ApifyKeyPool loaded: 2 total, 2 active, 0 exhausted
ApifyKeyPool loaded: 2 total, 1 active, 1 exhausted
Auto-recovered 1 keys (>= 31 days)
ApifyKeyPool loaded: 2 total, 2 active, 0 exhausted
Auto-recovered 2 keys (>= 31 days)
ApifyKeyPool loaded: 3 total, 3 active, 0 exhausted
ApifyKeyPool loaded: 3 total, 3 active, 0 exhausted
ApifyKeyPool loaded: 4 total, 4 active, 0 exhausted
Apify key exhausted:  (remaining active: 3)
Apify key exhausted:  (remaining active: 2)
ApifyKeyPool loaded: 4 total, 4 active, 0 exhausted
Apify key exhausted:  (remaining active: 3)
Apify key exhausted:  (remaining active: 2)
Auto-recovered 1 keys (>= 31 days)
ApifyKeyPool loaded: 3 total, 2 active, 1 exhausted
ApifyKeyPool loaded: 1 total, 1 active, 0 exhausted
Tesseract OCR initialized with language: rus
Tesseract OCR initialized with language: rus
Extracting text from image: /private/var/folders/d1/n83044s92438fyt4y4d1vql40000gn/T/pytest-of-mikhaileliseev/pytest-57/test_ocr_extract_text_from_ima0/test.png
Extracted 263 characters from /private/var/folders/d1/n83044s92438fyt4y4d1vql40000gn/T/pytest-of-mikhaileliseev/pytest-57/test_ocr_extract_text_from_ima0/test.png
Tesseract OCR initialized with language: rus
Extracting text from PDF: /private/var/folders/d1/n83044s92438fyt4y4d1vql40000gn/T/pytest-of-mikhaileliseev/pytest-57/test_ocr_extract_text_from_pdf0/test.pdf
Converted PDF to 1 images
Extracted 263 characters from 1 pages
Tesseract OCR initialized with language: rus
Extracting text from image: /nonexistent/file.png
Extracting data from license document
Extracted data with confidence 0.95: 12 fields
Extracting data from unknown document
Extracting data from license document
Failed to parse AI response: Expecting value: line 1 column 1 (char 0)
Validating license document data
Validation complete: valid=True, errors=0, warnings=0
Validating license document data
Validation complete: valid=False, errors=1, warnings=0
Validating license document data
Validation complete: valid=False, errors=1, warnings=0
Validating license document data
Validation complete: valid=True, errors=0, warnings=1
Processing document doc_20260517_abc123 (license)
OCR extracted 311 characters
AI extracted data with confidence 0.85
Validation: valid=True, errors=0, warnings=0
Document doc_20260517_abc123 processed successfully: status=valid
Processing document doc_20260517_abc123 (license)
Document processing failed: File not found: /nonexistent/file.pdf
Processing document doc_20260517_abc123 (license)
Document processing failed: OCR failed
Reprocessing document doc_20260517_abc123
Processing document doc_20260517_abc123 (license)
OCR extracted 311 characters
AI extracted data with confidence 0.85
Validation: valid=True, errors=0, warnings=0
Document doc_20260517_abc123 processed successfully: status=valid
Email sent to client@example.com: status=202, message_id=test-message-id-123
Failed to send email to client@example.com: SendGrid API error
Email sent to client@example.com: status=202, message_id=test-id
Email sent to client1@example.com: status=202, message_id=test-id
Email sent to client2@example.com: status=202, message_id=test-id
Email sent to client3@example.com: status=202, message_id=test-id
Bulk send completed: 3/3 successful
Email sent to client1@example.com: status=202, message_id=test-id-1
Failed to send email to client2@example.com: SendGrid error
Email sent to client3@example.com: status=202, message_id=test-id-3
Bulk send completed: 2/3 successful
Test email sent to test@example.com: status=202
Email sent to client@example.com: status=202, message_id=test-id
fz152_audit
Starting onboarding for lead lead_123
Onboarding started: onb_20260530120948_f84eee
Starting onboarding for lead lead_999
Starting onboarding for lead lead_123
Uploading document for onboarding onb_20260517014000_abc123: license
Document uploaded: doc_123, progress: <MagicMock name='mock.execute().scalar_one_or_none().calculate_progress()' id='6260463600'>%
Uploading document for onboarding onb_999: license
Uploading document for onboarding onb_20260517014000_abc123: license
Validating documents for onboarding onb_20260517014000_abc123
State transition: OnboardingState.DOCUMENTS_PENDING -> OnboardingState.DOCUMENTS_UPLOADED (event: OnboardingEvent.VALIDATE_DOCUMENTS)
State transition: OnboardingState.DOCUMENTS_UPLOADED -> OnboardingState.DOCUMENTS_VALIDATED (event: OnboardingEvent.VALIDATE_DOCUMENTS)
Documents validated successfully
Validating documents for onboarding onb_20260517014000_abc123
Validating documents for onboarding onb_20260517014000_abc123
Document <MagicMock name='mock.id' id='6260338576'> not valid: invalid
State transition: OnboardingState.DOCUMENTS_PENDING -> OnboardingState.ONBOARDING_FAILED (event: OnboardingEvent.FAIL)
Document validation failed
Processing payment for onboarding onb_20260517014000_abc123
State transition: OnboardingState.DOCUMENTS_VALIDATED -> OnboardingState.PAYMENT_PENDING (event: OnboardingEvent.REQUEST_PAYMENT)
State transition: OnboardingState.PAYMENT_PENDING -> OnboardingState.PAYMENT_PROCESSING (event: OnboardingEvent.PROCESS_PAYMENT)
State transition: OnboardingState.PAYMENT_PROCESSING -> OnboardingState.PAYMENT_COMPLETED (event: OnboardingEvent.COMPLETE_PAYMENT)
Payment completed: pay_123
Processing payment for onboarding onb_20260517014000_abc123
Completing onboarding onb_20260517014000_abc123
State transition: OnboardingState.PAYMENT_COMPLETED -> OnboardingState.ONBOARDING_COMPLETE (event: OnboardingEvent.COMPLETE_ONBOARDING)
Onboarding completed: onb_20260517014000_abc123
Completing onboarding onb_20260517014000_abc123
Retrying step documents_validation for onboarding onb_20260517014000_abc123
State transition: OnboardingState.ONBOARDING_FAILED -> OnboardingState.DOCUMENTS_PENDING (event: OnboardingEvent.RETRY)
Retry initiated: new state DOCUMENTS_PENDING
Retrying step payment_processing for onboarding onb_20260517014000_abc123
State transition: OnboardingState.ONBOARDING_FAILED -> OnboardingState.DOCUMENTS_PENDING (event: OnboardingEvent.RETRY)
Retry initiated: new state DOCUMENTS_VALIDATED
Retrying step documents_validation for onboarding onb_20260517014000_abc123
Scheduler started
Report scheduler started
Report scheduler shutdown
Scheduler has been shut down
Scheduler started
Report scheduler started
Added job "Weekly report for proj-123" to job store "default"
Scheduled weekly report for proj-123: day_of_week=0, hour=9, minute=0
Report scheduler shutdown
Scheduler has been shut down
Scheduler started
Report scheduler started
Added job "Monthly report for proj-456" to job store "default"
Scheduled monthly report for proj-456: day=1, hour=9, minute=0
Report scheduler shutdown
Scheduler has been shut down
Scheduler started
Report scheduler started
Added job "Weekly report for proj-789" to job store "default"
Scheduled weekly report for proj-789: day_of_week=0, hour=9, minute=0
Removed job weekly_proj-789
Removed weekly schedule for proj-789
Report scheduler shutdown
Scheduler has been shut down
Scheduler started
Report scheduler started
Added job "Weekly report for proj-pause" to job store "default"
Scheduled weekly report for proj-pause: day_of_week=0, hour=9, minute=0
Paused weekly schedule for proj-pause
Resumed weekly schedule for proj-pause
Report scheduler shutdown
Scheduler has been shut down
Scheduler started
Report scheduler started
Added job "Weekly report for proj-1" to job store "default"
Scheduled weekly report for proj-1: day_of_week=0, hour=9, minute=0
Added job "Weekly report for proj-2" to job store "default"
Scheduled weekly report for proj-2: day_of_week=1, hour=10, minute=0
Added job "Monthly report for proj-3" to job store "default"
Scheduled monthly report for proj-3: day=1, hour=9, minute=0
Report scheduler shutdown
Scheduler has been shut down
Scheduler started
Report scheduler started
Added job "Weekly report for proj-get" to job store "default"
Scheduled weekly report for proj-get: day_of_week=0, hour=9, minute=0
Report scheduler shutdown
Scheduler has been shut down
Scheduler started
Report scheduler started
Report scheduler shutdown
Scheduler has been shut down
Scheduler started
Report scheduler started
Manually triggered weekly report for proj-trigger
Report scheduler shutdown
Scheduler has been shut down
Scheduler started
Report scheduler started
Added job "Weekly report for proj-replace" to job store "default"
Scheduled weekly report for proj-replace: day_of_week=0, hour=9, minute=0
Added job "Weekly report for proj-replace" to job store "default"
Scheduled weekly report for proj-replace: day_of_week=1, hour=10, minute=0
Report scheduler shutdown
Scheduler has been shut down
Scheduler started
Report scheduler started
Added job "Weekly report for proj-0" to job store "default"
Scheduled weekly report for proj-0: day_of_week=0, hour=9, minute=0
Added job "Monthly report for proj-0" to job store "default"
Scheduled monthly report for proj-0: day=1, hour=9, minute=0
Added job "Weekly report for proj-1" to job store "default"
Scheduled weekly report for proj-1: day_of_week=1, hour=9, minute=0
Added job "Monthly report for proj-1" to job store "default"
Scheduled monthly report for proj-1: day=2, hour=9, minute=0
Added job "Weekly report for proj-2" to job store "default"
Scheduled weekly report for proj-2: day_of_week=2, hour=9, minute=0
Added job "Monthly report for proj-2" to job store "default"
Scheduled monthly report for proj-2: day=3, hour=9, minute=0
Added job "Weekly report for proj-3" to job store "default"
Scheduled weekly report for proj-3: day_of_week=3, hour=9, minute=0
Added job "Monthly report for proj-3" to job store "default"
Scheduled monthly report for proj-3: day=4, hour=9, minute=0
Added job "Weekly report for proj-4" to job store "default"
Scheduled weekly report for proj-4: day_of_week=4, hour=9, minute=0
Added job "Monthly report for proj-4" to job store "default"
Scheduled monthly report for proj-4: day=5, hour=9, minute=0
Report scheduler shutdown
Scheduler has been shut down
HTTP Request: HEAD https://huggingface.co/sentence-transformers/all-MiniLM-L6-v2/resolve/main/modules.json "HTTP/1.1 307 Temporary Redirect"
HTTP Request: HEAD https://huggingface.co/api/resolve-cache/models/sentence-transformers/all-MiniLM-L6-v2/c9745ed1d9f207416be6d2e6f8de32d1f16199bf/modules.json "HTTP/1.1 200 OK"
HTTP Request: HEAD https://huggingface.co/sentence-transformers/all-MiniLM-L6-v2/resolve/main/config_sentence_transformers.json "HTTP/1.1 307 Temporary Redirect"
Warning: You are sending unauthenticated requests to the HF Hub. Please set a HF_TOKEN to enable higher rate limits and faster downloads.
HTTP Request: HEAD https://huggingface.co/api/resolve-cache/models/sentence-transformers/all-MiniLM-L6-v2/c9745ed1d9f207416be6d2e6f8de32d1f16199bf/config_sentence_transformers.json "HTTP/1.1 200 OK"
Loading SentenceTransformer model from sentence-transformers/all-MiniLM-L6-v2.
HTTP Request: HEAD https://huggingface.co/sentence-transformers/all-MiniLM-L6-v2/resolve/main/config_sentence_transformers.json "HTTP/1.1 307 Temporary Redirect"
HTTP Request: HEAD https://huggingface.co/api/resolve-cache/models/sentence-transformers/all-MiniLM-L6-v2/c9745ed1d9f207416be6d2e6f8de32d1f16199bf/config_sentence_transformers.json "HTTP/1.1 200 OK"
HTTP Request: HEAD https://huggingface.co/sentence-transformers/all-MiniLM-L6-v2/resolve/main/README.md "HTTP/1.1 307 Temporary Redirect"
HTTP Request: HEAD https://huggingface.co/api/resolve-cache/models/sentence-transformers/all-MiniLM-L6-v2/c9745ed1d9f207416be6d2e6f8de32d1f16199bf/README.md "HTTP/1.1 200 OK"
HTTP Request: HEAD https://huggingface.co/sentence-transformers/all-MiniLM-L6-v2/resolve/main/modules.json "HTTP/1.1 307 Temporary Redirect"
HTTP Request: HEAD https://huggingface.co/api/resolve-cache/models/sentence-transformers/all-MiniLM-L6-v2/c9745ed1d9f207416be6d2e6f8de32d1f16199bf/modules.json "HTTP/1.1 200 OK"
HTTP Request: HEAD https://huggingface.co/sentence-transformers/all-MiniLM-L6-v2/resolve/main/sentence_bert_config.json "HTTP/1.1 307 Temporary Redirect"
HTTP Request: HEAD https://huggingface.co/api/resolve-cache/models/sentence-transformers/all-MiniLM-L6-v2/c9745ed1d9f207416be6d2e6f8de32d1f16199bf/sentence_bert_config.json "HTTP/1.1 200 OK"
HTTP Request: HEAD https://huggingface.co/sentence-transformers/all-MiniLM-L6-v2/resolve/main/adapter_config.json "HTTP/1.1 404 Not Found"
HTTP Request: HEAD https://huggingface.co/sentence-transformers/all-MiniLM-L6-v2/resolve/main/config.json "HTTP/1.1 307 Temporary Redirect"
HTTP Request: HEAD https://huggingface.co/api/resolve-cache/models/sentence-transformers/all-MiniLM-L6-v2/c9745ed1d9f207416be6d2e6f8de32d1f16199bf/config.json "HTTP/1.1 200 OK"
HTTP Request: HEAD https://huggingface.co/sentence-transformers/all-MiniLM-L6-v2/resolve/main/processor_config.json "HTTP/1.1 404 Not Found"
HTTP Request: HEAD https://huggingface.co/sentence-transformers/all-MiniLM-L6-v2/resolve/main/preprocessor_config.json "HTTP/1.1 404 Not Found"
HTTP Request: HEAD https://huggingface.co/sentence-transformers/all-MiniLM-L6-v2/resolve/main/video_preprocessor_config.json "HTTP/1.1 404 Not Found"
HTTP Request: HEAD https://huggingface.co/sentence-transformers/all-MiniLM-L6-v2/resolve/main/preprocessor_config.json "HTTP/1.1 404 Not Found"
HTTP Request: HEAD https://huggingface.co/sentence-transformers/all-MiniLM-L6-v2/resolve/main/tokenizer_config.json "HTTP/1.1 307 Temporary Redirect"
HTTP Request: HEAD https://huggingface.co/api/resolve-cache/models/sentence-transformers/all-MiniLM-L6-v2/c9745ed1d9f207416be6d2e6f8de32d1f16199bf/tokenizer_config.json "HTTP/1.1 200 OK"
HTTP Request: HEAD https://huggingface.co/sentence-transformers/all-MiniLM-L6-v2/resolve/main/config.json "HTTP/1.1 307 Temporary Redirect"
HTTP Request: HEAD https://huggingface.co/api/resolve-cache/models/sentence-transformers/all-MiniLM-L6-v2/c9745ed1d9f207416be6d2e6f8de32d1f16199bf/config.json "HTTP/1.1 200 OK"
HTTP Request: HEAD https://huggingface.co/sentence-transformers/all-MiniLM-L6-v2/resolve/main/config.json "HTTP/1.1 307 Temporary Redirect"
HTTP Request: HEAD https://huggingface.co/api/resolve-cache/models/sentence-transformers/all-MiniLM-L6-v2/c9745ed1d9f207416be6d2e6f8de32d1f16199bf/config.json "HTTP/1.1 200 OK"
HTTP Request: HEAD https://huggingface.co/sentence-transformers/all-MiniLM-L6-v2/resolve/main/tokenizer_config.json "HTTP/1.1 307 Temporary Redirect"
HTTP Request: HEAD https://huggingface.co/api/resolve-cache/models/sentence-transformers/all-MiniLM-L6-v2/c9745ed1d9f207416be6d2e6f8de32d1f16199bf/tokenizer_config.json "HTTP/1.1 200 OK"
HTTP Request: GET https://huggingface.co/api/models/sentence-transformers/all-MiniLM-L6-v2/tree/main/additional_chat_templates?recursive=false&expand=false "HTTP/1.1 404 Not Found"
HTTP Request: GET https://huggingface.co/api/models/sentence-transformers/all-MiniLM-L6-v2/tree/main?recursive=true&expand=false "HTTP/1.1 200 OK"
HTTP Request: HEAD https://huggingface.co/sentence-transformers/all-MiniLM-L6-v2/resolve/main/1_Pooling/config.json "HTTP/1.1 307 Temporary Redirect"
HTTP Request: HEAD https://huggingface.co/api/resolve-cache/models/sentence-transformers/all-MiniLM-L6-v2/c9745ed1d9f207416be6d2e6f8de32d1f16199bf/1_Pooling%2Fconfig.json "HTTP/1.1 200 OK"
HTTP Request: GET https://huggingface.co/api/models/sentence-transformers/all-MiniLM-L6-v2 "HTTP/1.1 200 OK"
HTTP Request: HEAD https://huggingface.co/sentence-transformers/all-MiniLM-L6-v2/resolve/main/modules.json "HTTP/1.1 307 Temporary Redirect"
HTTP Request: HEAD https://huggingface.co/api/resolve-cache/models/sentence-transformers/all-MiniLM-L6-v2/c9745ed1d9f207416be6d2e6f8de32d1f16199bf/modules.json "HTTP/1.1 200 OK"
HTTP Request: HEAD https://huggingface.co/sentence-transformers/all-MiniLM-L6-v2/resolve/main/config_sentence_transformers.json "HTTP/1.1 307 Temporary Redirect"
HTTP Request: HEAD https://huggingface.co/api/resolve-cache/models/sentence-transformers/all-MiniLM-L6-v2/c9745ed1d9f207416be6d2e6f8de32d1f16199bf/config_sentence_transformers.json "HTTP/1.1 200 OK"
Loading SentenceTransformer model from sentence-transformers/all-MiniLM-L6-v2.
HTTP Request: HEAD https://huggingface.co/sentence-transformers/all-MiniLM-L6-v2/resolve/main/config_sentence_transformers.json "HTTP/1.1 307 Temporary Redirect"
HTTP Request: HEAD https://huggingface.co/api/resolve-cache/models/sentence-transformers/all-MiniLM-L6-v2/c9745ed1d9f207416be6d2e6f8de32d1f16199bf/config_sentence_transformers.json "HTTP/1.1 200 OK"
HTTP Request: HEAD https://huggingface.co/sentence-transformers/all-MiniLM-L6-v2/resolve/main/README.md "HTTP/1.1 307 Temporary Redirect"
HTTP Request: HEAD https://huggingface.co/api/resolve-cache/models/sentence-transformers/all-MiniLM-L6-v2/c9745ed1d9f207416be6d2e6f8de32d1f16199bf/README.md "HTTP/1.1 200 OK"
HTTP Request: HEAD https://huggingface.co/sentence-transformers/all-MiniLM-L6-v2/resolve/main/modules.json "HTTP/1.1 307 Temporary Redirect"
HTTP Request: HEAD https://huggingface.co/api/resolve-cache/models/sentence-transformers/all-MiniLM-L6-v2/c9745ed1d9f207416be6d2e6f8de32d1f16199bf/modules.json "HTTP/1.1 200 OK"
HTTP Request: HEAD https://huggingface.co/sentence-transformers/all-MiniLM-L6-v2/resolve/main/sentence_bert_config.json "HTTP/1.1 307 Temporary Redirect"
HTTP Request: HEAD https://huggingface.co/api/resolve-cache/models/sentence-transformers/all-MiniLM-L6-v2/c9745ed1d9f207416be6d2e6f8de32d1f16199bf/sentence_bert_config.json "HTTP/1.1 200 OK"
HTTP Request: HEAD https://huggingface.co/sentence-transformers/all-MiniLM-L6-v2/resolve/main/adapter_config.json "HTTP/1.1 404 Not Found"
HTTP Request: HEAD https://huggingface.co/sentence-transformers/all-MiniLM-L6-v2/resolve/main/config.json "HTTP/1.1 307 Temporary Redirect"
HTTP Request: HEAD https://huggingface.co/api/resolve-cache/models/sentence-transformers/all-MiniLM-L6-v2/c9745ed1d9f207416be6d2e6f8de32d1f16199bf/config.json "HTTP/1.1 200 OK"
HTTP Request: HEAD https://huggingface.co/sentence-transformers/all-MiniLM-L6-v2/resolve/main/processor_config.json "HTTP/1.1 404 Not Found"
HTTP Request: HEAD https://huggingface.co/sentence-transformers/all-MiniLM-L6-v2/resolve/main/preprocessor_config.json "HTTP/1.1 404 Not Found"
HTTP Request: HEAD https://huggingface.co/sentence-transformers/all-MiniLM-L6-v2/resolve/main/video_preprocessor_config.json "HTTP/1.1 404 Not Found"
HTTP Request: HEAD https://huggingface.co/sentence-transformers/all-MiniLM-L6-v2/resolve/main/preprocessor_config.json "HTTP/1.1 404 Not Found"
HTTP Request: HEAD https://huggingface.co/sentence-transformers/all-MiniLM-L6-v2/resolve/main/tokenizer_config.json "HTTP/1.1 307 Temporary Redirect"
HTTP Request: HEAD https://huggingface.co/api/resolve-cache/models/sentence-transformers/all-MiniLM-L6-v2/c9745ed1d9f207416be6d2e6f8de32d1f16199bf/tokenizer_config.json "HTTP/1.1 200 OK"
HTTP Request: HEAD https://huggingface.co/sentence-transformers/all-MiniLM-L6-v2/resolve/main/config.json "HTTP/1.1 307 Temporary Redirect"
HTTP Request: HEAD https://huggingface.co/api/resolve-cache/models/sentence-transformers/all-MiniLM-L6-v2/c9745ed1d9f207416be6d2e6f8de32d1f16199bf/config.json "HTTP/1.1 200 OK"
HTTP Request: HEAD https://huggingface.co/sentence-transformers/all-MiniLM-L6-v2/resolve/main/config.json "HTTP/1.1 307 Temporary Redirect"
HTTP Request: HEAD https://huggingface.co/api/resolve-cache/models/sentence-transformers/all-MiniLM-L6-v2/c9745ed1d9f207416be6d2e6f8de32d1f16199bf/config.json "HTTP/1.1 200 OK"
HTTP Request: HEAD https://huggingface.co/sentence-transformers/all-MiniLM-L6-v2/resolve/main/tokenizer_config.json "HTTP/1.1 307 Temporary Redirect"
HTTP Request: HEAD https://huggingface.co/api/resolve-cache/models/sentence-transformers/all-MiniLM-L6-v2/c9745ed1d9f207416be6d2e6f8de32d1f16199bf/tokenizer_config.json "HTTP/1.1 200 OK"
HTTP Request: GET https://huggingface.co/api/models/sentence-transformers/all-MiniLM-L6-v2/tree/main/additional_chat_templates?recursive=false&expand=false "HTTP/1.1 404 Not Found"
HTTP Request: GET https://huggingface.co/api/models/sentence-transformers/all-MiniLM-L6-v2/tree/main?recursive=true&expand=false "HTTP/1.1 200 OK"
HTTP Request: HEAD https://huggingface.co/sentence-transformers/all-MiniLM-L6-v2/resolve/main/1_Pooling/config.json "HTTP/1.1 307 Temporary Redirect"
HTTP Request: HEAD https://huggingface.co/api/resolve-cache/models/sentence-transformers/all-MiniLM-L6-v2/c9745ed1d9f207416be6d2e6f8de32d1f16199bf/1_Pooling%2Fconfig.json "HTTP/1.1 200 OK"
HTTP Request: GET https://huggingface.co/api/models/sentence-transformers/all-MiniLM-L6-v2 "HTTP/1.1 200 OK"
HTTP Request: HEAD https://huggingface.co/sentence-transformers/all-MiniLM-L6-v2/resolve/main/modules.json "HTTP/1.1 307 Temporary Redirect"
HTTP Request: HEAD https://huggingface.co/api/resolve-cache/models/sentence-transformers/all-MiniLM-L6-v2/c9745ed1d9f207416be6d2e6f8de32d1f16199bf/modules.json "HTTP/1.1 200 OK"
HTTP Request: HEAD https://huggingface.co/sentence-transformers/all-MiniLM-L6-v2/resolve/main/config_sentence_transformers.json "HTTP/1.1 307 Temporary Redirect"
HTTP Request: HEAD https://huggingface.co/api/resolve-cache/models/sentence-transformers/all-MiniLM-L6-v2/c9745ed1d9f207416be6d2e6f8de32d1f16199bf/config_sentence_transformers.json "HTTP/1.1 200 OK"
Loading SentenceTransformer model from sentence-transformers/all-MiniLM-L6-v2.
HTTP Request: HEAD https://huggingface.co/sentence-transformers/all-MiniLM-L6-v2/resolve/main/config_sentence_transformers.json "HTTP/1.1 307 Temporary Redirect"
HTTP Request: HEAD https://huggingface.co/api/resolve-cache/models/sentence-transformers/all-MiniLM-L6-v2/c9745ed1d9f207416be6d2e6f8de32d1f16199bf/config_sentence_transformers.json "HTTP/1.1 200 OK"
HTTP Request: HEAD https://huggingface.co/sentence-transformers/all-MiniLM-L6-v2/resolve/main/README.md "HTTP/1.1 307 Temporary Redirect"
HTTP Request: HEAD https://huggingface.co/api/resolve-cache/models/sentence-transformers/all-MiniLM-L6-v2/c9745ed1d9f207416be6d2e6f8de32d1f16199bf/README.md "HTTP/1.1 200 OK"
HTTP Request: HEAD https://huggingface.co/sentence-transformers/all-MiniLM-L6-v2/resolve/main/modules.json "HTTP/1.1 307 Temporary Redirect"
HTTP Request: HEAD https://huggingface.co/api/resolve-cache/models/sentence-transformers/all-MiniLM-L6-v2/c9745ed1d9f207416be6d2e6f8de32d1f16199bf/modules.json "HTTP/1.1 200 OK"
HTTP Request: HEAD https://huggingface.co/sentence-transformers/all-MiniLM-L6-v2/resolve/main/sentence_bert_config.json "HTTP/1.1 307 Temporary Redirect"
HTTP Request: HEAD https://huggingface.co/api/resolve-cache/models/sentence-transformers/all-MiniLM-L6-v2/c9745ed1d9f207416be6d2e6f8de32d1f16199bf/sentence_bert_config.json "HTTP/1.1 200 OK"
HTTP Request: HEAD https://huggingface.co/sentence-transformers/all-MiniLM-L6-v2/resolve/main/adapter_config.json "HTTP/1.1 404 Not Found"
HTTP Request: HEAD https://huggingface.co/sentence-transformers/all-MiniLM-L6-v2/resolve/main/config.json "HTTP/1.1 307 Temporary Redirect"
HTTP Request: HEAD https://huggingface.co/api/resolve-cache/models/sentence-transformers/all-MiniLM-L6-v2/c9745ed1d9f207416be6d2e6f8de32d1f16199bf/config.json "HTTP/1.1 200 OK"
HTTP Request: HEAD https://huggingface.co/sentence-transformers/all-MiniLM-L6-v2/resolve/main/processor_config.json "HTTP/1.1 404 Not Found"
HTTP Request: HEAD https://huggingface.co/sentence-transformers/all-MiniLM-L6-v2/resolve/main/preprocessor_config.json "HTTP/1.1 404 Not Found"
HTTP Request: HEAD https://huggingface.co/sentence-transformers/all-MiniLM-L6-v2/resolve/main/video_preprocessor_config.json "HTTP/1.1 404 Not Found"
HTTP Request: HEAD https://huggingface.co/sentence-transformers/all-MiniLM-L6-v2/resolve/main/preprocessor_config.json "HTTP/1.1 404 Not Found"
HTTP Request: HEAD https://huggingface.co/sentence-transformers/all-MiniLM-L6-v2/resolve/main/tokenizer_config.json "HTTP/1.1 307 Temporary Redirect"
HTTP Request: HEAD https://huggingface.co/api/resolve-cache/models/sentence-transformers/all-MiniLM-L6-v2/c9745ed1d9f207416be6d2e6f8de32d1f16199bf/tokenizer_config.json "HTTP/1.1 200 OK"
HTTP Request: HEAD https://huggingface.co/sentence-transformers/all-MiniLM-L6-v2/resolve/main/config.json "HTTP/1.1 307 Temporary Redirect"
HTTP Request: HEAD https://huggingface.co/api/resolve-cache/models/sentence-transformers/all-MiniLM-L6-v2/c9745ed1d9f207416be6d2e6f8de32d1f16199bf/config.json "HTTP/1.1 200 OK"
HTTP Request: HEAD https://huggingface.co/sentence-transformers/all-MiniLM-L6-v2/resolve/main/config.json "HTTP/1.1 307 Temporary Redirect"
HTTP Request: HEAD https://huggingface.co/api/resolve-cache/models/sentence-transformers/all-MiniLM-L6-v2/c9745ed1d9f207416be6d2e6f8de32d1f16199bf/config.json "HTTP/1.1 200 OK"
HTTP Request: HEAD https://huggingface.co/sentence-transformers/all-MiniLM-L6-v2/resolve/main/tokenizer_config.json "HTTP/1.1 307 Temporary Redirect"
HTTP Request: HEAD https://huggingface.co/api/resolve-cache/models/sentence-transformers/all-MiniLM-L6-v2/c9745ed1d9f207416be6d2e6f8de32d1f16199bf/tokenizer_config.json "HTTP/1.1 200 OK"
HTTP Request: GET https://huggingface.co/api/models/sentence-transformers/all-MiniLM-L6-v2/tree/main/additional_chat_templates?recursive=false&expand=false "HTTP/1.1 404 Not Found"
HTTP Request: GET https://huggingface.co/api/models/sentence-transformers/all-MiniLM-L6-v2/tree/main?recursive=true&expand=false "HTTP/1.1 200 OK"
HTTP Request: HEAD https://huggingface.co/sentence-transformers/all-MiniLM-L6-v2/resolve/main/1_Pooling/config.json "HTTP/1.1 307 Temporary Redirect"
HTTP Request: HEAD https://huggingface.co/api/resolve-cache/models/sentence-transformers/all-MiniLM-L6-v2/c9745ed1d9f207416be6d2e6f8de32d1f16199bf/1_Pooling%2Fconfig.json "HTTP/1.1 200 OK"
HTTP Request: GET https://huggingface.co/api/models/sentence-transformers/all-MiniLM-L6-v2 "HTTP/1.1 200 OK"
HTTP Request: HEAD https://huggingface.co/sentence-transformers/all-MiniLM-L6-v2/resolve/main/modules.json "HTTP/1.1 307 Temporary Redirect"
HTTP Request: HEAD https://huggingface.co/api/resolve-cache/models/sentence-transformers/all-MiniLM-L6-v2/c9745ed1d9f207416be6d2e6f8de32d1f16199bf/modules.json "HTTP/1.1 200 OK"
HTTP Request: HEAD https://huggingface.co/sentence-transformers/all-MiniLM-L6-v2/resolve/main/config_sentence_transformers.json "HTTP/1.1 307 Temporary Redirect"
HTTP Request: HEAD https://huggingface.co/api/resolve-cache/models/sentence-transformers/all-MiniLM-L6-v2/c9745ed1d9f207416be6d2e6f8de32d1f16199bf/config_sentence_transformers.json "HTTP/1.1 200 OK"
Loading SentenceTransformer model from sentence-transformers/all-MiniLM-L6-v2.
HTTP Request: HEAD https://huggingface.co/sentence-transformers/all-MiniLM-L6-v2/resolve/main/config_sentence_transformers.json "HTTP/1.1 307 Temporary Redirect"
HTTP Request: HEAD https://huggingface.co/api/resolve-cache/models/sentence-transformers/all-MiniLM-L6-v2/c9745ed1d9f207416be6d2e6f8de32d1f16199bf/config_sentence_transformers.json "HTTP/1.1 200 OK"
HTTP Request: HEAD https://huggingface.co/sentence-transformers/all-MiniLM-L6-v2/resolve/main/README.md "HTTP/1.1 307 Temporary Redirect"
HTTP Request: HEAD https://huggingface.co/api/resolve-cache/models/sentence-transformers/all-MiniLM-L6-v2/c9745ed1d9f207416be6d2e6f8de32d1f16199bf/README.md "HTTP/1.1 200 OK"
HTTP Request: HEAD https://huggingface.co/sentence-transformers/all-MiniLM-L6-v2/resolve/main/modules.json "HTTP/1.1 307 Temporary Redirect"
HTTP Request: HEAD https://huggingface.co/api/resolve-cache/models/sentence-transformers/all-MiniLM-L6-v2/c9745ed1d9f207416be6d2e6f8de32d1f16199bf/modules.json "HTTP/1.1 200 OK"
HTTP Request: HEAD https://huggingface.co/sentence-transformers/all-MiniLM-L6-v2/resolve/main/sentence_bert_config.json "HTTP/1.1 307 Temporary Redirect"
HTTP Request: HEAD https://huggingface.co/api/resolve-cache/models/sentence-transformers/all-MiniLM-L6-v2/c9745ed1d9f207416be6d2e6f8de32d1f16199bf/sentence_bert_config.json "HTTP/1.1 200 OK"
HTTP Request: HEAD https://huggingface.co/sentence-transformers/all-MiniLM-L6-v2/resolve/main/adapter_config.json "HTTP/1.1 404 Not Found"
HTTP Request: HEAD https://huggingface.co/sentence-transformers/all-MiniLM-L6-v2/resolve/main/config.json "HTTP/1.1 307 Temporary Redirect"
HTTP Request: HEAD https://huggingface.co/api/resolve-cache/models/sentence-transformers/all-MiniLM-L6-v2/c9745ed1d9f207416be6d2e6f8de32d1f16199bf/config.json "HTTP/1.1 200 OK"
HTTP Request: HEAD https://huggingface.co/sentence-transformers/all-MiniLM-L6-v2/resolve/main/processor_config.json "HTTP/1.1 404 Not Found"
HTTP Request: HEAD https://huggingface.co/sentence-transformers/all-MiniLM-L6-v2/resolve/main/preprocessor_config.json "HTTP/1.1 404 Not Found"
HTTP Request: HEAD https://huggingface.co/sentence-transformers/all-MiniLM-L6-v2/resolve/main/video_preprocessor_config.json "HTTP/1.1 404 Not Found"
HTTP Request: HEAD https://huggingface.co/sentence-transformers/all-MiniLM-L6-v2/resolve/main/preprocessor_config.json "HTTP/1.1 404 Not Found"
HTTP Request: HEAD https://huggingface.co/sentence-transformers/all-MiniLM-L6-v2/resolve/main/tokenizer_config.json "HTTP/1.1 307 Temporary Redirect"
HTTP Request: HEAD https://huggingface.co/api/resolve-cache/models/sentence-transformers/all-MiniLM-L6-v2/c9745ed1d9f207416be6d2e6f8de32d1f16199bf/tokenizer_config.json "HTTP/1.1 200 OK"
HTTP Request: HEAD https://huggingface.co/sentence-transformers/all-MiniLM-L6-v2/resolve/main/config.json "HTTP/1.1 307 Temporary Redirect"
HTTP Request: HEAD https://huggingface.co/api/resolve-cache/models/sentence-transformers/all-MiniLM-L6-v2/c9745ed1d9f207416be6d2e6f8de32d1f16199bf/config.json "HTTP/1.1 200 OK"
HTTP Request: HEAD https://huggingface.co/sentence-transformers/all-MiniLM-L6-v2/resolve/main/config.json "HTTP/1.1 307 Temporary Redirect"
HTTP Request: HEAD https://huggingface.co/api/resolve-cache/models/sentence-transformers/all-MiniLM-L6-v2/c9745ed1d9f207416be6d2e6f8de32d1f16199bf/config.json "HTTP/1.1 200 OK"
HTTP Request: HEAD https://huggingface.co/sentence-transformers/all-MiniLM-L6-v2/resolve/main/tokenizer_config.json "HTTP/1.1 307 Temporary Redirect"
HTTP Request: HEAD https://huggingface.co/api/resolve-cache/models/sentence-transformers/all-MiniLM-L6-v2/c9745ed1d9f207416be6d2e6f8de32d1f16199bf/tokenizer_config.json "HTTP/1.1 200 OK"
HTTP Request: GET https://huggingface.co/api/models/sentence-transformers/all-MiniLM-L6-v2/tree/main/additional_chat_templates?recursive=false&expand=false "HTTP/1.1 404 Not Found"
HTTP Request: GET https://huggingface.co/api/models/sentence-transformers/all-MiniLM-L6-v2/tree/main?recursive=true&expand=false "HTTP/1.1 200 OK"
HTTP Request: HEAD https://huggingface.co/sentence-transformers/all-MiniLM-L6-v2/resolve/main/1_Pooling/config.json "HTTP/1.1 307 Temporary Redirect"
HTTP Request: HEAD https://huggingface.co/api/resolve-cache/models/sentence-transformers/all-MiniLM-L6-v2/c9745ed1d9f207416be6d2e6f8de32d1f16199bf/1_Pooling%2Fconfig.json "HTTP/1.1 200 OK"
HTTP Request: GET https://huggingface.co/api/models/sentence-transformers/all-MiniLM-L6-v2 "HTTP/1.1 200 OK"
HTTP Request: HEAD https://huggingface.co/sentence-transformers/all-MiniLM-L6-v2/resolve/main/modules.json "HTTP/1.1 307 Temporary Redirect"
HTTP Request: HEAD https://huggingface.co/api/resolve-cache/models/sentence-transformers/all-MiniLM-L6-v2/c9745ed1d9f207416be6d2e6f8de32d1f16199bf/modules.json "HTTP/1.1 200 OK"
HTTP Request: HEAD https://huggingface.co/sentence-transformers/all-MiniLM-L6-v2/resolve/main/config_sentence_transformers.json "HTTP/1.1 307 Temporary Redirect"
HTTP Request: HEAD https://huggingface.co/api/resolve-cache/models/sentence-transformers/all-MiniLM-L6-v2/c9745ed1d9f207416be6d2e6f8de32d1f16199bf/config_sentence_transformers.json "HTTP/1.1 200 OK"
Loading SentenceTransformer model from sentence-transformers/all-MiniLM-L6-v2.
HTTP Request: HEAD https://huggingface.co/sentence-transformers/all-MiniLM-L6-v2/resolve/main/config_sentence_transformers.json "HTTP/1.1 307 Temporary Redirect"
HTTP Request: HEAD https://huggingface.co/api/resolve-cache/models/sentence-transformers/all-MiniLM-L6-v2/c9745ed1d9f207416be6d2e6f8de32d1f16199bf/config_sentence_transformers.json "HTTP/1.1 200 OK"
HTTP Request: HEAD https://huggingface.co/sentence-transformers/all-MiniLM-L6-v2/resolve/main/README.md "HTTP/1.1 307 Temporary Redirect"
HTTP Request: HEAD https://huggingface.co/api/resolve-cache/models/sentence-transformers/all-MiniLM-L6-v2/c9745ed1d9f207416be6d2e6f8de32d1f16199bf/README.md "HTTP/1.1 200 OK"
HTTP Request: HEAD https://huggingface.co/sentence-transformers/all-MiniLM-L6-v2/resolve/main/modules.json "HTTP/1.1 307 Temporary Redirect"
HTTP Request: HEAD https://huggingface.co/api/resolve-cache/models/sentence-transformers/all-MiniLM-L6-v2/c9745ed1d9f207416be6d2e6f8de32d1f16199bf/modules.json "HTTP/1.1 200 OK"
HTTP Request: HEAD https://huggingface.co/sentence-transformers/all-MiniLM-L6-v2/resolve/main/sentence_bert_config.json "HTTP/1.1 307 Temporary Redirect"
HTTP Request: HEAD https://huggingface.co/api/resolve-cache/models/sentence-transformers/all-MiniLM-L6-v2/c9745ed1d9f207416be6d2e6f8de32d1f16199bf/sentence_bert_config.json "HTTP/1.1 200 OK"
HTTP Request: HEAD https://huggingface.co/sentence-transformers/all-MiniLM-L6-v2/resolve/main/adapter_config.json "HTTP/1.1 404 Not Found"
HTTP Request: HEAD https://huggingface.co/sentence-transformers/all-MiniLM-L6-v2/resolve/main/config.json "HTTP/1.1 307 Temporary Redirect"
HTTP Request: HEAD https://huggingface.co/api/resolve-cache/models/sentence-transformers/all-MiniLM-L6-v2/c9745ed1d9f207416be6d2e6f8de32d1f16199bf/config.json "HTTP/1.1 200 OK"
HTTP Request: HEAD https://huggingface.co/sentence-transformers/all-MiniLM-L6-v2/resolve/main/processor_config.json "HTTP/1.1 404 Not Found"
HTTP Request: HEAD https://huggingface.co/sentence-transformers/all-MiniLM-L6-v2/resolve/main/preprocessor_config.json "HTTP/1.1 404 Not Found"
HTTP Request: HEAD https://huggingface.co/sentence-transformers/all-MiniLM-L6-v2/resolve/main/video_preprocessor_config.json "HTTP/1.1 404 Not Found"
HTTP Request: HEAD https://huggingface.co/sentence-transformers/all-MiniLM-L6-v2/resolve/main/preprocessor_config.json "HTTP/1.1 404 Not Found"
HTTP Request: HEAD https://huggingface.co/sentence-transformers/all-MiniLM-L6-v2/resolve/main/tokenizer_config.json "HTTP/1.1 307 Temporary Redirect"
HTTP Request: HEAD https://huggingface.co/api/resolve-cache/models/sentence-transformers/all-MiniLM-L6-v2/c9745ed1d9f207416be6d2e6f8de32d1f16199bf/tokenizer_config.json "HTTP/1.1 200 OK"
HTTP Request: HEAD https://huggingface.co/sentence-transformers/all-MiniLM-L6-v2/resolve/main/config.json "HTTP/1.1 307 Temporary Redirect"
HTTP Request: HEAD https://huggingface.co/api/resolve-cache/models/sentence-transformers/all-MiniLM-L6-v2/c9745ed1d9f207416be6d2e6f8de32d1f16199bf/config.json "HTTP/1.1 200 OK"
HTTP Request: HEAD https://huggingface.co/sentence-transformers/all-MiniLM-L6-v2/resolve/main/config.json "HTTP/1.1 307 Temporary Redirect"
HTTP Request: HEAD https://huggingface.co/api/resolve-cache/models/sentence-transformers/all-MiniLM-L6-v2/c9745ed1d9f207416be6d2e6f8de32d1f16199bf/config.json "HTTP/1.1 200 OK"
HTTP Request: HEAD https://huggingface.co/sentence-transformers/all-MiniLM-L6-v2/resolve/main/tokenizer_config.json "HTTP/1.1 307 Temporary Redirect"
HTTP Request: HEAD https://huggingface.co/api/resolve-cache/models/sentence-transformers/all-MiniLM-L6-v2/c9745ed1d9f207416be6d2e6f8de32d1f16199bf/tokenizer_config.json "HTTP/1.1 200 OK"
HTTP Request: GET https://huggingface.co/api/models/sentence-transformers/all-MiniLM-L6-v2/tree/main/additional_chat_templates?recursive=false&expand=false "HTTP/1.1 404 Not Found"
HTTP Request: GET https://huggingface.co/api/models/sentence-transformers/all-MiniLM-L6-v2/tree/main?recursive=true&expand=false "HTTP/1.1 200 OK"
HTTP Request: HEAD https://huggingface.co/sentence-transformers/all-MiniLM-L6-v2/resolve/main/1_Pooling/config.json "HTTP/1.1 307 Temporary Redirect"
HTTP Request: HEAD https://huggingface.co/api/resolve-cache/models/sentence-transformers/all-MiniLM-L6-v2/c9745ed1d9f207416be6d2e6f8de32d1f16199bf/1_Pooling%2Fconfig.json "HTTP/1.1 200 OK"
HTTP Request: GET https://huggingface.co/api/models/sentence-transformers/all-MiniLM-L6-v2 "HTTP/1.1 200 OK"
HTTP Request: HEAD https://huggingface.co/sentence-transformers/all-MiniLM-L6-v2/resolve/main/modules.json "HTTP/1.1 307 Temporary Redirect"
HTTP Request: HEAD https://huggingface.co/api/resolve-cache/models/sentence-transformers/all-MiniLM-L6-v2/c9745ed1d9f207416be6d2e6f8de32d1f16199bf/modules.json "HTTP/1.1 200 OK"
HTTP Request: HEAD https://huggingface.co/sentence-transformers/all-MiniLM-L6-v2/resolve/main/config_sentence_transformers.json "HTTP/1.1 307 Temporary Redirect"
HTTP Request: HEAD https://huggingface.co/api/resolve-cache/models/sentence-transformers/all-MiniLM-L6-v2/c9745ed1d9f207416be6d2e6f8de32d1f16199bf/config_sentence_transformers.json "HTTP/1.1 200 OK"
Loading SentenceTransformer model from sentence-transformers/all-MiniLM-L6-v2.
HTTP Request: HEAD https://huggingface.co/sentence-transformers/all-MiniLM-L6-v2/resolve/main/config_sentence_transformers.json "HTTP/1.1 307 Temporary Redirect"
HTTP Request: HEAD https://huggingface.co/api/resolve-cache/models/sentence-transformers/all-MiniLM-L6-v2/c9745ed1d9f207416be6d2e6f8de32d1f16199bf/config_sentence_transformers.json "HTTP/1.1 200 OK"
HTTP Request: HEAD https://huggingface.co/sentence-transformers/all-MiniLM-L6-v2/resolve/main/README.md "HTTP/1.1 307 Temporary Redirect"
HTTP Request: HEAD https://huggingface.co/api/resolve-cache/models/sentence-transformers/all-MiniLM-L6-v2/c9745ed1d9f207416be6d2e6f8de32d1f16199bf/README.md "HTTP/1.1 200 OK"
HTTP Request: HEAD https://huggingface.co/sentence-transformers/all-MiniLM-L6-v2/resolve/main/modules.json "HTTP/1.1 307 Temporary Redirect"
HTTP Request: HEAD https://huggingface.co/api/resolve-cache/models/sentence-transformers/all-MiniLM-L6-v2/c9745ed1d9f207416be6d2e6f8de32d1f16199bf/modules.json "HTTP/1.1 200 OK"
HTTP Request: HEAD https://huggingface.co/sentence-transformers/all-MiniLM-L6-v2/resolve/main/sentence_bert_config.json "HTTP/1.1 307 Temporary Redirect"
HTTP Request: HEAD https://huggingface.co/api/resolve-cache/models/sentence-transformers/all-MiniLM-L6-v2/c9745ed1d9f207416be6d2e6f8de32d1f16199bf/sentence_bert_config.json "HTTP/1.1 200 OK"
HTTP Request: HEAD https://huggingface.co/sentence-transformers/all-MiniLM-L6-v2/resolve/main/adapter_config.json "HTTP/1.1 404 Not Found"
HTTP Request: HEAD https://huggingface.co/sentence-transformers/all-MiniLM-L6-v2/resolve/main/config.json "HTTP/1.1 307 Temporary Redirect"
HTTP Request: HEAD https://huggingface.co/api/resolve-cache/models/sentence-transformers/all-MiniLM-L6-v2/c9745ed1d9f207416be6d2e6f8de32d1f16199bf/config.json "HTTP/1.1 200 OK"
HTTP Request: HEAD https://huggingface.co/sentence-transformers/all-MiniLM-L6-v2/resolve/main/processor_config.json "HTTP/1.1 404 Not Found"
HTTP Request: HEAD https://huggingface.co/sentence-transformers/all-MiniLM-L6-v2/resolve/main/preprocessor_config.json "HTTP/1.1 404 Not Found"
HTTP Request: HEAD https://huggingface.co/sentence-transformers/all-MiniLM-L6-v2/resolve/main/video_preprocessor_config.json "HTTP/1.1 404 Not Found"
HTTP Request: HEAD https://huggingface.co/sentence-transformers/all-MiniLM-L6-v2/resolve/main/preprocessor_config.json "HTTP/1.1 404 Not Found"
HTTP Request: HEAD https://huggingface.co/sentence-transformers/all-MiniLM-L6-v2/resolve/main/tokenizer_config.json "HTTP/1.1 307 Temporary Redirect"
HTTP Request: HEAD https://huggingface.co/api/resolve-cache/models/sentence-transformers/all-MiniLM-L6-v2/c9745ed1d9f207416be6d2e6f8de32d1f16199bf/tokenizer_config.json "HTTP/1.1 200 OK"
HTTP Request: HEAD https://huggingface.co/sentence-transformers/all-MiniLM-L6-v2/resolve/main/config.json "HTTP/1.1 307 Temporary Redirect"
HTTP Request: HEAD https://huggingface.co/api/resolve-cache/models/sentence-transformers/all-MiniLM-L6-v2/c9745ed1d9f207416be6d2e6f8de32d1f16199bf/config.json "HTTP/1.1 200 OK"
HTTP Request: HEAD https://huggingface.co/sentence-transformers/all-MiniLM-L6-v2/resolve/main/config.json "HTTP/1.1 307 Temporary Redirect"
HTTP Request: HEAD https://huggingface.co/api/resolve-cache/models/sentence-transformers/all-MiniLM-L6-v2/c9745ed1d9f207416be6d2e6f8de32d1f16199bf/config.json "HTTP/1.1 200 OK"
HTTP Request: HEAD https://huggingface.co/sentence-transformers/all-MiniLM-L6-v2/resolve/main/tokenizer_config.json "HTTP/1.1 307 Temporary Redirect"
HTTP Request: HEAD https://huggingface.co/api/resolve-cache/models/sentence-transformers/all-MiniLM-L6-v2/c9745ed1d9f207416be6d2e6f8de32d1f16199bf/tokenizer_config.json "HTTP/1.1 200 OK"
HTTP Request: GET https://huggingface.co/api/models/sentence-transformers/all-MiniLM-L6-v2/tree/main/additional_chat_templates?recursive=false&expand=false "HTTP/1.1 404 Not Found"
HTTP Request: GET https://huggingface.co/api/models/sentence-transformers/all-MiniLM-L6-v2/tree/main?recursive=true&expand=false "HTTP/1.1 200 OK"
HTTP Request: HEAD https://huggingface.co/sentence-transformers/all-MiniLM-L6-v2/resolve/main/1_Pooling/config.json "HTTP/1.1 307 Temporary Redirect"
HTTP Request: HEAD https://huggingface.co/api/resolve-cache/models/sentence-transformers/all-MiniLM-L6-v2/c9745ed1d9f207416be6d2e6f8de32d1f16199bf/1_Pooling%2Fconfig.json "HTTP/1.1 200 OK"
HTTP Request: GET https://huggingface.co/api/models/sentence-transformers/all-MiniLM-L6-v2 "HTTP/1.1 200 OK"
HTTP Request: HEAD https://huggingface.co/sentence-transformers/all-MiniLM-L6-v2/resolve/main/modules.json "HTTP/1.1 307 Temporary Redirect"
HTTP Request: HEAD https://huggingface.co/api/resolve-cache/models/sentence-transformers/all-MiniLM-L6-v2/c9745ed1d9f207416be6d2e6f8de32d1f16199bf/modules.json "HTTP/1.1 200 OK"
HTTP Request: HEAD https://huggingface.co/sentence-transformers/all-MiniLM-L6-v2/resolve/main/config_sentence_transformers.json "HTTP/1.1 307 Temporary Redirect"
HTTP Request: HEAD https://huggingface.co/api/resolve-cache/models/sentence-transformers/all-MiniLM-L6-v2/c9745ed1d9f207416be6d2e6f8de32d1f16199bf/config_sentence_transformers.json "HTTP/1.1 200 OK"
Loading SentenceTransformer model from sentence-transformers/all-MiniLM-L6-v2.
HTTP Request: HEAD https://huggingface.co/sentence-transformers/all-MiniLM-L6-v2/resolve/main/config_sentence_transformers.json "HTTP/1.1 307 Temporary Redirect"
HTTP Request: HEAD https://huggingface.co/api/resolve-cache/models/sentence-transformers/all-MiniLM-L6-v2/c9745ed1d9f207416be6d2e6f8de32d1f16199bf/config_sentence_transformers.json "HTTP/1.1 200 OK"
HTTP Request: HEAD https://huggingface.co/sentence-transformers/all-MiniLM-L6-v2/resolve/main/README.md "HTTP/1.1 307 Temporary Redirect"
HTTP Request: HEAD https://huggingface.co/api/resolve-cache/models/sentence-transformers/all-MiniLM-L6-v2/c9745ed1d9f207416be6d2e6f8de32d1f16199bf/README.md "HTTP/1.1 200 OK"
HTTP Request: HEAD https://huggingface.co/sentence-transformers/all-MiniLM-L6-v2/resolve/main/modules.json "HTTP/1.1 307 Temporary Redirect"
HTTP Request: HEAD https://huggingface.co/api/resolve-cache/models/sentence-transformers/all-MiniLM-L6-v2/c9745ed1d9f207416be6d2e6f8de32d1f16199bf/modules.json "HTTP/1.1 200 OK"
HTTP Request: HEAD https://huggingface.co/sentence-transformers/all-MiniLM-L6-v2/resolve/main/sentence_bert_config.json "HTTP/1.1 307 Temporary Redirect"
HTTP Request: HEAD https://huggingface.co/api/resolve-cache/models/sentence-transformers/all-MiniLM-L6-v2/c9745ed1d9f207416be6d2e6f8de32d1f16199bf/sentence_bert_config.json "HTTP/1.1 200 OK"
HTTP Request: HEAD https://huggingface.co/sentence-transformers/all-MiniLM-L6-v2/resolve/main/adapter_config.json "HTTP/1.1 404 Not Found"
HTTP Request: HEAD https://huggingface.co/sentence-transformers/all-MiniLM-L6-v2/resolve/main/config.json "HTTP/1.1 307 Temporary Redirect"
HTTP Request: HEAD https://huggingface.co/api/resolve-cache/models/sentence-transformers/all-MiniLM-L6-v2/c9745ed1d9f207416be6d2e6f8de32d1f16199bf/config.json "HTTP/1.1 200 OK"
HTTP Request: HEAD https://huggingface.co/sentence-transformers/all-MiniLM-L6-v2/resolve/main/processor_config.json "HTTP/1.1 404 Not Found"
HTTP Request: HEAD https://huggingface.co/sentence-transformers/all-MiniLM-L6-v2/resolve/main/preprocessor_config.json "HTTP/1.1 404 Not Found"
HTTP Request: HEAD https://huggingface.co/sentence-transformers/all-MiniLM-L6-v2/resolve/main/video_preprocessor_config.json "HTTP/1.1 404 Not Found"
HTTP Request: HEAD https://huggingface.co/sentence-transformers/all-MiniLM-L6-v2/resolve/main/preprocessor_config.json "HTTP/1.1 404 Not Found"
HTTP Request: HEAD https://huggingface.co/sentence-transformers/all-MiniLM-L6-v2/resolve/main/tokenizer_config.json "HTTP/1.1 307 Temporary Redirect"
HTTP Request: HEAD https://huggingface.co/api/resolve-cache/models/sentence-transformers/all-MiniLM-L6-v2/c9745ed1d9f207416be6d2e6f8de32d1f16199bf/tokenizer_config.json "HTTP/1.1 200 OK"
HTTP Request: HEAD https://huggingface.co/sentence-transformers/all-MiniLM-L6-v2/resolve/main/config.json "HTTP/1.1 307 Temporary Redirect"
HTTP Request: HEAD https://huggingface.co/api/resolve-cache/models/sentence-transformers/all-MiniLM-L6-v2/c9745ed1d9f207416be6d2e6f8de32d1f16199bf/config.json "HTTP/1.1 200 OK"
HTTP Request: HEAD https://huggingface.co/sentence-transformers/all-MiniLM-L6-v2/resolve/main/config.json "HTTP/1.1 307 Temporary Redirect"
HTTP Request: HEAD https://huggingface.co/api/resolve-cache/models/sentence-transformers/all-MiniLM-L6-v2/c9745ed1d9f207416be6d2e6f8de32d1f16199bf/config.json "HTTP/1.1 200 OK"
HTTP Request: HEAD https://huggingface.co/sentence-transformers/all-MiniLM-L6-v2/resolve/main/tokenizer_config.json "HTTP/1.1 307 Temporary Redirect"
HTTP Request: HEAD https://huggingface.co/api/resolve-cache/models/sentence-transformers/all-MiniLM-L6-v2/c9745ed1d9f207416be6d2e6f8de32d1f16199bf/tokenizer_config.json "HTTP/1.1 200 OK"
HTTP Request: GET https://huggingface.co/api/models/sentence-transformers/all-MiniLM-L6-v2/tree/main/additional_chat_templates?recursive=false&expand=false "HTTP/1.1 404 Not Found"
HTTP Request: GET https://huggingface.co/api/models/sentence-transformers/all-MiniLM-L6-v2/tree/main?recursive=true&expand=false "HTTP/1.1 200 OK"
HTTP Request: HEAD https://huggingface.co/sentence-transformers/all-MiniLM-L6-v2/resolve/main/1_Pooling/config.json "HTTP/1.1 307 Temporary Redirect"
HTTP Request: HEAD https://huggingface.co/api/resolve-cache/models/sentence-transformers/all-MiniLM-L6-v2/c9745ed1d9f207416be6d2e6f8de32d1f16199bf/1_Pooling%2Fconfig.json "HTTP/1.1 200 OK"
HTTP Request: GET https://huggingface.co/api/models/sentence-transformers/all-MiniLM-L6-v2 "HTTP/1.1 200 OK"
HTTP Request: HEAD https://huggingface.co/sentence-transformers/all-MiniLM-L6-v2/resolve/main/modules.json "HTTP/1.1 307 Temporary Redirect"
HTTP Request: HEAD https://huggingface.co/api/resolve-cache/models/sentence-transformers/all-MiniLM-L6-v2/c9745ed1d9f207416be6d2e6f8de32d1f16199bf/modules.json "HTTP/1.1 200 OK"
HTTP Request: HEAD https://huggingface.co/sentence-transformers/all-MiniLM-L6-v2/resolve/main/config_sentence_transformers.json "HTTP/1.1 307 Temporary Redirect"
HTTP Request: HEAD https://huggingface.co/api/resolve-cache/models/sentence-transformers/all-MiniLM-L6-v2/c9745ed1d9f207416be6d2e6f8de32d1f16199bf/config_sentence_transformers.json "HTTP/1.1 200 OK"
Loading SentenceTransformer model from sentence-transformers/all-MiniLM-L6-v2.
HTTP Request: HEAD https://huggingface.co/sentence-transformers/all-MiniLM-L6-v2/resolve/main/config_sentence_transformers.json "HTTP/1.1 307 Temporary Redirect"
HTTP Request: HEAD https://huggingface.co/api/resolve-cache/models/sentence-transformers/all-MiniLM-L6-v2/c9745ed1d9f207416be6d2e6f8de32d1f16199bf/config_sentence_transformers.json "HTTP/1.1 200 OK"
HTTP Request: HEAD https://huggingface.co/sentence-transformers/all-MiniLM-L6-v2/resolve/main/README.md "HTTP/1.1 307 Temporary Redirect"
HTTP Request: HEAD https://huggingface.co/api/resolve-cache/models/sentence-transformers/all-MiniLM-L6-v2/c9745ed1d9f207416be6d2e6f8de32d1f16199bf/README.md "HTTP/1.1 200 OK"
HTTP Request: HEAD https://huggingface.co/sentence-transformers/all-MiniLM-L6-v2/resolve/main/modules.json "HTTP/1.1 307 Temporary Redirect"
HTTP Request: HEAD https://huggingface.co/api/resolve-cache/models/sentence-transformers/all-MiniLM-L6-v2/c9745ed1d9f207416be6d2e6f8de32d1f16199bf/modules.json "HTTP/1.1 200 OK"
HTTP Request: HEAD https://huggingface.co/sentence-transformers/all-MiniLM-L6-v2/resolve/main/sentence_bert_config.json "HTTP/1.1 307 Temporary Redirect"
HTTP Request: HEAD https://huggingface.co/api/resolve-cache/models/sentence-transformers/all-MiniLM-L6-v2/c9745ed1d9f207416be6d2e6f8de32d1f16199bf/sentence_bert_config.json "HTTP/1.1 200 OK"
HTTP Request: HEAD https://huggingface.co/sentence-transformers/all-MiniLM-L6-v2/resolve/main/adapter_config.json "HTTP/1.1 404 Not Found"
HTTP Request: HEAD https://huggingface.co/sentence-transformers/all-MiniLM-L6-v2/resolve/main/config.json "HTTP/1.1 307 Temporary Redirect"
HTTP Request: HEAD https://huggingface.co/api/resolve-cache/models/sentence-transformers/all-MiniLM-L6-v2/c9745ed1d9f207416be6d2e6f8de32d1f16199bf/config.json "HTTP/1.1 200 OK"
HTTP Request: HEAD https://huggingface.co/sentence-transformers/all-MiniLM-L6-v2/resolve/main/processor_config.json "HTTP/1.1 404 Not Found"
HTTP Request: HEAD https://huggingface.co/sentence-transformers/all-MiniLM-L6-v2/resolve/main/preprocessor_config.json "HTTP/1.1 404 Not Found"
HTTP Request: HEAD https://huggingface.co/sentence-transformers/all-MiniLM-L6-v2/resolve/main/video_preprocessor_config.json "HTTP/1.1 404 Not Found"
HTTP Request: HEAD https://huggingface.co/sentence-transformers/all-MiniLM-L6-v2/resolve/main/preprocessor_config.json "HTTP/1.1 404 Not Found"
HTTP Request: HEAD https://huggingface.co/sentence-transformers/all-MiniLM-L6-v2/resolve/main/tokenizer_config.json "HTTP/1.1 307 Temporary Redirect"
HTTP Request: HEAD https://huggingface.co/api/resolve-cache/models/sentence-transformers/all-MiniLM-L6-v2/c9745ed1d9f207416be6d2e6f8de32d1f16199bf/tokenizer_config.json "HTTP/1.1 200 OK"
HTTP Request: HEAD https://huggingface.co/sentence-transformers/all-MiniLM-L6-v2/resolve/main/config.json "HTTP/1.1 307 Temporary Redirect"
HTTP Request: HEAD https://huggingface.co/api/resolve-cache/models/sentence-transformers/all-MiniLM-L6-v2/c9745ed1d9f207416be6d2e6f8de32d1f16199bf/config.json "HTTP/1.1 200 OK"
HTTP Request: HEAD https://huggingface.co/sentence-transformers/all-MiniLM-L6-v2/resolve/main/config.json "HTTP/1.1 307 Temporary Redirect"
HTTP Request: HEAD https://huggingface.co/api/resolve-cache/models/sentence-transformers/all-MiniLM-L6-v2/c9745ed1d9f207416be6d2e6f8de32d1f16199bf/config.json "HTTP/1.1 200 OK"
HTTP Request: HEAD https://huggingface.co/sentence-transformers/all-MiniLM-L6-v2/resolve/main/tokenizer_config.json "HTTP/1.1 307 Temporary Redirect"
HTTP Request: HEAD https://huggingface.co/api/resolve-cache/models/sentence-transformers/all-MiniLM-L6-v2/c9745ed1d9f207416be6d2e6f8de32d1f16199bf/tokenizer_config.json "HTTP/1.1 200 OK"
HTTP Request: GET https://huggingface.co/api/models/sentence-transformers/all-MiniLM-L6-v2/tree/main/additional_chat_templates?recursive=false&expand=false "HTTP/1.1 404 Not Found"
HTTP Request: GET https://huggingface.co/api/models/sentence-transformers/all-MiniLM-L6-v2/tree/main?recursive=true&expand=false "HTTP/1.1 200 OK"
HTTP Request: HEAD https://huggingface.co/sentence-transformers/all-MiniLM-L6-v2/resolve/main/1_Pooling/config.json "HTTP/1.1 307 Temporary Redirect"
HTTP Request: HEAD https://huggingface.co/api/resolve-cache/models/sentence-transformers/all-MiniLM-L6-v2/c9745ed1d9f207416be6d2e6f8de32d1f16199bf/1_Pooling%2Fconfig.json "HTTP/1.1 200 OK"
HTTP Request: GET https://huggingface.co/api/models/sentence-transformers/all-MiniLM-L6-v2 "HTTP/1.1 200 OK"
HTTP Request: HEAD https://huggingface.co/sentence-transformers/all-MiniLM-L6-v2/resolve/main/modules.json "HTTP/1.1 307 Temporary Redirect"
HTTP Request: HEAD https://huggingface.co/api/resolve-cache/models/sentence-transformers/all-MiniLM-L6-v2/c9745ed1d9f207416be6d2e6f8de32d1f16199bf/modules.json "HTTP/1.1 200 OK"
HTTP Request: HEAD https://huggingface.co/sentence-transformers/all-MiniLM-L6-v2/resolve/main/config_sentence_transformers.json "HTTP/1.1 307 Temporary Redirect"
HTTP Request: HEAD https://huggingface.co/api/resolve-cache/models/sentence-transformers/all-MiniLM-L6-v2/c9745ed1d9f207416be6d2e6f8de32d1f16199bf/config_sentence_transformers.json "HTTP/1.1 200 OK"
Loading SentenceTransformer model from sentence-transformers/all-MiniLM-L6-v2.
HTTP Request: HEAD https://huggingface.co/sentence-transformers/all-MiniLM-L6-v2/resolve/main/config_sentence_transformers.json "HTTP/1.1 307 Temporary Redirect"
HTTP Request: HEAD https://huggingface.co/api/resolve-cache/models/sentence-transformers/all-MiniLM-L6-v2/c9745ed1d9f207416be6d2e6f8de32d1f16199bf/config_sentence_transformers.json "HTTP/1.1 200 OK"
HTTP Request: HEAD https://huggingface.co/sentence-transformers/all-MiniLM-L6-v2/resolve/main/README.md "HTTP/1.1 307 Temporary Redirect"
HTTP Request: HEAD https://huggingface.co/api/resolve-cache/models/sentence-transformers/all-MiniLM-L6-v2/c9745ed1d9f207416be6d2e6f8de32d1f16199bf/README.md "HTTP/1.1 200 OK"
HTTP Request: HEAD https://huggingface.co/sentence-transformers/all-MiniLM-L6-v2/resolve/main/modules.json "HTTP/1.1 307 Temporary Redirect"
HTTP Request: HEAD https://huggingface.co/api/resolve-cache/models/sentence-transformers/all-MiniLM-L6-v2/c9745ed1d9f207416be6d2e6f8de32d1f16199bf/modules.json "HTTP/1.1 200 OK"
HTTP Request: HEAD https://huggingface.co/sentence-transformers/all-MiniLM-L6-v2/resolve/main/sentence_bert_config.json "HTTP/1.1 307 Temporary Redirect"
HTTP Request: HEAD https://huggingface.co/api/resolve-cache/models/sentence-transformers/all-MiniLM-L6-v2/c9745ed1d9f207416be6d2e6f8de32d1f16199bf/sentence_bert_config.json "HTTP/1.1 200 OK"
HTTP Request: HEAD https://huggingface.co/sentence-transformers/all-MiniLM-L6-v2/resolve/main/adapter_config.json "HTTP/1.1 404 Not Found"
HTTP Request: HEAD https://huggingface.co/sentence-transformers/all-MiniLM-L6-v2/resolve/main/config.json "HTTP/1.1 307 Temporary Redirect"
HTTP Request: HEAD https://huggingface.co/api/resolve-cache/models/sentence-transformers/all-MiniLM-L6-v2/c9745ed1d9f207416be6d2e6f8de32d1f16199bf/config.json "HTTP/1.1 200 OK"
HTTP Request: HEAD https://huggingface.co/sentence-transformers/all-MiniLM-L6-v2/resolve/main/processor_config.json "HTTP/1.1 404 Not Found"
HTTP Request: HEAD https://huggingface.co/sentence-transformers/all-MiniLM-L6-v2/resolve/main/preprocessor_config.json "HTTP/1.1 404 Not Found"
HTTP Request: HEAD https://huggingface.co/sentence-transformers/all-MiniLM-L6-v2/resolve/main/video_preprocessor_config.json "HTTP/1.1 404 Not Found"
HTTP Request: HEAD https://huggingface.co/sentence-transformers/all-MiniLM-L6-v2/resolve/main/preprocessor_config.json "HTTP/1.1 404 Not Found"
HTTP Request: HEAD https://huggingface.co/sentence-transformers/all-MiniLM-L6-v2/resolve/main/tokenizer_config.json "HTTP/1.1 307 Temporary Redirect"
HTTP Request: HEAD https://huggingface.co/api/resolve-cache/models/sentence-transformers/all-MiniLM-L6-v2/c9745ed1d9f207416be6d2e6f8de32d1f16199bf/tokenizer_config.json "HTTP/1.1 200 OK"
HTTP Request: HEAD https://huggingface.co/sentence-transformers/all-MiniLM-L6-v2/resolve/main/config.json "HTTP/1.1 307 Temporary Redirect"
HTTP Request: HEAD https://huggingface.co/api/resolve-cache/models/sentence-transformers/all-MiniLM-L6-v2/c9745ed1d9f207416be6d2e6f8de32d1f16199bf/config.json "HTTP/1.1 200 OK"
HTTP Request: HEAD https://huggingface.co/sentence-transformers/all-MiniLM-L6-v2/resolve/main/config.json "HTTP/1.1 307 Temporary Redirect"
HTTP Request: HEAD https://huggingface.co/api/resolve-cache/models/sentence-transformers/all-MiniLM-L6-v2/c9745ed1d9f207416be6d2e6f8de32d1f16199bf/config.json "HTTP/1.1 200 OK"
HTTP Request: HEAD https://huggingface.co/sentence-transformers/all-MiniLM-L6-v2/resolve/main/tokenizer_config.json "HTTP/1.1 307 Temporary Redirect"
HTTP Request: HEAD https://huggingface.co/api/resolve-cache/models/sentence-transformers/all-MiniLM-L6-v2/c9745ed1d9f207416be6d2e6f8de32d1f16199bf/tokenizer_config.json "HTTP/1.1 200 OK"
HTTP Request: GET https://huggingface.co/api/models/sentence-transformers/all-MiniLM-L6-v2/tree/main/additional_chat_templates?recursive=false&expand=false "HTTP/1.1 404 Not Found"
HTTP Request: GET https://huggingface.co/api/models/sentence-transformers/all-MiniLM-L6-v2/tree/main?recursive=true&expand=false "HTTP/1.1 200 OK"
HTTP Request: HEAD https://huggingface.co/sentence-transformers/all-MiniLM-L6-v2/resolve/main/1_Pooling/config.json "HTTP/1.1 307 Temporary Redirect"
HTTP Request: HEAD https://huggingface.co/api/resolve-cache/models/sentence-transformers/all-MiniLM-L6-v2/c9745ed1d9f207416be6d2e6f8de32d1f16199bf/1_Pooling%2Fconfig.json "HTTP/1.1 200 OK"
HTTP Request: GET https://huggingface.co/api/models/sentence-transformers/all-MiniLM-L6-v2 "HTTP/1.1 200 OK"
HTTP Request: HEAD https://huggingface.co/sentence-transformers/all-MiniLM-L6-v2/resolve/main/modules.json "HTTP/1.1 307 Temporary Redirect"
HTTP Request: HEAD https://huggingface.co/api/resolve-cache/models/sentence-transformers/all-MiniLM-L6-v2/c9745ed1d9f207416be6d2e6f8de32d1f16199bf/modules.json "HTTP/1.1 200 OK"
HTTP Request: HEAD https://huggingface.co/sentence-transformers/all-MiniLM-L6-v2/resolve/main/config_sentence_transformers.json "HTTP/1.1 307 Temporary Redirect"
HTTP Request: HEAD https://huggingface.co/api/resolve-cache/models/sentence-transformers/all-MiniLM-L6-v2/c9745ed1d9f207416be6d2e6f8de32d1f16199bf/config_sentence_transformers.json "HTTP/1.1 200 OK"
Loading SentenceTransformer model from sentence-transformers/all-MiniLM-L6-v2.
HTTP Request: HEAD https://huggingface.co/sentence-transformers/all-MiniLM-L6-v2/resolve/main/config_sentence_transformers.json "HTTP/1.1 307 Temporary Redirect"
HTTP Request: HEAD https://huggingface.co/api/resolve-cache/models/sentence-transformers/all-MiniLM-L6-v2/c9745ed1d9f207416be6d2e6f8de32d1f16199bf/config_sentence_transformers.json "HTTP/1.1 200 OK"
HTTP Request: HEAD https://huggingface.co/sentence-transformers/all-MiniLM-L6-v2/resolve/main/README.md "HTTP/1.1 307 Temporary Redirect"
HTTP Request: HEAD https://huggingface.co/api/resolve-cache/models/sentence-transformers/all-MiniLM-L6-v2/c9745ed1d9f207416be6d2e6f8de32d1f16199bf/README.md "HTTP/1.1 200 OK"
HTTP Request: HEAD https://huggingface.co/sentence-transformers/all-MiniLM-L6-v2/resolve/main/modules.json "HTTP/1.1 307 Temporary Redirect"
HTTP Request: HEAD https://huggingface.co/api/resolve-cache/models/sentence-transformers/all-MiniLM-L6-v2/c9745ed1d9f207416be6d2e6f8de32d1f16199bf/modules.json "HTTP/1.1 200 OK"
HTTP Request: HEAD https://huggingface.co/sentence-transformers/all-MiniLM-L6-v2/resolve/main/sentence_bert_config.json "HTTP/1.1 307 Temporary Redirect"
HTTP Request: HEAD https://huggingface.co/api/resolve-cache/models/sentence-transformers/all-MiniLM-L6-v2/c9745ed1d9f207416be6d2e6f8de32d1f16199bf/sentence_bert_config.json "HTTP/1.1 200 OK"
HTTP Request: HEAD https://huggingface.co/sentence-transformers/all-MiniLM-L6-v2/resolve/main/adapter_config.json "HTTP/1.1 404 Not Found"
HTTP Request: HEAD https://huggingface.co/sentence-transformers/all-MiniLM-L6-v2/resolve/main/config.json "HTTP/1.1 307 Temporary Redirect"
HTTP Request: HEAD https://huggingface.co/api/resolve-cache/models/sentence-transformers/all-MiniLM-L6-v2/c9745ed1d9f207416be6d2e6f8de32d1f16199bf/config.json "HTTP/1.1 200 OK"
HTTP Request: HEAD https://huggingface.co/sentence-transformers/all-MiniLM-L6-v2/resolve/main/processor_config.json "HTTP/1.1 404 Not Found"
HTTP Request: HEAD https://huggingface.co/sentence-transformers/all-MiniLM-L6-v2/resolve/main/preprocessor_config.json "HTTP/1.1 404 Not Found"
HTTP Request: HEAD https://huggingface.co/sentence-transformers/all-MiniLM-L6-v2/resolve/main/video_preprocessor_config.json "HTTP/1.1 404 Not Found"
HTTP Request: HEAD https://huggingface.co/sentence-transformers/all-MiniLM-L6-v2/resolve/main/preprocessor_config.json "HTTP/1.1 404 Not Found"
HTTP Request: HEAD https://huggingface.co/sentence-transformers/all-MiniLM-L6-v2/resolve/main/tokenizer_config.json "HTTP/1.1 307 Temporary Redirect"
HTTP Request: HEAD https://huggingface.co/api/resolve-cache/models/sentence-transformers/all-MiniLM-L6-v2/c9745ed1d9f207416be6d2e6f8de32d1f16199bf/tokenizer_config.json "HTTP/1.1 200 OK"
HTTP Request: HEAD https://huggingface.co/sentence-transformers/all-MiniLM-L6-v2/resolve/main/config.json "HTTP/1.1 307 Temporary Redirect"
HTTP Request: HEAD https://huggingface.co/api/resolve-cache/models/sentence-transformers/all-MiniLM-L6-v2/c9745ed1d9f207416be6d2e6f8de32d1f16199bf/config.json "HTTP/1.1 200 OK"
HTTP Request: HEAD https://huggingface.co/sentence-transformers/all-MiniLM-L6-v2/resolve/main/config.json "HTTP/1.1 307 Temporary Redirect"
HTTP Request: HEAD https://huggingface.co/api/resolve-cache/models/sentence-transformers/all-MiniLM-L6-v2/c9745ed1d9f207416be6d2e6f8de32d1f16199bf/config.json "HTTP/1.1 200 OK"
HTTP Request: HEAD https://huggingface.co/sentence-transformers/all-MiniLM-L6-v2/resolve/main/tokenizer_config.json "HTTP/1.1 307 Temporary Redirect"
HTTP Request: HEAD https://huggingface.co/api/resolve-cache/models/sentence-transformers/all-MiniLM-L6-v2/c9745ed1d9f207416be6d2e6f8de32d1f16199bf/tokenizer_config.json "HTTP/1.1 200 OK"
HTTP Request: GET https://huggingface.co/api/models/sentence-transformers/all-MiniLM-L6-v2/tree/main/additional_chat_templates?recursive=false&expand=false "HTTP/1.1 404 Not Found"
HTTP Request: GET https://huggingface.co/api/models/sentence-transformers/all-MiniLM-L6-v2/tree/main?recursive=true&expand=false "HTTP/1.1 200 OK"
HTTP Request: HEAD https://huggingface.co/sentence-transformers/all-MiniLM-L6-v2/resolve/main/1_Pooling/config.json "HTTP/1.1 307 Temporary Redirect"
HTTP Request: HEAD https://huggingface.co/api/resolve-cache/models/sentence-transformers/all-MiniLM-L6-v2/c9745ed1d9f207416be6d2e6f8de32d1f16199bf/1_Pooling%2Fconfig.json "HTTP/1.1 200 OK"
HTTP Request: GET https://huggingface.co/api/models/sentence-transformers/all-MiniLM-L6-v2 "HTTP/1.1 200 OK"
HTTP Request: HEAD https://huggingface.co/sentence-transformers/all-MiniLM-L6-v2/resolve/main/modules.json "HTTP/1.1 307 Temporary Redirect"
HTTP Request: HEAD https://huggingface.co/api/resolve-cache/models/sentence-transformers/all-MiniLM-L6-v2/c9745ed1d9f207416be6d2e6f8de32d1f16199bf/modules.json "HTTP/1.1 200 OK"
HTTP Request: HEAD https://huggingface.co/sentence-transformers/all-MiniLM-L6-v2/resolve/main/config_sentence_transformers.json "HTTP/1.1 307 Temporary Redirect"
HTTP Request: HEAD https://huggingface.co/api/resolve-cache/models/sentence-transformers/all-MiniLM-L6-v2/c9745ed1d9f207416be6d2e6f8de32d1f16199bf/config_sentence_transformers.json "HTTP/1.1 200 OK"
Loading SentenceTransformer model from sentence-transformers/all-MiniLM-L6-v2.
HTTP Request: HEAD https://huggingface.co/sentence-transformers/all-MiniLM-L6-v2/resolve/main/config_sentence_transformers.json "HTTP/1.1 307 Temporary Redirect"
HTTP Request: HEAD https://huggingface.co/api/resolve-cache/models/sentence-transformers/all-MiniLM-L6-v2/c9745ed1d9f207416be6d2e6f8de32d1f16199bf/config_sentence_transformers.json "HTTP/1.1 200 OK"
HTTP Request: HEAD https://huggingface.co/sentence-transformers/all-MiniLM-L6-v2/resolve/main/README.md "HTTP/1.1 307 Temporary Redirect"
HTTP Request: HEAD https://huggingface.co/api/resolve-cache/models/sentence-transformers/all-MiniLM-L6-v2/c9745ed1d9f207416be6d2e6f8de32d1f16199bf/README.md "HTTP/1.1 200 OK"
HTTP Request: HEAD https://huggingface.co/sentence-transformers/all-MiniLM-L6-v2/resolve/main/modules.json "HTTP/1.1 307 Temporary Redirect"
HTTP Request: HEAD https://huggingface.co/api/resolve-cache/models/sentence-transformers/all-MiniLM-L6-v2/c9745ed1d9f207416be6d2e6f8de32d1f16199bf/modules.json "HTTP/1.1 200 OK"
HTTP Request: HEAD https://huggingface.co/sentence-transformers/all-MiniLM-L6-v2/resolve/main/sentence_bert_config.json "HTTP/1.1 307 Temporary Redirect"
HTTP Request: HEAD https://huggingface.co/api/resolve-cache/models/sentence-transformers/all-MiniLM-L6-v2/c9745ed1d9f207416be6d2e6f8de32d1f16199bf/sentence_bert_config.json "HTTP/1.1 200 OK"
HTTP Request: HEAD https://huggingface.co/sentence-transformers/all-MiniLM-L6-v2/resolve/main/adapter_config.json "HTTP/1.1 404 Not Found"
HTTP Request: HEAD https://huggingface.co/sentence-transformers/all-MiniLM-L6-v2/resolve/main/config.json "HTTP/1.1 307 Temporary Redirect"
HTTP Request: HEAD https://huggingface.co/api/resolve-cache/models/sentence-transformers/all-MiniLM-L6-v2/c9745ed1d9f207416be6d2e6f8de32d1f16199bf/config.json "HTTP/1.1 200 OK"
HTTP Request: HEAD https://huggingface.co/sentence-transformers/all-MiniLM-L6-v2/resolve/main/processor_config.json "HTTP/1.1 404 Not Found"
HTTP Request: HEAD https://huggingface.co/sentence-transformers/all-MiniLM-L6-v2/resolve/main/preprocessor_config.json "HTTP/1.1 404 Not Found"
HTTP Request: HEAD https://huggingface.co/sentence-transformers/all-MiniLM-L6-v2/resolve/main/video_preprocessor_config.json "HTTP/1.1 404 Not Found"
HTTP Request: HEAD https://huggingface.co/sentence-transformers/all-MiniLM-L6-v2/resolve/main/preprocessor_config.json "HTTP/1.1 404 Not Found"
HTTP Request: HEAD https://huggingface.co/sentence-transformers/all-MiniLM-L6-v2/resolve/main/tokenizer_config.json "HTTP/1.1 307 Temporary Redirect"
HTTP Request: HEAD https://huggingface.co/api/resolve-cache/models/sentence-transformers/all-MiniLM-L6-v2/c9745ed1d9f207416be6d2e6f8de32d1f16199bf/tokenizer_config.json "HTTP/1.1 200 OK"
HTTP Request: HEAD https://huggingface.co/sentence-transformers/all-MiniLM-L6-v2/resolve/main/config.json "HTTP/1.1 307 Temporary Redirect"
HTTP Request: HEAD https://huggingface.co/api/resolve-cache/models/sentence-transformers/all-MiniLM-L6-v2/c9745ed1d9f207416be6d2e6f8de32d1f16199bf/config.json "HTTP/1.1 200 OK"
HTTP Request: HEAD https://huggingface.co/sentence-transformers/all-MiniLM-L6-v2/resolve/main/config.json "HTTP/1.1 307 Temporary Redirect"
HTTP Request: HEAD https://huggingface.co/api/resolve-cache/models/sentence-transformers/all-MiniLM-L6-v2/c9745ed1d9f207416be6d2e6f8de32d1f16199bf/config.json "HTTP/1.1 200 OK"
HTTP Request: HEAD https://huggingface.co/sentence-transformers/all-MiniLM-L6-v2/resolve/main/tokenizer_config.json "HTTP/1.1 307 Temporary Redirect"
HTTP Request: HEAD https://huggingface.co/api/resolve-cache/models/sentence-transformers/all-MiniLM-L6-v2/c9745ed1d9f207416be6d2e6f8de32d1f16199bf/tokenizer_config.json "HTTP/1.1 200 OK"
HTTP Request: GET https://huggingface.co/api/models/sentence-transformers/all-MiniLM-L6-v2/tree/main/additional_chat_templates?recursive=false&expand=false "HTTP/1.1 404 Not Found"
HTTP Request: GET https://huggingface.co/api/models/sentence-transformers/all-MiniLM-L6-v2/tree/main?recursive=true&expand=false "HTTP/1.1 200 OK"
HTTP Request: HEAD https://huggingface.co/sentence-transformers/all-MiniLM-L6-v2/resolve/main/1_Pooling/config.json "HTTP/1.1 307 Temporary Redirect"
HTTP Request: HEAD https://huggingface.co/api/resolve-cache/models/sentence-transformers/all-MiniLM-L6-v2/c9745ed1d9f207416be6d2e6f8de32d1f16199bf/1_Pooling%2Fconfig.json "HTTP/1.1 200 OK"
HTTP Request: GET https://huggingface.co/api/models/sentence-transformers/all-MiniLM-L6-v2 "HTTP/1.1 200 OK"
HTTP Request: HEAD https://huggingface.co/sentence-transformers/all-MiniLM-L6-v2/resolve/main/modules.json "HTTP/1.1 307 Temporary Redirect"
HTTP Request: HEAD https://huggingface.co/api/resolve-cache/models/sentence-transformers/all-MiniLM-L6-v2/c9745ed1d9f207416be6d2e6f8de32d1f16199bf/modules.json "HTTP/1.1 200 OK"
HTTP Request: HEAD https://huggingface.co/sentence-transformers/all-MiniLM-L6-v2/resolve/main/config_sentence_transformers.json "HTTP/1.1 307 Temporary Redirect"
HTTP Request: HEAD https://huggingface.co/api/resolve-cache/models/sentence-transformers/all-MiniLM-L6-v2/c9745ed1d9f207416be6d2e6f8de32d1f16199bf/config_sentence_transformers.json "HTTP/1.1 200 OK"
Loading SentenceTransformer model from sentence-transformers/all-MiniLM-L6-v2.
HTTP Request: HEAD https://huggingface.co/sentence-transformers/all-MiniLM-L6-v2/resolve/main/config_sentence_transformers.json "HTTP/1.1 307 Temporary Redirect"
HTTP Request: HEAD https://huggingface.co/api/resolve-cache/models/sentence-transformers/all-MiniLM-L6-v2/c9745ed1d9f207416be6d2e6f8de32d1f16199bf/config_sentence_transformers.json "HTTP/1.1 200 OK"
HTTP Request: HEAD https://huggingface.co/sentence-transformers/all-MiniLM-L6-v2/resolve/main/README.md "HTTP/1.1 307 Temporary Redirect"
HTTP Request: HEAD https://huggingface.co/api/resolve-cache/models/sentence-transformers/all-MiniLM-L6-v2/c9745ed1d9f207416be6d2e6f8de32d1f16199bf/README.md "HTTP/1.1 200 OK"
HTTP Request: HEAD https://huggingface.co/sentence-transformers/all-MiniLM-L6-v2/resolve/main/modules.json "HTTP/1.1 307 Temporary Redirect"
HTTP Request: HEAD https://huggingface.co/api/resolve-cache/models/sentence-transformers/all-MiniLM-L6-v2/c9745ed1d9f207416be6d2e6f8de32d1f16199bf/modules.json "HTTP/1.1 200 OK"
HTTP Request: HEAD https://huggingface.co/sentence-transformers/all-MiniLM-L6-v2/resolve/main/sentence_bert_config.json "HTTP/1.1 307 Temporary Redirect"
HTTP Request: HEAD https://huggingface.co/api/resolve-cache/models/sentence-transformers/all-MiniLM-L6-v2/c9745ed1d9f207416be6d2e6f8de32d1f16199bf/sentence_bert_config.json "HTTP/1.1 200 OK"
HTTP Request: HEAD https://huggingface.co/sentence-transformers/all-MiniLM-L6-v2/resolve/main/adapter_config.json "HTTP/1.1 404 Not Found"
HTTP Request: HEAD https://huggingface.co/sentence-transformers/all-MiniLM-L6-v2/resolve/main/config.json "HTTP/1.1 307 Temporary Redirect"
HTTP Request: HEAD https://huggingface.co/api/resolve-cache/models/sentence-transformers/all-MiniLM-L6-v2/c9745ed1d9f207416be6d2e6f8de32d1f16199bf/config.json "HTTP/1.1 200 OK"
HTTP Request: HEAD https://huggingface.co/sentence-transformers/all-MiniLM-L6-v2/resolve/main/processor_config.json "HTTP/1.1 404 Not Found"
HTTP Request: HEAD https://huggingface.co/sentence-transformers/all-MiniLM-L6-v2/resolve/main/preprocessor_config.json "HTTP/1.1 404 Not Found"
HTTP Request: HEAD https://huggingface.co/sentence-transformers/all-MiniLM-L6-v2/resolve/main/video_preprocessor_config.json "HTTP/1.1 404 Not Found"
HTTP Request: HEAD https://huggingface.co/sentence-transformers/all-MiniLM-L6-v2/resolve/main/preprocessor_config.json "HTTP/1.1 404 Not Found"
HTTP Request: HEAD https://huggingface.co/sentence-transformers/all-MiniLM-L6-v2/resolve/main/tokenizer_config.json "HTTP/1.1 307 Temporary Redirect"
HTTP Request: HEAD https://huggingface.co/api/resolve-cache/models/sentence-transformers/all-MiniLM-L6-v2/c9745ed1d9f207416be6d2e6f8de32d1f16199bf/tokenizer_config.json "HTTP/1.1 200 OK"
HTTP Request: HEAD https://huggingface.co/sentence-transformers/all-MiniLM-L6-v2/resolve/main/config.json "HTTP/1.1 307 Temporary Redirect"
HTTP Request: HEAD https://huggingface.co/api/resolve-cache/models/sentence-transformers/all-MiniLM-L6-v2/c9745ed1d9f207416be6d2e6f8de32d1f16199bf/config.json "HTTP/1.1 200 OK"
HTTP Request: HEAD https://huggingface.co/sentence-transformers/all-MiniLM-L6-v2/resolve/main/config.json "HTTP/1.1 307 Temporary Redirect"
HTTP Request: HEAD https://huggingface.co/api/resolve-cache/models/sentence-transformers/all-MiniLM-L6-v2/c9745ed1d9f207416be6d2e6f8de32d1f16199bf/config.json "HTTP/1.1 200 OK"
HTTP Request: HEAD https://huggingface.co/sentence-transformers/all-MiniLM-L6-v2/resolve/main/tokenizer_config.json "HTTP/1.1 307 Temporary Redirect"
HTTP Request: HEAD https://huggingface.co/api/resolve-cache/models/sentence-transformers/all-MiniLM-L6-v2/c9745ed1d9f207416be6d2e6f8de32d1f16199bf/tokenizer_config.json "HTTP/1.1 200 OK"
HTTP Request: GET https://huggingface.co/api/models/sentence-transformers/all-MiniLM-L6-v2/tree/main/additional_chat_templates?recursive=false&expand=false "HTTP/1.1 404 Not Found"
HTTP Request: GET https://huggingface.co/api/models/sentence-transformers/all-MiniLM-L6-v2/tree/main?recursive=true&expand=false "HTTP/1.1 200 OK"
HTTP Request: HEAD https://huggingface.co/sentence-transformers/all-MiniLM-L6-v2/resolve/main/1_Pooling/config.json "HTTP/1.1 307 Temporary Redirect"
HTTP Request: HEAD https://huggingface.co/api/resolve-cache/models/sentence-transformers/all-MiniLM-L6-v2/c9745ed1d9f207416be6d2e6f8de32d1f16199bf/1_Pooling%2Fconfig.json "HTTP/1.1 200 OK"
HTTP Request: GET https://huggingface.co/api/models/sentence-transformers/all-MiniLM-L6-v2 "HTTP/1.1 200 OK"
HTTP Request: HEAD https://huggingface.co/sentence-transformers/all-MiniLM-L6-v2/resolve/main/modules.json "HTTP/1.1 307 Temporary Redirect"
HTTP Request: HEAD https://huggingface.co/api/resolve-cache/models/sentence-transformers/all-MiniLM-L6-v2/c9745ed1d9f207416be6d2e6f8de32d1f16199bf/modules.json "HTTP/1.1 200 OK"
HTTP Request: HEAD https://huggingface.co/sentence-transformers/all-MiniLM-L6-v2/resolve/main/config_sentence_transformers.json "HTTP/1.1 307 Temporary Redirect"
HTTP Request: HEAD https://huggingface.co/api/resolve-cache/models/sentence-transformers/all-MiniLM-L6-v2/c9745ed1d9f207416be6d2e6f8de32d1f16199bf/config_sentence_transformers.json "HTTP/1.1 200 OK"
Loading SentenceTransformer model from sentence-transformers/all-MiniLM-L6-v2.
HTTP Request: HEAD https://huggingface.co/sentence-transformers/all-MiniLM-L6-v2/resolve/main/config_sentence_transformers.json "HTTP/1.1 307 Temporary Redirect"
HTTP Request: HEAD https://huggingface.co/api/resolve-cache/models/sentence-transformers/all-MiniLM-L6-v2/c9745ed1d9f207416be6d2e6f8de32d1f16199bf/config_sentence_transformers.json "HTTP/1.1 200 OK"
HTTP Request: HEAD https://huggingface.co/sentence-transformers/all-MiniLM-L6-v2/resolve/main/README.md "HTTP/1.1 307 Temporary Redirect"
HTTP Request: HEAD https://huggingface.co/api/resolve-cache/models/sentence-transformers/all-MiniLM-L6-v2/c9745ed1d9f207416be6d2e6f8de32d1f16199bf/README.md "HTTP/1.1 200 OK"
HTTP Request: HEAD https://huggingface.co/sentence-transformers/all-MiniLM-L6-v2/resolve/main/modules.json "HTTP/1.1 307 Temporary Redirect"
HTTP Request: HEAD https://huggingface.co/api/resolve-cache/models/sentence-transformers/all-MiniLM-L6-v2/c9745ed1d9f207416be6d2e6f8de32d1f16199bf/modules.json "HTTP/1.1 200 OK"
HTTP Request: HEAD https://huggingface.co/sentence-transformers/all-MiniLM-L6-v2/resolve/main/sentence_bert_config.json "HTTP/1.1 307 Temporary Redirect"
HTTP Request: HEAD https://huggingface.co/api/resolve-cache/models/sentence-transformers/all-MiniLM-L6-v2/c9745ed1d9f207416be6d2e6f8de32d1f16199bf/sentence_bert_config.json "HTTP/1.1 200 OK"
HTTP Request: HEAD https://huggingface.co/sentence-transformers/all-MiniLM-L6-v2/resolve/main/adapter_config.json "HTTP/1.1 404 Not Found"
HTTP Request: HEAD https://huggingface.co/sentence-transformers/all-MiniLM-L6-v2/resolve/main/config.json "HTTP/1.1 307 Temporary Redirect"
HTTP Request: HEAD https://huggingface.co/api/resolve-cache/models/sentence-transformers/all-MiniLM-L6-v2/c9745ed1d9f207416be6d2e6f8de32d1f16199bf/config.json "HTTP/1.1 200 OK"
HTTP Request: HEAD https://huggingface.co/sentence-transformers/all-MiniLM-L6-v2/resolve/main/processor_config.json "HTTP/1.1 404 Not Found"
HTTP Request: HEAD https://huggingface.co/sentence-transformers/all-MiniLM-L6-v2/resolve/main/preprocessor_config.json "HTTP/1.1 404 Not Found"
HTTP Request: HEAD https://huggingface.co/sentence-transformers/all-MiniLM-L6-v2/resolve/main/video_preprocessor_config.json "HTTP/1.1 404 Not Found"
HTTP Request: HEAD https://huggingface.co/sentence-transformers/all-MiniLM-L6-v2/resolve/main/preprocessor_config.json "HTTP/1.1 404 Not Found"
HTTP Request: HEAD https://huggingface.co/sentence-transformers/all-MiniLM-L6-v2/resolve/main/tokenizer_config.json "HTTP/1.1 307 Temporary Redirect"
HTTP Request: HEAD https://huggingface.co/api/resolve-cache/models/sentence-transformers/all-MiniLM-L6-v2/c9745ed1d9f207416be6d2e6f8de32d1f16199bf/tokenizer_config.json "HTTP/1.1 200 OK"
HTTP Request: HEAD https://huggingface.co/sentence-transformers/all-MiniLM-L6-v2/resolve/main/config.json "HTTP/1.1 307 Temporary Redirect"
HTTP Request: HEAD https://huggingface.co/api/resolve-cache/models/sentence-transformers/all-MiniLM-L6-v2/c9745ed1d9f207416be6d2e6f8de32d1f16199bf/config.json "HTTP/1.1 200 OK"
HTTP Request: HEAD https://huggingface.co/sentence-transformers/all-MiniLM-L6-v2/resolve/main/config.json "HTTP/1.1 307 Temporary Redirect"
HTTP Request: HEAD https://huggingface.co/api/resolve-cache/models/sentence-transformers/all-MiniLM-L6-v2/c9745ed1d9f207416be6d2e6f8de32d1f16199bf/config.json "HTTP/1.1 200 OK"
HTTP Request: HEAD https://huggingface.co/sentence-transformers/all-MiniLM-L6-v2/resolve/main/tokenizer_config.json "HTTP/1.1 307 Temporary Redirect"
HTTP Request: HEAD https://huggingface.co/api/resolve-cache/models/sentence-transformers/all-MiniLM-L6-v2/c9745ed1d9f207416be6d2e6f8de32d1f16199bf/tokenizer_config.json "HTTP/1.1 200 OK"
HTTP Request: GET https://huggingface.co/api/models/sentence-transformers/all-MiniLM-L6-v2/tree/main/additional_chat_templates?recursive=false&expand=false "HTTP/1.1 404 Not Found"
HTTP Request: GET https://huggingface.co/api/models/sentence-transformers/all-MiniLM-L6-v2/tree/main?recursive=true&expand=false "HTTP/1.1 200 OK"
HTTP Request: HEAD https://huggingface.co/sentence-transformers/all-MiniLM-L6-v2/resolve/main/1_Pooling/config.json "HTTP/1.1 307 Temporary Redirect"
HTTP Request: HEAD https://huggingface.co/api/resolve-cache/models/sentence-transformers/all-MiniLM-L6-v2/c9745ed1d9f207416be6d2e6f8de32d1f16199bf/1_Pooling%2Fconfig.json "HTTP/1.1 200 OK"
HTTP Request: GET https://huggingface.co/api/models/sentence-transformers/all-MiniLM-L6-v2 "HTTP/1.1 200 OK"
HTTP Request: HEAD https://huggingface.co/sentence-transformers/all-MiniLM-L6-v2/resolve/main/modules.json "HTTP/1.1 307 Temporary Redirect"
HTTP Request: HEAD https://huggingface.co/api/resolve-cache/models/sentence-transformers/all-MiniLM-L6-v2/c9745ed1d9f207416be6d2e6f8de32d1f16199bf/modules.json "HTTP/1.1 200 OK"
HTTP Request: HEAD https://huggingface.co/sentence-transformers/all-MiniLM-L6-v2/resolve/main/config_sentence_transformers.json "HTTP/1.1 307 Temporary Redirect"
HTTP Request: HEAD https://huggingface.co/api/resolve-cache/models/sentence-transformers/all-MiniLM-L6-v2/c9745ed1d9f207416be6d2e6f8de32d1f16199bf/config_sentence_transformers.json "HTTP/1.1 200 OK"
Loading SentenceTransformer model from sentence-transformers/all-MiniLM-L6-v2.
HTTP Request: HEAD https://huggingface.co/sentence-transformers/all-MiniLM-L6-v2/resolve/main/config_sentence_transformers.json "HTTP/1.1 307 Temporary Redirect"
HTTP Request: HEAD https://huggingface.co/api/resolve-cache/models/sentence-transformers/all-MiniLM-L6-v2/c9745ed1d9f207416be6d2e6f8de32d1f16199bf/config_sentence_transformers.json "HTTP/1.1 200 OK"
HTTP Request: HEAD https://huggingface.co/sentence-transformers/all-MiniLM-L6-v2/resolve/main/README.md "HTTP/1.1 307 Temporary Redirect"
HTTP Request: HEAD https://huggingface.co/api/resolve-cache/models/sentence-transformers/all-MiniLM-L6-v2/c9745ed1d9f207416be6d2e6f8de32d1f16199bf/README.md "HTTP/1.1 200 OK"
HTTP Request: HEAD https://huggingface.co/sentence-transformers/all-MiniLM-L6-v2/resolve/main/modules.json "HTTP/1.1 307 Temporary Redirect"
HTTP Request: HEAD https://huggingface.co/api/resolve-cache/models/sentence-transformers/all-MiniLM-L6-v2/c9745ed1d9f207416be6d2e6f8de32d1f16199bf/modules.json "HTTP/1.1 200 OK"
HTTP Request: HEAD https://huggingface.co/sentence-transformers/all-MiniLM-L6-v2/resolve/main/sentence_bert_config.json "HTTP/1.1 307 Temporary Redirect"
HTTP Request: HEAD https://huggingface.co/api/resolve-cache/models/sentence-transformers/all-MiniLM-L6-v2/c9745ed1d9f207416be6d2e6f8de32d1f16199bf/sentence_bert_config.json "HTTP/1.1 200 OK"
HTTP Request: HEAD https://huggingface.co/sentence-transformers/all-MiniLM-L6-v2/resolve/main/adapter_config.json "HTTP/1.1 404 Not Found"
HTTP Request: HEAD https://huggingface.co/sentence-transformers/all-MiniLM-L6-v2/resolve/main/config.json "HTTP/1.1 307 Temporary Redirect"
HTTP Request: HEAD https://huggingface.co/api/resolve-cache/models/sentence-transformers/all-MiniLM-L6-v2/c9745ed1d9f207416be6d2e6f8de32d1f16199bf/config.json "HTTP/1.1 200 OK"
HTTP Request: HEAD https://huggingface.co/sentence-transformers/all-MiniLM-L6-v2/resolve/main/processor_config.json "HTTP/1.1 404 Not Found"
HTTP Request: HEAD https://huggingface.co/sentence-transformers/all-MiniLM-L6-v2/resolve/main/preprocessor_config.json "HTTP/1.1 404 Not Found"
HTTP Request: HEAD https://huggingface.co/sentence-transformers/all-MiniLM-L6-v2/resolve/main/video_preprocessor_config.json "HTTP/1.1 404 Not Found"
HTTP Request: HEAD https://huggingface.co/sentence-transformers/all-MiniLM-L6-v2/resolve/main/preprocessor_config.json "HTTP/1.1 404 Not Found"
HTTP Request: HEAD https://huggingface.co/sentence-transformers/all-MiniLM-L6-v2/resolve/main/tokenizer_config.json "HTTP/1.1 307 Temporary Redirect"
HTTP Request: HEAD https://huggingface.co/api/resolve-cache/models/sentence-transformers/all-MiniLM-L6-v2/c9745ed1d9f207416be6d2e6f8de32d1f16199bf/tokenizer_config.json "HTTP/1.1 200 OK"
HTTP Request: HEAD https://huggingface.co/sentence-transformers/all-MiniLM-L6-v2/resolve/main/config.json "HTTP/1.1 307 Temporary Redirect"
HTTP Request: HEAD https://huggingface.co/api/resolve-cache/models/sentence-transformers/all-MiniLM-L6-v2/c9745ed1d9f207416be6d2e6f8de32d1f16199bf/config.json "HTTP/1.1 200 OK"
HTTP Request: HEAD https://huggingface.co/sentence-transformers/all-MiniLM-L6-v2/resolve/main/config.json "HTTP/1.1 307 Temporary Redirect"
HTTP Request: HEAD https://huggingface.co/api/resolve-cache/models/sentence-transformers/all-MiniLM-L6-v2/c9745ed1d9f207416be6d2e6f8de32d1f16199bf/config.json "HTTP/1.1 200 OK"
HTTP Request: HEAD https://huggingface.co/sentence-transformers/all-MiniLM-L6-v2/resolve/main/tokenizer_config.json "HTTP/1.1 307 Temporary Redirect"
HTTP Request: HEAD https://huggingface.co/api/resolve-cache/models/sentence-transformers/all-MiniLM-L6-v2/c9745ed1d9f207416be6d2e6f8de32d1f16199bf/tokenizer_config.json "HTTP/1.1 200 OK"
HTTP Request: GET https://huggingface.co/api/models/sentence-transformers/all-MiniLM-L6-v2/tree/main/additional_chat_templates?recursive=false&expand=false "HTTP/1.1 404 Not Found"
HTTP Request: GET https://huggingface.co/api/models/sentence-transformers/all-MiniLM-L6-v2/tree/main?recursive=true&expand=false "HTTP/1.1 200 OK"
HTTP Request: HEAD https://huggingface.co/sentence-transformers/all-MiniLM-L6-v2/resolve/main/1_Pooling/config.json "HTTP/1.1 307 Temporary Redirect"
HTTP Request: HEAD https://huggingface.co/api/resolve-cache/models/sentence-transformers/all-MiniLM-L6-v2/c9745ed1d9f207416be6d2e6f8de32d1f16199bf/1_Pooling%2Fconfig.json "HTTP/1.1 200 OK"
HTTP Request: GET https://huggingface.co/api/models/sentence-transformers/all-MiniLM-L6-v2 "HTTP/1.1 200 OK"
HTTP Request: HEAD https://huggingface.co/sentence-transformers/all-MiniLM-L6-v2/resolve/main/modules.json "HTTP/1.1 307 Temporary Redirect"
HTTP Request: HEAD https://huggingface.co/api/resolve-cache/models/sentence-transformers/all-MiniLM-L6-v2/c9745ed1d9f207416be6d2e6f8de32d1f16199bf/modules.json "HTTP/1.1 200 OK"
HTTP Request: HEAD https://huggingface.co/sentence-transformers/all-MiniLM-L6-v2/resolve/main/config_sentence_transformers.json "HTTP/1.1 307 Temporary Redirect"
HTTP Request: HEAD https://huggingface.co/api/resolve-cache/models/sentence-transformers/all-MiniLM-L6-v2/c9745ed1d9f207416be6d2e6f8de32d1f16199bf/config_sentence_transformers.json "HTTP/1.1 200 OK"
Loading SentenceTransformer model from sentence-transformers/all-MiniLM-L6-v2.
HTTP Request: HEAD https://huggingface.co/sentence-transformers/all-MiniLM-L6-v2/resolve/main/config_sentence_transformers.json "HTTP/1.1 307 Temporary Redirect"
HTTP Request: HEAD https://huggingface.co/api/resolve-cache/models/sentence-transformers/all-MiniLM-L6-v2/c9745ed1d9f207416be6d2e6f8de32d1f16199bf/config_sentence_transformers.json "HTTP/1.1 200 OK"
HTTP Request: HEAD https://huggingface.co/sentence-transformers/all-MiniLM-L6-v2/resolve/main/README.md "HTTP/1.1 307 Temporary Redirect"
HTTP Request: HEAD https://huggingface.co/api/resolve-cache/models/sentence-transformers/all-MiniLM-L6-v2/c9745ed1d9f207416be6d2e6f8de32d1f16199bf/README.md "HTTP/1.1 200 OK"
HTTP Request: HEAD https://huggingface.co/sentence-transformers/all-MiniLM-L6-v2/resolve/main/modules.json "HTTP/1.1 307 Temporary Redirect"
HTTP Request: HEAD https://huggingface.co/api/resolve-cache/models/sentence-transformers/all-MiniLM-L6-v2/c9745ed1d9f207416be6d2e6f8de32d1f16199bf/modules.json "HTTP/1.1 200 OK"
HTTP Request: HEAD https://huggingface.co/sentence-transformers/all-MiniLM-L6-v2/resolve/main/sentence_bert_config.json "HTTP/1.1 307 Temporary Redirect"
HTTP Request: HEAD https://huggingface.co/api/resolve-cache/models/sentence-transformers/all-MiniLM-L6-v2/c9745ed1d9f207416be6d2e6f8de32d1f16199bf/sentence_bert_config.json "HTTP/1.1 200 OK"
HTTP Request: HEAD https://huggingface.co/sentence-transformers/all-MiniLM-L6-v2/resolve/main/adapter_config.json "HTTP/1.1 404 Not Found"
HTTP Request: HEAD https://huggingface.co/sentence-transformers/all-MiniLM-L6-v2/resolve/main/config.json "HTTP/1.1 307 Temporary Redirect"
HTTP Request: HEAD https://huggingface.co/api/resolve-cache/models/sentence-transformers/all-MiniLM-L6-v2/c9745ed1d9f207416be6d2e6f8de32d1f16199bf/config.json "HTTP/1.1 200 OK"
HTTP Request: HEAD https://huggingface.co/sentence-transformers/all-MiniLM-L6-v2/resolve/main/processor_config.json "HTTP/1.1 404 Not Found"
HTTP Request: HEAD https://huggingface.co/sentence-transformers/all-MiniLM-L6-v2/resolve/main/preprocessor_config.json "HTTP/1.1 404 Not Found"
HTTP Request: HEAD https://huggingface.co/sentence-transformers/all-MiniLM-L6-v2/resolve/main/video_preprocessor_config.json "HTTP/1.1 404 Not Found"
HTTP Request: HEAD https://huggingface.co/sentence-transformers/all-MiniLM-L6-v2/resolve/main/preprocessor_config.json "HTTP/1.1 404 Not Found"
HTTP Request: HEAD https://huggingface.co/sentence-transformers/all-MiniLM-L6-v2/resolve/main/tokenizer_config.json "HTTP/1.1 307 Temporary Redirect"
HTTP Request: HEAD https://huggingface.co/api/resolve-cache/models/sentence-transformers/all-MiniLM-L6-v2/c9745ed1d9f207416be6d2e6f8de32d1f16199bf/tokenizer_config.json "HTTP/1.1 200 OK"
HTTP Request: HEAD https://huggingface.co/sentence-transformers/all-MiniLM-L6-v2/resolve/main/config.json "HTTP/1.1 307 Temporary Redirect"
HTTP Request: HEAD https://huggingface.co/api/resolve-cache/models/sentence-transformers/all-MiniLM-L6-v2/c9745ed1d9f207416be6d2e6f8de32d1f16199bf/config.json "HTTP/1.1 200 OK"
HTTP Request: HEAD https://huggingface.co/sentence-transformers/all-MiniLM-L6-v2/resolve/main/config.json "HTTP/1.1 307 Temporary Redirect"
HTTP Request: HEAD https://huggingface.co/api/resolve-cache/models/sentence-transformers/all-MiniLM-L6-v2/c9745ed1d9f207416be6d2e6f8de32d1f16199bf/config.json "HTTP/1.1 200 OK"
HTTP Request: HEAD https://huggingface.co/sentence-transformers/all-MiniLM-L6-v2/resolve/main/tokenizer_config.json "HTTP/1.1 307 Temporary Redirect"
HTTP Request: HEAD https://huggingface.co/api/resolve-cache/models/sentence-transformers/all-MiniLM-L6-v2/c9745ed1d9f207416be6d2e6f8de32d1f16199bf/tokenizer_config.json "HTTP/1.1 200 OK"
HTTP Request: GET https://huggingface.co/api/models/sentence-transformers/all-MiniLM-L6-v2/tree/main/additional_chat_templates?recursive=false&expand=false "HTTP/1.1 404 Not Found"
HTTP Request: GET https://huggingface.co/api/models/sentence-transformers/all-MiniLM-L6-v2/tree/main?recursive=true&expand=false "HTTP/1.1 200 OK"
HTTP Request: HEAD https://huggingface.co/sentence-transformers/all-MiniLM-L6-v2/resolve/main/1_Pooling/config.json "HTTP/1.1 307 Temporary Redirect"
HTTP Request: HEAD https://huggingface.co/api/resolve-cache/models/sentence-transformers/all-MiniLM-L6-v2/c9745ed1d9f207416be6d2e6f8de32d1f16199bf/1_Pooling%2Fconfig.json "HTTP/1.1 200 OK"
HTTP Request: GET https://huggingface.co/api/models/sentence-transformers/all-MiniLM-L6-v2 "HTTP/1.1 200 OK"
HTTP Request: HEAD https://huggingface.co/sentence-transformers/all-MiniLM-L6-v2/resolve/main/modules.json "HTTP/1.1 307 Temporary Redirect"
HTTP Request: HEAD https://huggingface.co/api/resolve-cache/models/sentence-transformers/all-MiniLM-L6-v2/c9745ed1d9f207416be6d2e6f8de32d1f16199bf/modules.json "HTTP/1.1 200 OK"
HTTP Request: HEAD https://huggingface.co/sentence-transformers/all-MiniLM-L6-v2/resolve/main/config_sentence_transformers.json "HTTP/1.1 307 Temporary Redirect"
HTTP Request: HEAD https://huggingface.co/api/resolve-cache/models/sentence-transformers/all-MiniLM-L6-v2/c9745ed1d9f207416be6d2e6f8de32d1f16199bf/config_sentence_transformers.json "HTTP/1.1 200 OK"
Loading SentenceTransformer model from sentence-transformers/all-MiniLM-L6-v2.
HTTP Request: HEAD https://huggingface.co/sentence-transformers/all-MiniLM-L6-v2/resolve/main/config_sentence_transformers.json "HTTP/1.1 307 Temporary Redirect"
HTTP Request: HEAD https://huggingface.co/api/resolve-cache/models/sentence-transformers/all-MiniLM-L6-v2/c9745ed1d9f207416be6d2e6f8de32d1f16199bf/config_sentence_transformers.json "HTTP/1.1 200 OK"
HTTP Request: HEAD https://huggingface.co/sentence-transformers/all-MiniLM-L6-v2/resolve/main/README.md "HTTP/1.1 307 Temporary Redirect"
HTTP Request: HEAD https://huggingface.co/api/resolve-cache/models/sentence-transformers/all-MiniLM-L6-v2/c9745ed1d9f207416be6d2e6f8de32d1f16199bf/README.md "HTTP/1.1 200 OK"
HTTP Request: HEAD https://huggingface.co/sentence-transformers/all-MiniLM-L6-v2/resolve/main/modules.json "HTTP/1.1 307 Temporary Redirect"
HTTP Request: HEAD https://huggingface.co/api/resolve-cache/models/sentence-transformers/all-MiniLM-L6-v2/c9745ed1d9f207416be6d2e6f8de32d1f16199bf/modules.json "HTTP/1.1 200 OK"
HTTP Request: HEAD https://huggingface.co/sentence-transformers/all-MiniLM-L6-v2/resolve/main/sentence_bert_config.json "HTTP/1.1 307 Temporary Redirect"
HTTP Request: HEAD https://huggingface.co/api/resolve-cache/models/sentence-transformers/all-MiniLM-L6-v2/c9745ed1d9f207416be6d2e6f8de32d1f16199bf/sentence_bert_config.json "HTTP/1.1 200 OK"
HTTP Request: HEAD https://huggingface.co/sentence-transformers/all-MiniLM-L6-v2/resolve/main/adapter_config.json "HTTP/1.1 404 Not Found"
HTTP Request: HEAD https://huggingface.co/sentence-transformers/all-MiniLM-L6-v2/resolve/main/config.json "HTTP/1.1 307 Temporary Redirect"
HTTP Request: HEAD https://huggingface.co/api/resolve-cache/models/sentence-transformers/all-MiniLM-L6-v2/c9745ed1d9f207416be6d2e6f8de32d1f16199bf/config.json "HTTP/1.1 200 OK"
HTTP Request: HEAD https://huggingface.co/sentence-transformers/all-MiniLM-L6-v2/resolve/main/processor_config.json "HTTP/1.1 404 Not Found"
HTTP Request: HEAD https://huggingface.co/sentence-transformers/all-MiniLM-L6-v2/resolve/main/preprocessor_config.json "HTTP/1.1 404 Not Found"
HTTP Request: HEAD https://huggingface.co/sentence-transformers/all-MiniLM-L6-v2/resolve/main/video_preprocessor_config.json "HTTP/1.1 404 Not Found"
HTTP Request: HEAD https://huggingface.co/sentence-transformers/all-MiniLM-L6-v2/resolve/main/preprocessor_config.json "HTTP/1.1 404 Not Found"
HTTP Request: HEAD https://huggingface.co/sentence-transformers/all-MiniLM-L6-v2/resolve/main/tokenizer_config.json "HTTP/1.1 307 Temporary Redirect"
HTTP Request: HEAD https://huggingface.co/api/resolve-cache/models/sentence-transformers/all-MiniLM-L6-v2/c9745ed1d9f207416be6d2e6f8de32d1f16199bf/tokenizer_config.json "HTTP/1.1 200 OK"
HTTP Request: HEAD https://huggingface.co/sentence-transformers/all-MiniLM-L6-v2/resolve/main/config.json "HTTP/1.1 307 Temporary Redirect"
HTTP Request: HEAD https://huggingface.co/api/resolve-cache/models/sentence-transformers/all-MiniLM-L6-v2/c9745ed1d9f207416be6d2e6f8de32d1f16199bf/config.json "HTTP/1.1 200 OK"
HTTP Request: HEAD https://huggingface.co/sentence-transformers/all-MiniLM-L6-v2/resolve/main/config.json "HTTP/1.1 307 Temporary Redirect"
HTTP Request: HEAD https://huggingface.co/api/resolve-cache/models/sentence-transformers/all-MiniLM-L6-v2/c9745ed1d9f207416be6d2e6f8de32d1f16199bf/config.json "HTTP/1.1 200 OK"
HTTP Request: HEAD https://huggingface.co/sentence-transformers/all-MiniLM-L6-v2/resolve/main/tokenizer_config.json "HTTP/1.1 307 Temporary Redirect"
HTTP Request: HEAD https://huggingface.co/api/resolve-cache/models/sentence-transformers/all-MiniLM-L6-v2/c9745ed1d9f207416be6d2e6f8de32d1f16199bf/tokenizer_config.json "HTTP/1.1 200 OK"
HTTP Request: GET https://huggingface.co/api/models/sentence-transformers/all-MiniLM-L6-v2/tree/main/additional_chat_templates?recursive=false&expand=false "HTTP/1.1 404 Not Found"
HTTP Request: GET https://huggingface.co/api/models/sentence-transformers/all-MiniLM-L6-v2/tree/main?recursive=true&expand=false "HTTP/1.1 200 OK"
HTTP Request: HEAD https://huggingface.co/sentence-transformers/all-MiniLM-L6-v2/resolve/main/1_Pooling/config.json "HTTP/1.1 307 Temporary Redirect"
HTTP Request: HEAD https://huggingface.co/api/resolve-cache/models/sentence-transformers/all-MiniLM-L6-v2/c9745ed1d9f207416be6d2e6f8de32d1f16199bf/1_Pooling%2Fconfig.json "HTTP/1.1 200 OK"
HTTP Request: GET https://huggingface.co/api/models/sentence-transformers/all-MiniLM-L6-v2 "HTTP/1.1 200 OK"
HTTP Request: GET https://example.com/robots.txt "HTTP/1.1 404 Not Found"
HTTP Request: GET https://example.com "HTTP/1.1 200 OK"
HTTP Request: GET https://example.com "HTTP/1.1 200 OK"
HTTP Request: HEAD https://huggingface.co/sentence-transformers/all-MiniLM-L6-v2/resolve/main/modules.json "HTTP/1.1 307 Temporary Redirect"
HTTP Request: HEAD https://huggingface.co/api/resolve-cache/models/sentence-transformers/all-MiniLM-L6-v2/c9745ed1d9f207416be6d2e6f8de32d1f16199bf/modules.json "HTTP/1.1 200 OK"
HTTP Request: HEAD https://huggingface.co/sentence-transformers/all-MiniLM-L6-v2/resolve/main/config_sentence_transformers.json "HTTP/1.1 307 Temporary Redirect"
HTTP Request: HEAD https://huggingface.co/api/resolve-cache/models/sentence-transformers/all-MiniLM-L6-v2/c9745ed1d9f207416be6d2e6f8de32d1f16199bf/config_sentence_transformers.json "HTTP/1.1 200 OK"
Loading SentenceTransformer model from sentence-transformers/all-MiniLM-L6-v2.
HTTP Request: HEAD https://huggingface.co/sentence-transformers/all-MiniLM-L6-v2/resolve/main/config_sentence_transformers.json "HTTP/1.1 307 Temporary Redirect"
HTTP Request: HEAD https://huggingface.co/api/resolve-cache/models/sentence-transformers/all-MiniLM-L6-v2/c9745ed1d9f207416be6d2e6f8de32d1f16199bf/config_sentence_transformers.json "HTTP/1.1 200 OK"
HTTP Request: HEAD https://huggingface.co/sentence-transformers/all-MiniLM-L6-v2/resolve/main/README.md "HTTP/1.1 307 Temporary Redirect"
HTTP Request: HEAD https://huggingface.co/api/resolve-cache/models/sentence-transformers/all-MiniLM-L6-v2/c9745ed1d9f207416be6d2e6f8de32d1f16199bf/README.md "HTTP/1.1 200 OK"
HTTP Request: HEAD https://huggingface.co/sentence-transformers/all-MiniLM-L6-v2/resolve/main/modules.json "HTTP/1.1 307 Temporary Redirect"
HTTP Request: HEAD https://huggingface.co/api/resolve-cache/models/sentence-transformers/all-MiniLM-L6-v2/c9745ed1d9f207416be6d2e6f8de32d1f16199bf/modules.json "HTTP/1.1 200 OK"
HTTP Request: HEAD https://huggingface.co/sentence-transformers/all-MiniLM-L6-v2/resolve/main/sentence_bert_config.json "HTTP/1.1 307 Temporary Redirect"
HTTP Request: HEAD https://huggingface.co/api/resolve-cache/models/sentence-transformers/all-MiniLM-L6-v2/c9745ed1d9f207416be6d2e6f8de32d1f16199bf/sentence_bert_config.json "HTTP/1.1 200 OK"
HTTP Request: HEAD https://huggingface.co/sentence-transformers/all-MiniLM-L6-v2/resolve/main/adapter_config.json "HTTP/1.1 404 Not Found"
HTTP Request: HEAD https://huggingface.co/sentence-transformers/all-MiniLM-L6-v2/resolve/main/config.json "HTTP/1.1 307 Temporary Redirect"
HTTP Request: HEAD https://huggingface.co/api/resolve-cache/models/sentence-transformers/all-MiniLM-L6-v2/c9745ed1d9f207416be6d2e6f8de32d1f16199bf/config.json "HTTP/1.1 200 OK"
HTTP Request: HEAD https://huggingface.co/sentence-transformers/all-MiniLM-L6-v2/resolve/main/processor_config.json "HTTP/1.1 404 Not Found"
HTTP Request: HEAD https://huggingface.co/sentence-transformers/all-MiniLM-L6-v2/resolve/main/preprocessor_config.json "HTTP/1.1 404 Not Found"
HTTP Request: HEAD https://huggingface.co/sentence-transformers/all-MiniLM-L6-v2/resolve/main/video_preprocessor_config.json "HTTP/1.1 404 Not Found"
HTTP Request: HEAD https://huggingface.co/sentence-transformers/all-MiniLM-L6-v2/resolve/main/preprocessor_config.json "HTTP/1.1 404 Not Found"
HTTP Request: HEAD https://huggingface.co/sentence-transformers/all-MiniLM-L6-v2/resolve/main/tokenizer_config.json "HTTP/1.1 307 Temporary Redirect"
HTTP Request: HEAD https://huggingface.co/api/resolve-cache/models/sentence-transformers/all-MiniLM-L6-v2/c9745ed1d9f207416be6d2e6f8de32d1f16199bf/tokenizer_config.json "HTTP/1.1 200 OK"
HTTP Request: HEAD https://huggingface.co/sentence-transformers/all-MiniLM-L6-v2/resolve/main/config.json "HTTP/1.1 307 Temporary Redirect"
HTTP Request: HEAD https://huggingface.co/api/resolve-cache/models/sentence-transformers/all-MiniLM-L6-v2/c9745ed1d9f207416be6d2e6f8de32d1f16199bf/config.json "HTTP/1.1 200 OK"
HTTP Request: HEAD https://huggingface.co/sentence-transformers/all-MiniLM-L6-v2/resolve/main/config.json "HTTP/1.1 307 Temporary Redirect"
HTTP Request: HEAD https://huggingface.co/api/resolve-cache/models/sentence-transformers/all-MiniLM-L6-v2/c9745ed1d9f207416be6d2e6f8de32d1f16199bf/config.json "HTTP/1.1 200 OK"
HTTP Request: HEAD https://huggingface.co/sentence-transformers/all-MiniLM-L6-v2/resolve/main/tokenizer_config.json "HTTP/1.1 307 Temporary Redirect"
HTTP Request: HEAD https://huggingface.co/api/resolve-cache/models/sentence-transformers/all-MiniLM-L6-v2/c9745ed1d9f207416be6d2e6f8de32d1f16199bf/tokenizer_config.json "HTTP/1.1 200 OK"
HTTP Request: GET https://huggingface.co/api/models/sentence-transformers/all-MiniLM-L6-v2/tree/main/additional_chat_templates?recursive=false&expand=false "HTTP/1.1 404 Not Found"
HTTP Request: GET https://huggingface.co/api/models/sentence-transformers/all-MiniLM-L6-v2/tree/main?recursive=true&expand=false "HTTP/1.1 200 OK"
HTTP Request: HEAD https://huggingface.co/sentence-transformers/all-MiniLM-L6-v2/resolve/main/1_Pooling/config.json "HTTP/1.1 307 Temporary Redirect"
HTTP Request: HEAD https://huggingface.co/api/resolve-cache/models/sentence-transformers/all-MiniLM-L6-v2/c9745ed1d9f207416be6d2e6f8de32d1f16199bf/1_Pooling%2Fconfig.json "HTTP/1.1 200 OK"
HTTP Request: GET https://huggingface.co/api/models/sentence-transformers/all-MiniLM-L6-v2 "HTTP/1.1 200 OK"
HTTP Request: HEAD https://huggingface.co/sentence-transformers/all-MiniLM-L6-v2/resolve/main/modules.json "HTTP/1.1 307 Temporary Redirect"
HTTP Request: HEAD https://huggingface.co/api/resolve-cache/models/sentence-transformers/all-MiniLM-L6-v2/c9745ed1d9f207416be6d2e6f8de32d1f16199bf/modules.json "HTTP/1.1 200 OK"
HTTP Request: HEAD https://huggingface.co/sentence-transformers/all-MiniLM-L6-v2/resolve/main/config_sentence_transformers.json "HTTP/1.1 307 Temporary Redirect"
HTTP Request: HEAD https://huggingface.co/api/resolve-cache/models/sentence-transformers/all-MiniLM-L6-v2/c9745ed1d9f207416be6d2e6f8de32d1f16199bf/config_sentence_transformers.json "HTTP/1.1 200 OK"
Loading SentenceTransformer model from sentence-transformers/all-MiniLM-L6-v2.
HTTP Request: HEAD https://huggingface.co/sentence-transformers/all-MiniLM-L6-v2/resolve/main/config_sentence_transformers.json "HTTP/1.1 307 Temporary Redirect"
HTTP Request: HEAD https://huggingface.co/api/resolve-cache/models/sentence-transformers/all-MiniLM-L6-v2/c9745ed1d9f207416be6d2e6f8de32d1f16199bf/config_sentence_transformers.json "HTTP/1.1 200 OK"
HTTP Request: HEAD https://huggingface.co/sentence-transformers/all-MiniLM-L6-v2/resolve/main/README.md "HTTP/1.1 307 Temporary Redirect"
HTTP Request: HEAD https://huggingface.co/api/resolve-cache/models/sentence-transformers/all-MiniLM-L6-v2/c9745ed1d9f207416be6d2e6f8de32d1f16199bf/README.md "HTTP/1.1 200 OK"
HTTP Request: HEAD https://huggingface.co/sentence-transformers/all-MiniLM-L6-v2/resolve/main/modules.json "HTTP/1.1 307 Temporary Redirect"
HTTP Request: HEAD https://huggingface.co/api/resolve-cache/models/sentence-transformers/all-MiniLM-L6-v2/c9745ed1d9f207416be6d2e6f8de32d1f16199bf/modules.json "HTTP/1.1 200 OK"
HTTP Request: HEAD https://huggingface.co/sentence-transformers/all-MiniLM-L6-v2/resolve/main/sentence_bert_config.json "HTTP/1.1 307 Temporary Redirect"
HTTP Request: HEAD https://huggingface.co/api/resolve-cache/models/sentence-transformers/all-MiniLM-L6-v2/c9745ed1d9f207416be6d2e6f8de32d1f16199bf/sentence_bert_config.json "HTTP/1.1 200 OK"
HTTP Request: HEAD https://huggingface.co/sentence-transformers/all-MiniLM-L6-v2/resolve/main/adapter_config.json "HTTP/1.1 404 Not Found"
HTTP Request: HEAD https://huggingface.co/sentence-transformers/all-MiniLM-L6-v2/resolve/main/config.json "HTTP/1.1 307 Temporary Redirect"
HTTP Request: HEAD https://huggingface.co/api/resolve-cache/models/sentence-transformers/all-MiniLM-L6-v2/c9745ed1d9f207416be6d2e6f8de32d1f16199bf/config.json "HTTP/1.1 200 OK"
HTTP Request: HEAD https://huggingface.co/sentence-transformers/all-MiniLM-L6-v2/resolve/main/processor_config.json "HTTP/1.1 404 Not Found"
HTTP Request: HEAD https://huggingface.co/sentence-transformers/all-MiniLM-L6-v2/resolve/main/preprocessor_config.json "HTTP/1.1 404 Not Found"
HTTP Request: HEAD https://huggingface.co/sentence-transformers/all-MiniLM-L6-v2/resolve/main/video_preprocessor_config.json "HTTP/1.1 404 Not Found"
HTTP Request: HEAD https://huggingface.co/sentence-transformers/all-MiniLM-L6-v2/resolve/main/preprocessor_config.json "HTTP/1.1 404 Not Found"
HTTP Request: HEAD https://huggingface.co/sentence-transformers/all-MiniLM-L6-v2/resolve/main/tokenizer_config.json "HTTP/1.1 307 Temporary Redirect"
HTTP Request: HEAD https://huggingface.co/api/resolve-cache/models/sentence-transformers/all-MiniLM-L6-v2/c9745ed1d9f207416be6d2e6f8de32d1f16199bf/tokenizer_config.json "HTTP/1.1 200 OK"
HTTP Request: HEAD https://huggingface.co/sentence-transformers/all-MiniLM-L6-v2/resolve/main/config.json "HTTP/1.1 307 Temporary Redirect"
HTTP Request: HEAD https://huggingface.co/api/resolve-cache/models/sentence-transformers/all-MiniLM-L6-v2/c9745ed1d9f207416be6d2e6f8de32d1f16199bf/config.json "HTTP/1.1 200 OK"
HTTP Request: HEAD https://huggingface.co/sentence-transformers/all-MiniLM-L6-v2/resolve/main/config.json "HTTP/1.1 307 Temporary Redirect"
HTTP Request: HEAD https://huggingface.co/api/resolve-cache/models/sentence-transformers/all-MiniLM-L6-v2/c9745ed1d9f207416be6d2e6f8de32d1f16199bf/config.json "HTTP/1.1 200 OK"
HTTP Request: HEAD https://huggingface.co/sentence-transformers/all-MiniLM-L6-v2/resolve/main/tokenizer_config.json "HTTP/1.1 307 Temporary Redirect"
HTTP Request: HEAD https://huggingface.co/api/resolve-cache/models/sentence-transformers/all-MiniLM-L6-v2/c9745ed1d9f207416be6d2e6f8de32d1f16199bf/tokenizer_config.json "HTTP/1.1 200 OK"
HTTP Request: GET https://huggingface.co/api/models/sentence-transformers/all-MiniLM-L6-v2/tree/main/additional_chat_templates?recursive=false&expand=false "HTTP/1.1 404 Not Found"
HTTP Request: GET https://huggingface.co/api/models/sentence-transformers/all-MiniLM-L6-v2/tree/main?recursive=true&expand=false "HTTP/1.1 200 OK"
HTTP Request: HEAD https://huggingface.co/sentence-transformers/all-MiniLM-L6-v2/resolve/main/1_Pooling/config.json "HTTP/1.1 307 Temporary Redirect"
HTTP Request: HEAD https://huggingface.co/api/resolve-cache/models/sentence-transformers/all-MiniLM-L6-v2/c9745ed1d9f207416be6d2e6f8de32d1f16199bf/1_Pooling%2Fconfig.json "HTTP/1.1 200 OK"
HTTP Request: GET https://huggingface.co/api/models/sentence-transformers/all-MiniLM-L6-v2 "HTTP/1.1 200 OK"
HTTP Request: HEAD https://huggingface.co/sentence-transformers/all-MiniLM-L6-v2/resolve/main/modules.json "HTTP/1.1 307 Temporary Redirect"
HTTP Request: HEAD https://huggingface.co/api/resolve-cache/models/sentence-transformers/all-MiniLM-L6-v2/c9745ed1d9f207416be6d2e6f8de32d1f16199bf/modules.json "HTTP/1.1 200 OK"
HTTP Request: HEAD https://huggingface.co/sentence-transformers/all-MiniLM-L6-v2/resolve/main/config_sentence_transformers.json "HTTP/1.1 307 Temporary Redirect"
HTTP Request: HEAD https://huggingface.co/api/resolve-cache/models/sentence-transformers/all-MiniLM-L6-v2/c9745ed1d9f207416be6d2e6f8de32d1f16199bf/config_sentence_transformers.json "HTTP/1.1 200 OK"
Loading SentenceTransformer model from sentence-transformers/all-MiniLM-L6-v2.
HTTP Request: HEAD https://huggingface.co/sentence-transformers/all-MiniLM-L6-v2/resolve/main/config_sentence_transformers.json "HTTP/1.1 307 Temporary Redirect"
HTTP Request: HEAD https://huggingface.co/api/resolve-cache/models/sentence-transformers/all-MiniLM-L6-v2/c9745ed1d9f207416be6d2e6f8de32d1f16199bf/config_sentence_transformers.json "HTTP/1.1 200 OK"
HTTP Request: HEAD https://huggingface.co/sentence-transformers/all-MiniLM-L6-v2/resolve/main/README.md "HTTP/1.1 307 Temporary Redirect"
HTTP Request: HEAD https://huggingface.co/api/resolve-cache/models/sentence-transformers/all-MiniLM-L6-v2/c9745ed1d9f207416be6d2e6f8de32d1f16199bf/README.md "HTTP/1.1 200 OK"
HTTP Request: HEAD https://huggingface.co/sentence-transformers/all-MiniLM-L6-v2/resolve/main/modules.json "HTTP/1.1 307 Temporary Redirect"
HTTP Request: HEAD https://huggingface.co/api/resolve-cache/models/sentence-transformers/all-MiniLM-L6-v2/c9745ed1d9f207416be6d2e6f8de32d1f16199bf/modules.json "HTTP/1.1 200 OK"
HTTP Request: HEAD https://huggingface.co/sentence-transformers/all-MiniLM-L6-v2/resolve/main/sentence_bert_config.json "HTTP/1.1 307 Temporary Redirect"
HTTP Request: HEAD https://huggingface.co/api/resolve-cache/models/sentence-transformers/all-MiniLM-L6-v2/c9745ed1d9f207416be6d2e6f8de32d1f16199bf/sentence_bert_config.json "HTTP/1.1 200 OK"
HTTP Request: HEAD https://huggingface.co/sentence-transformers/all-MiniLM-L6-v2/resolve/main/adapter_config.json "HTTP/1.1 404 Not Found"
HTTP Request: HEAD https://huggingface.co/sentence-transformers/all-MiniLM-L6-v2/resolve/main/config.json "HTTP/1.1 307 Temporary Redirect"
HTTP Request: HEAD https://huggingface.co/api/resolve-cache/models/sentence-transformers/all-MiniLM-L6-v2/c9745ed1d9f207416be6d2e6f8de32d1f16199bf/config.json "HTTP/1.1 200 OK"
HTTP Request: HEAD https://huggingface.co/sentence-transformers/all-MiniLM-L6-v2/resolve/main/processor_config.json "HTTP/1.1 404 Not Found"
HTTP Request: HEAD https://huggingface.co/sentence-transformers/all-MiniLM-L6-v2/resolve/main/preprocessor_config.json "HTTP/1.1 404 Not Found"
HTTP Request: HEAD https://huggingface.co/sentence-transformers/all-MiniLM-L6-v2/resolve/main/video_preprocessor_config.json "HTTP/1.1 404 Not Found"
HTTP Request: HEAD https://huggingface.co/sentence-transformers/all-MiniLM-L6-v2/resolve/main/preprocessor_config.json "HTTP/1.1 404 Not Found"
HTTP Request: HEAD https://huggingface.co/sentence-transformers/all-MiniLM-L6-v2/resolve/main/tokenizer_config.json "HTTP/1.1 307 Temporary Redirect"
HTTP Request: HEAD https://huggingface.co/api/resolve-cache/models/sentence-transformers/all-MiniLM-L6-v2/c9745ed1d9f207416be6d2e6f8de32d1f16199bf/tokenizer_config.json "HTTP/1.1 200 OK"
HTTP Request: HEAD https://huggingface.co/sentence-transformers/all-MiniLM-L6-v2/resolve/main/config.json "HTTP/1.1 307 Temporary Redirect"
HTTP Request: HEAD https://huggingface.co/api/resolve-cache/models/sentence-transformers/all-MiniLM-L6-v2/c9745ed1d9f207416be6d2e6f8de32d1f16199bf/config.json "HTTP/1.1 200 OK"
HTTP Request: HEAD https://huggingface.co/sentence-transformers/all-MiniLM-L6-v2/resolve/main/config.json "HTTP/1.1 307 Temporary Redirect"
HTTP Request: HEAD https://huggingface.co/api/resolve-cache/models/sentence-transformers/all-MiniLM-L6-v2/c9745ed1d9f207416be6d2e6f8de32d1f16199bf/config.json "HTTP/1.1 200 OK"
HTTP Request: HEAD https://huggingface.co/sentence-transformers/all-MiniLM-L6-v2/resolve/main/tokenizer_config.json "HTTP/1.1 307 Temporary Redirect"
HTTP Request: HEAD https://huggingface.co/api/resolve-cache/models/sentence-transformers/all-MiniLM-L6-v2/c9745ed1d9f207416be6d2e6f8de32d1f16199bf/tokenizer_config.json "HTTP/1.1 200 OK"
HTTP Request: GET https://huggingface.co/api/models/sentence-transformers/all-MiniLM-L6-v2/tree/main/additional_chat_templates?recursive=false&expand=false "HTTP/1.1 404 Not Found"
HTTP Request: GET https://huggingface.co/api/models/sentence-transformers/all-MiniLM-L6-v2/tree/main?recursive=true&expand=false "HTTP/1.1 200 OK"
HTTP Request: HEAD https://huggingface.co/sentence-transformers/all-MiniLM-L6-v2/resolve/main/1_Pooling/config.json "HTTP/1.1 307 Temporary Redirect"
HTTP Request: HEAD https://huggingface.co/api/resolve-cache/models/sentence-transformers/all-MiniLM-L6-v2/c9745ed1d9f207416be6d2e6f8de32d1f16199bf/1_Pooling%2Fconfig.json "HTTP/1.1 200 OK"
HTTP Request: GET https://huggingface.co/api/models/sentence-transformers/all-MiniLM-L6-v2 "HTTP/1.1 200 OK"
HTTP Request: HEAD https://huggingface.co/sentence-transformers/all-MiniLM-L6-v2/resolve/main/modules.json "HTTP/1.1 307 Temporary Redirect"
HTTP Request: HEAD https://huggingface.co/api/resolve-cache/models/sentence-transformers/all-MiniLM-L6-v2/c9745ed1d9f207416be6d2e6f8de32d1f16199bf/modules.json "HTTP/1.1 200 OK"
HTTP Request: HEAD https://huggingface.co/sentence-transformers/all-MiniLM-L6-v2/resolve/main/config_sentence_transformers.json "HTTP/1.1 307 Temporary Redirect"
HTTP Request: HEAD https://huggingface.co/api/resolve-cache/models/sentence-transformers/all-MiniLM-L6-v2/c9745ed1d9f207416be6d2e6f8de32d1f16199bf/config_sentence_transformers.json "HTTP/1.1 200 OK"
Loading SentenceTransformer model from sentence-transformers/all-MiniLM-L6-v2.
HTTP Request: HEAD https://huggingface.co/sentence-transformers/all-MiniLM-L6-v2/resolve/main/config_sentence_transformers.json "HTTP/1.1 307 Temporary Redirect"
HTTP Request: HEAD https://huggingface.co/api/resolve-cache/models/sentence-transformers/all-MiniLM-L6-v2/c9745ed1d9f207416be6d2e6f8de32d1f16199bf/config_sentence_transformers.json "HTTP/1.1 200 OK"
HTTP Request: HEAD https://huggingface.co/sentence-transformers/all-MiniLM-L6-v2/resolve/main/README.md "HTTP/1.1 307 Temporary Redirect"
HTTP Request: HEAD https://huggingface.co/api/resolve-cache/models/sentence-transformers/all-MiniLM-L6-v2/c9745ed1d9f207416be6d2e6f8de32d1f16199bf/README.md "HTTP/1.1 200 OK"
HTTP Request: HEAD https://huggingface.co/sentence-transformers/all-MiniLM-L6-v2/resolve/main/modules.json "HTTP/1.1 307 Temporary Redirect"
HTTP Request: HEAD https://huggingface.co/api/resolve-cache/models/sentence-transformers/all-MiniLM-L6-v2/c9745ed1d9f207416be6d2e6f8de32d1f16199bf/modules.json "HTTP/1.1 200 OK"
HTTP Request: HEAD https://huggingface.co/sentence-transformers/all-MiniLM-L6-v2/resolve/main/sentence_bert_config.json "HTTP/1.1 307 Temporary Redirect"
HTTP Request: HEAD https://huggingface.co/api/resolve-cache/models/sentence-transformers/all-MiniLM-L6-v2/c9745ed1d9f207416be6d2e6f8de32d1f16199bf/sentence_bert_config.json "HTTP/1.1 200 OK"
HTTP Request: HEAD https://huggingface.co/sentence-transformers/all-MiniLM-L6-v2/resolve/main/adapter_config.json "HTTP/1.1 404 Not Found"
HTTP Request: HEAD https://huggingface.co/sentence-transformers/all-MiniLM-L6-v2/resolve/main/config.json "HTTP/1.1 307 Temporary Redirect"
HTTP Request: HEAD https://huggingface.co/api/resolve-cache/models/sentence-transformers/all-MiniLM-L6-v2/c9745ed1d9f207416be6d2e6f8de32d1f16199bf/config.json "HTTP/1.1 200 OK"
HTTP Request: HEAD https://huggingface.co/sentence-transformers/all-MiniLM-L6-v2/resolve/main/processor_config.json "HTTP/1.1 404 Not Found"
HTTP Request: HEAD https://huggingface.co/sentence-transformers/all-MiniLM-L6-v2/resolve/main/preprocessor_config.json "HTTP/1.1 404 Not Found"
HTTP Request: HEAD https://huggingface.co/sentence-transformers/all-MiniLM-L6-v2/resolve/main/video_preprocessor_config.json "HTTP/1.1 404 Not Found"
HTTP Request: HEAD https://huggingface.co/sentence-transformers/all-MiniLM-L6-v2/resolve/main/preprocessor_config.json "HTTP/1.1 404 Not Found"
HTTP Request: HEAD https://huggingface.co/sentence-transformers/all-MiniLM-L6-v2/resolve/main/tokenizer_config.json "HTTP/1.1 307 Temporary Redirect"
HTTP Request: HEAD https://huggingface.co/api/resolve-cache/models/sentence-transformers/all-MiniLM-L6-v2/c9745ed1d9f207416be6d2e6f8de32d1f16199bf/tokenizer_config.json "HTTP/1.1 200 OK"
HTTP Request: HEAD https://huggingface.co/sentence-transformers/all-MiniLM-L6-v2/resolve/main/config.json "HTTP/1.1 307 Temporary Redirect"
HTTP Request: HEAD https://huggingface.co/api/resolve-cache/models/sentence-transformers/all-MiniLM-L6-v2/c9745ed1d9f207416be6d2e6f8de32d1f16199bf/config.json "HTTP/1.1 200 OK"
HTTP Request: HEAD https://huggingface.co/sentence-transformers/all-MiniLM-L6-v2/resolve/main/config.json "HTTP/1.1 307 Temporary Redirect"
HTTP Request: HEAD https://huggingface.co/api/resolve-cache/models/sentence-transformers/all-MiniLM-L6-v2/c9745ed1d9f207416be6d2e6f8de32d1f16199bf/config.json "HTTP/1.1 200 OK"
HTTP Request: HEAD https://huggingface.co/sentence-transformers/all-MiniLM-L6-v2/resolve/main/tokenizer_config.json "HTTP/1.1 307 Temporary Redirect"
HTTP Request: HEAD https://huggingface.co/api/resolve-cache/models/sentence-transformers/all-MiniLM-L6-v2/c9745ed1d9f207416be6d2e6f8de32d1f16199bf/tokenizer_config.json "HTTP/1.1 200 OK"
HTTP Request: GET https://huggingface.co/api/models/sentence-transformers/all-MiniLM-L6-v2/tree/main/additional_chat_templates?recursive=false&expand=false "HTTP/1.1 404 Not Found"
HTTP Request: GET https://huggingface.co/api/models/sentence-transformers/all-MiniLM-L6-v2/tree/main?recursive=true&expand=false "HTTP/1.1 200 OK"
HTTP Request: HEAD https://huggingface.co/sentence-transformers/all-MiniLM-L6-v2/resolve/main/1_Pooling/config.json "HTTP/1.1 307 Temporary Redirect"
HTTP Request: HEAD https://huggingface.co/api/resolve-cache/models/sentence-transformers/all-MiniLM-L6-v2/c9745ed1d9f207416be6d2e6f8de32d1f16199bf/1_Pooling%2Fconfig.json "HTTP/1.1 200 OK"
HTTP Request: GET https://huggingface.co/api/models/sentence-transformers/all-MiniLM-L6-v2 "HTTP/1.1 200 OK"
Detector failing_detector failed: Test error
HTTP Request: GET http://test/api/analytics/leads?start_date=2026-05-23T12%3A12%3A35.773379&end_date=2026-05-30T12%3A12%3A35.773385 "HTTP/1.1 200 OK"
HTTP Request: GET http://test/api/analytics/leads?start_date=2026-05-23T12%3A12%3A35.817517&end_date=2026-05-30T12%3A12%3A35.817521&tier=hot "HTTP/1.1 200 OK"
HTTP Request: GET http://test/api/analytics/leads?start_date=2026-05-30T12%3A12%3A35.848039&end_date=2026-05-23T12%3A12%3A35.848043 "HTTP/1.1 422 Unprocessable Entity"
HTTP Request: GET http://test/api/analytics/leads?start_date=2026-05-23T12%3A12%3A35.881342&end_date=2026-05-30T12%3A12%3A35.881351&tier=invalid "HTTP/1.1 422 Unprocessable Entity"
HTTP Request: GET http://test/api/analytics/emails?start_date=2026-05-23T12%3A12%3A35.922481&end_date=2026-05-30T12%3A12%3A35.922485 "HTTP/1.1 200 OK"
HTTP Request: GET http://test/api/analytics/emails?start_date=2026-05-23T12%3A12%3A35.965188&end_date=2026-05-30T12%3A12%3A35.965192&tier=warm "HTTP/1.1 200 OK"
HTTP Request: GET http://test/api/analytics/funnel?start_date=2026-05-23T12%3A12%3A36.007105&end_date=2026-05-30T12%3A12%3A36.007109 "HTTP/1.1 200 OK"
HTTP Request: GET http://test/api/analytics/realtime "HTTP/1.1 200 OK"
HTTP Request: GET http://test/api/analytics/export?start_date=2026-05-23T12%3A12%3A36.093865&end_date=2026-05-30T12%3A12%3A36.093869&format=csv "HTTP/1.1 200 OK"
HTTP Request: GET http://test/api/analytics/export?start_date=2026-05-23T12%3A12%3A36.152056&end_date=2026-05-30T12%3A12%3A36.152061&format=json "HTTP/1.1 200 OK"
HTTP Request: GET http://test/api/analytics/export?start_date=2026-05-23T12%3A12%3A36.209010&end_date=2026-05-30T12%3A12%3A36.209016&format=pdf&include_charts=true "HTTP/1.1 200 OK"
HTTP Request: GET http://test/api/analytics/export?start_date=2026-05-23T12%3A12%3A36.256399&end_date=2026-05-30T12%3A12%3A36.256408&format=xml "HTTP/1.1 422 Unprocessable Entity"
HTTP Request: GET http://test/api/analytics/leads?end_date=2026-05-30T12%3A12%3A36.287262 "HTTP/1.1 422 Unprocessable Entity"
HTTP Request: GET http://test/api/analytics/leads?start_date=2026-05-30T12%3A12%3A36.288483 "HTTP/1.1 422 Unprocessable Entity"
Document upload: lead_id=lead_123, type=license, file=test_license.pdf
File saved: /private/var/folders/d1/n83044s92438fyt4y4d1vql40000gn/T/pytest-of-mikhaileliseev/pytest-58/test_upload_document_success0/lead_123/license_c7472d8f.pdf
Document created: doc_20260530121236_c7aa5e
Document upload: lead_id=lead_123, type=invalid_type, file=test_license.pdf
Document upload: lead_id=nonexistent_lead, type=license, file=test_license.pdf
Document upload: lead_id=lead_123, type=license, file=test.exe
Document upload: lead_id=lead_123, type=license, file=large.pdf
Document reprocessing failed: Processing failed
HTTP Request: POST http://test/api/onboarding/start "HTTP/1.1 201 Created"
HTTP Request: POST http://test/api/onboarding/start "HTTP/1.1 404 Not Found"
HTTP Request: POST http://test/api/onboarding/start "HTTP/1.1 409 Conflict"
HTTP Request: GET http://test/api/onboarding/onb_20260517014000_abc123/status "HTTP/1.1 200 OK"
HTTP Request: GET http://test/api/onboarding/onb_999/status "HTTP/1.1 404 Not Found"
HTTP Request: POST http://test/api/onboarding/onb_20260517014000_abc123/documents?document_type=license "HTTP/1.1 201 Created"
HTTP Request: POST http://test/api/onboarding/onb_20260517014000_abc123/documents?document_type=invalid_type "HTTP/1.1 400 Bad Request"
HTTP Request: POST http://test/api/onboarding/onb_20260517014000_abc123/documents?document_type=license "HTTP/1.1 400 Bad Request"
HTTP Request: POST http://test/api/onboarding/onb_20260517014000_abc123/payment "HTTP/1.1 200 OK"
HTTP Request: POST http://test/api/onboarding/onb_20260517014000_abc123/payment "HTTP/1.1 409 Conflict"
HTTP Request: POST http://test/api/onboarding/onb_20260517014000_abc123/complete "HTTP/1.1 200 OK"
HTTP Request: POST http://test/api/onboarding/onb_20260517014000_abc123/complete "HTTP/1.1 409 Conflict"
HTTP Request: POST http://test/api/onboarding/onb_20260517014000_abc123/retry "HTTP/1.1 200 OK"
HTTP Request: POST http://test/api/onboarding/onb_20260517014000_abc123/retry "HTTP/1.1 409 Conflict"
HTTP Request: GET http://test/api/onboarding/lead/lead_123 "HTTP/1.1 200 OK"
HTTP Request: GET http://test/api/onboarding/lead/lead_999 "HTTP/1.1 404 Not Found"
fz152_audit
HTTP Request: POST http://test/api/leads/capture "HTTP/1.1 201 Created"
fz152_audit
HTTP Request: POST http://test/api/leads/capture "HTTP/1.1 201 Created"
fz152_audit
HTTP Request: POST http://test/api/leads/capture "HTTP/1.1 201 Created"
fz152_audit
HTTP Request: POST http://test/api/leads/capture "HTTP/1.1 201 Created"
fz152_audit
HTTP Request: POST http://test/api/leads/capture "HTTP/1.1 201 Created"
HTTP Request: GET http://test/api/analytics/leads?start_date=2026-05-29T12%3A12%3A36.892200%2B00%3A00&end_date=2026-05-30T12%3A12%3A37.042227%2B00%3A00 "HTTP/1.1 200 OK"
fz152_audit
HTTP Request: POST http://test/api/leads/capture "HTTP/1.1 201 Created"
fz152_audit
HTTP Request: POST http://test/api/leads/capture "HTTP/1.1 201 Created"
fz152_audit
HTTP Request: POST http://test/api/leads/capture "HTTP/1.1 201 Created"
fz152_audit
HTTP Request: POST http://test/api/leads/capture "HTTP/1.1 201 Created"
fz152_audit
HTTP Request: POST http://test/api/leads/capture "HTTP/1.1 201 Created"
HTTP Request: GET http://test/api/analytics/emails?start_date=2026-05-29T12%3A12%3A37.072750%2B00%3A00&end_date=2026-05-30T12%3A12%3A37.072750%2B00%3A00 "HTTP/1.1 200 OK"
fz152_audit
HTTP Request: POST http://test/api/leads/capture "HTTP/1.1 201 Created"
fz152_audit
HTTP Request: POST http://test/api/leads/capture "HTTP/1.1 201 Created"
fz152_audit
HTTP Request: POST http://test/api/leads/capture "HTTP/1.1 201 Created"
fz152_audit
HTTP Request: POST http://test/api/leads/capture "HTTP/1.1 201 Created"
fz152_audit
HTTP Request: POST http://test/api/leads/capture "HTTP/1.1 201 Created"
Tesseract OCR initialized with language: rus
[YOOKASSA] Client initialized
Starting onboarding for lead lead_20260530121237_a9b6d959
Onboarding started: onb_20260530121237_2a3e08
HTTP Request: POST http://test/api/onboarding/start "HTTP/1.1 201 Created"
Tesseract OCR initialized with language: rus
[YOOKASSA] Client initialized
Starting onboarding for lead lead_20260530121237_43fd52b4
Onboarding started: onb_20260530121237_fd9fb3
HTTP Request: POST http://test/api/onboarding/start "HTTP/1.1 201 Created"
Tesseract OCR initialized with language: rus
[YOOKASSA] Client initialized
Starting onboarding for lead lead_20260530121237_8f1e2348
Onboarding started: onb_20260530121237_77caf4
HTTP Request: POST http://test/api/onboarding/start "HTTP/1.1 201 Created"
HTTP Request: GET http://test/api/analytics/funnel?start_date=2026-05-29T12%3A12%3A37.156150%2B00%3A00&end_date=2026-05-30T12%3A12%3A37.438473%2B00%3A00 "HTTP/1.1 200 OK"
fz152_audit
HTTP Request: POST http://test/api/leads/capture "HTTP/1.1 201 Created"
HTTP Request: GET http://test/api/analytics/realtime "HTTP/1.1 200 OK"
fz152_audit
HTTP Request: POST http://test/api/leads/capture "HTTP/1.1 201 Created"
fz152_audit
HTTP Request: POST http://test/api/leads/capture "HTTP/1.1 201 Created"
fz152_audit
HTTP Request: POST http://test/api/leads/capture "HTTP/1.1 201 Created"
HTTP Request: GET http://test/api/analytics/export?start_date=2026-05-23T12%3A12%3A37.534153%2B00%3A00&end_date=2026-05-30T12%3A12%3A37.534153%2B00%3A00&format=csv "HTTP/1.1 200 OK"
fz152_audit
HTTP Request: POST http://test/api/leads/capture "HTTP/1.1 201 Created"
fz152_audit
HTTP Request: POST http://test/api/leads/capture "HTTP/1.1 201 Created"
fz152_audit
HTTP Request: POST http://test/api/leads/capture "HTTP/1.1 201 Created"
HTTP Request: GET http://test/api/analytics/export?start_date=2026-05-23T12%3A12%3A37.607526%2B00%3A00&end_date=2026-05-30T12%3A12%3A37.607526%2B00%3A00&format=json "HTTP/1.1 200 OK"
fz152_audit
HTTP Request: POST http://test/api/leads/capture "HTTP/1.1 201 Created"
HTTP Request: GET http://test/api/analytics/leads?start_date=2026-05-30T00%3A00%3A00%2B00%3A00&end_date=2026-05-30T12%3A12%3A37.691564%2B00%3A00 "HTTP/1.1 200 OK"
HTTP Request: GET http://test/api/analytics/leads?start_date=2026-05-23T12%3A12%3A37.677296%2B00%3A00&end_date=2026-05-30T12%3A12%3A37.691564%2B00%3A00 "HTTP/1.1 200 OK"
fz152_audit
HTTP Request: POST http://test/api/leads/capture "HTTP/1.1 201 Created"
fz152_audit
HTTP Request: POST http://test/api/leads/capture "HTTP/1.1 201 Created"
fz152_audit
HTTP Request: POST http://test/api/leads/capture "HTTP/1.1 201 Created"
HTTP Request: GET http://test/api/analytics/leads?start_date=2026-05-29T12%3A12%3A37.723973%2B00%3A00&end_date=2026-05-30T12%3A12%3A37.759608%2B00%3A00&tier=cold "HTTP/1.1 200 OK"
fz152_audit
HTTP Request: POST http://test/api/leads/capture "HTTP/1.1 201 Created"
fz152_audit
HTTP Request: POST http://test/api/leads/capture "HTTP/1.1 201 Created"
fz152_audit
HTTP Request: POST http://test/api/leads/capture "HTTP/1.1 201 Created"
fz152_audit
HTTP Request: POST http://test/api/leads/capture "HTTP/1.1 201 Created"
Processed 1 events, 0 failed, 0 skipped
HTTP Request: POST http://test/api/email/webhook/sendgrid "HTTP/1.1 200 OK"
Processed 1 events, 0 failed, 0 skipped
HTTP Request: POST http://test/api/email/webhook/sendgrid "HTTP/1.1 200 OK"
fz152_audit
HTTP Request: POST http://test/api/leads/capture "HTTP/1.1 201 Created"
Processed 1 events, 0 failed, 0 skipped
HTTP Request: POST http://test/api/email/webhook/sendgrid "HTTP/1.1 200 OK"
fz152_audit
HTTP Request: POST http://test/api/leads/capture "HTTP/1.1 201 Created"
Processed 1 events, 0 failed, 0 skipped
HTTP Request: POST http://test/api/email/webhook/sendgrid "HTTP/1.1 200 OK"
fz152_audit
HTTP Request: POST http://test/api/leads/capture "HTTP/1.1 201 Created"
Processed 1 events, 0 failed, 0 skipped
HTTP Request: POST http://test/api/email/webhook/sendgrid "HTTP/1.1 200 OK"
Processed 1 events, 0 failed, 0 skipped
HTTP Request: POST http://test/api/email/webhook/sendgrid "HTTP/1.1 200 OK"
Processed 1 events, 0 failed, 0 skipped
HTTP Request: POST http://test/api/email/webhook/sendgrid "HTTP/1.1 200 OK"
HTTP Request: GET http://test/api/email/metrics "HTTP/1.1 200 OK"
fz152_audit
HTTP Request: POST http://test/api/leads/capture "HTTP/1.1 201 Created"
fz152_audit
HTTP Request: POST http://test/api/leads/capture "HTTP/1.1 201 Created"
fz152_audit
HTTP Request: POST http://test/api/leads/capture "HTTP/1.1 201 Created"
fz152_audit
HTTP Request: POST http://test/api/leads/capture "HTTP/1.1 201 Created"
fz152_audit
HTTP Request: POST http://test/api/leads/capture "HTTP/1.1 201 Created"
fz152_audit
HTTP Request: POST http://test/api/leads/capture "HTTP/1.1 201 Created"
fz152_audit
HTTP Request: POST http://test/api/leads/capture "HTTP/1.1 201 Created"
fz152_audit
HTTP Request: POST http://test/api/leads/capture "HTTP/1.1 201 Created"
fz152_audit
HTTP Request: POST http://test/api/leads/capture "HTTP/1.1 201 Created"
fz152_audit
HTTP Request: POST http://test/api/leads/capture "HTTP/1.1 201 Created"
HTTP Request: POST http://test/api/leads/capture "HTTP/1.1 429 Too Many Requests"
fz152_audit
HTTP Request: POST http://test/api/leads/capture "HTTP/1.1 201 Created"
fz152_audit
HTTP Request: POST http://test/api/leads/capture "HTTP/1.1 201 Created"
fz152_audit
HTTP Request: POST http://test/api/leads/capture "HTTP/1.1 201 Created"
fz152_audit
HTTP Request: POST http://test/api/leads/capture "HTTP/1.1 201 Created"
HTTP Request: POST http://test/api/leads/capture "HTTP/1.1 201 Created"
fz152_audit
HTTP Request: POST http://test/api/leads/capture "HTTP/1.1 201 Created"
fz152_audit
HTTP Request: POST http://test/api/leads/capture "HTTP/1.1 201 Created"
fz152_audit
HTTP Request: POST http://test/api/leads/capture "HTTP/1.1 201 Created"
fz152_audit
HTTP Request: POST http://test/api/leads/capture "HTTP/1.1 201 Created"
fz152_audit
HTTP Request: POST http://test/api/leads/capture "HTTP/1.1 201 Created"
fz152_audit
HTTP Request: POST http://test/api/leads/capture "HTTP/1.1 201 Created"
fz152_audit
HTTP Request: POST http://test/api/leads/capture "HTTP/1.1 201 Created"
fz152_audit
HTTP Request: POST http://test/api/leads/capture "HTTP/1.1 201 Created"
fz152_audit
HTTP Request: POST http://test/api/leads/capture "HTTP/1.1 201 Created"
fz152_audit
HTTP Request: POST http://test/api/leads/capture "HTTP/1.1 201 Created"
HTTP Request: POST http://test/api/leads/capture "HTTP/1.1 429 Too Many Requests"
HTTP Request: POST http://test/api/leads/capture "HTTP/1.1 422 Unprocessable Entity"
HTTP Request: POST http://test/api/leads/capture "HTTP/1.1 422 Unprocessable Entity"
HTTP Request: POST http://test/api/leads/capture "HTTP/1.1 422 Unprocessable Entity"
HTTP Request: POST http://test/api/leads/capture "HTTP/1.1 422 Unprocessable Entity"
fz152_audit
HTTP Request: POST http://test/api/leads/capture "HTTP/1.1 201 Created"
Tesseract OCR initialized with language: rus
[YOOKASSA] Client initialized
Starting onboarding for lead lead_20260530121241_3ba03f04
Onboarding started: onb_20260530121241_3cf41e
HTTP Request: POST http://test/api/onboarding/start "HTTP/1.1 201 Created"
Tesseract OCR initialized with language: rus
[YOOKASSA] Client initialized
Uploading document for onboarding onb_20260530121241_3cf41e: license
Document uploaded: doc_20260530121241_6979ef, progress: 17%
HTTP Request: POST http://test/api/onboarding/onb_20260530121241_3cf41e/documents?document_type=license "HTTP/1.1 201 Created"
Tesseract OCR initialized with language: rus
[YOOKASSA] Client initialized
Uploading document for onboarding onb_20260530121241_3cf41e: inn
Document uploaded: doc_20260530121241_a09e62, progress: 24%
HTTP Request: POST http://test/api/onboarding/onb_20260530121241_3cf41e/documents?document_type=inn "HTTP/1.1 201 Created"
Tesseract OCR initialized with language: rus
[YOOKASSA] Client initialized
Uploading document for onboarding onb_20260530121241_3cf41e: ogrn
Document uploaded: doc_20260530121241_324c01, progress: 31%
HTTP Request: POST http://test/api/onboarding/onb_20260530121241_3cf41e/documents?document_type=ogrn "HTTP/1.1 201 Created"
Tesseract OCR initialized with language: rus
[YOOKASSA] Client initialized
Uploading document for onboarding onb_20260530121241_3cf41e: contract
Document uploaded: doc_20260530121241_71b97f, progress: 40%
HTTP Request: POST http://test/api/onboarding/onb_20260530121241_3cf41e/documents?document_type=contract "HTTP/1.1 201 Created"
Tesseract OCR initialized with language: rus
[YOOKASSA] Client initialized
HTTP Request: GET http://test/api/onboarding/onb_20260530121241_3cf41e/status "HTTP/1.1 200 OK"
Tesseract OCR initialized with language: rus
[YOOKASSA] Client initialized
Processing payment for onboarding onb_20260530121241_3cf41e
Validating documents for onboarding onb_20260530121241_3cf41e
State transition: OnboardingState.DOCUMENTS_PENDING -> OnboardingState.DOCUMENTS_UPLOADED (event: OnboardingEvent.VALIDATE_DOCUMENTS)
State transition: OnboardingState.DOCUMENTS_UPLOADED -> OnboardingState.DOCUMENTS_VALIDATED (event: OnboardingEvent.VALIDATE_DOCUMENTS)
Documents validated successfully
State transition: OnboardingState.DOCUMENTS_VALIDATED -> OnboardingState.PAYMENT_PENDING (event: OnboardingEvent.REQUEST_PAYMENT)
State transition: OnboardingState.PAYMENT_PENDING -> OnboardingState.PAYMENT_PROCESSING (event: OnboardingEvent.PROCESS_PAYMENT)
State transition: OnboardingState.PAYMENT_PROCESSING -> OnboardingState.PAYMENT_COMPLETED (event: OnboardingEvent.COMPLETE_PAYMENT)
Payment completed: pay_20260530121241_7dcadb
HTTP Request: POST http://test/api/onboarding/onb_20260530121241_3cf41e/payment "HTTP/1.1 200 OK"
Tesseract OCR initialized with language: rus
[YOOKASSA] Client initialized
Completing onboarding onb_20260530121241_3cf41e
State transition: OnboardingState.PAYMENT_COMPLETED -> OnboardingState.ONBOARDING_COMPLETE (event: OnboardingEvent.COMPLETE_ONBOARDING)
Onboarding completed: onb_20260530121241_3cf41e
HTTP Request: POST http://test/api/onboarding/onb_20260530121241_3cf41e/complete "HTTP/1.1 200 OK"
Tesseract OCR initialized with language: rus
[YOOKASSA] Client initialized
HTTP Request: GET http://test/api/onboarding/onb_20260530121241_3cf41e/status "HTTP/1.1 200 OK"
fz152_audit
HTTP Request: POST http://test/api/leads/capture "HTTP/1.1 201 Created"
Tesseract OCR initialized with language: rus
[YOOKASSA] Client initialized
Starting onboarding for lead lead_20260530121241_f6f90f4f
Onboarding started: onb_20260530121241_273701
HTTP Request: POST http://test/api/onboarding/start "HTTP/1.1 201 Created"
Tesseract OCR initialized with language: rus
[YOOKASSA] Client initialized
Uploading document for onboarding onb_20260530121241_273701: license
Document uploaded: doc_20260530121241_67b728, progress: 17%
HTTP Request: POST http://test/api/onboarding/onb_20260530121241_273701/documents?document_type=license "HTTP/1.1 201 Created"
Tesseract OCR initialized with language: rus
[YOOKASSA] Client initialized
Uploading document for onboarding onb_20260530121241_273701: inn
Document uploaded: doc_20260530121241_2d9cda, progress: 24%
HTTP Request: POST http://test/api/onboarding/onb_20260530121241_273701/documents?document_type=inn "HTTP/1.1 201 Created"
Tesseract OCR initialized with language: rus
[YOOKASSA] Client initialized
Uploading document for onboarding onb_20260530121241_273701: ogrn
Document uploaded: doc_20260530121241_7e2bee, progress: 31%
HTTP Request: POST http://test/api/onboarding/onb_20260530121241_273701/documents?document_type=ogrn "HTTP/1.1 201 Created"
Tesseract OCR initialized with language: rus
[YOOKASSA] Client initialized
Uploading document for onboarding onb_20260530121241_273701: contract
Document uploaded: doc_20260530121242_af4878, progress: 40%
HTTP Request: POST http://test/api/onboarding/onb_20260530121241_273701/documents?document_type=contract "HTTP/1.1 201 Created"
Tesseract OCR initialized with language: rus
[YOOKASSA] Client initialized
Processing payment for onboarding onb_20260530121241_273701
Validating documents for onboarding onb_20260530121241_273701
Document doc_20260530121241_2d9cda not processed: failed
Document doc_20260530121241_67b728 not processed: failed
Document doc_20260530121241_7e2bee not processed: failed
Document doc_20260530121242_af4878 not processed: failed
State transition: OnboardingState.DOCUMENTS_PENDING -> OnboardingState.ONBOARDING_FAILED (event: OnboardingEvent.FAIL)
Document validation failed
HTTP Request: POST http://test/api/onboarding/onb_20260530121241_273701/payment "HTTP/1.1 400 Bad Request"
Tesseract OCR initialized with language: rus
[YOOKASSA] Client initialized
HTTP Request: GET http://test/api/onboarding/onb_20260530121241_273701/status "HTTP/1.1 200 OK"
fz152_audit
HTTP Request: POST http://test/api/leads/capture "HTTP/1.1 201 Created"
Tesseract OCR initialized with language: rus
[YOOKASSA] Client initialized
Starting onboarding for lead lead_20260530121242_79b0e40c
Onboarding started: onb_20260530121242_76cde7
HTTP Request: POST http://test/api/onboarding/start "HTTP/1.1 201 Created"
Tesseract OCR initialized with language: rus
[YOOKASSA] Client initialized
Uploading document for onboarding onb_20260530121242_76cde7: license
Document uploaded: doc_20260530121242_6bc43d, progress: 17%
HTTP Request: POST http://test/api/onboarding/onb_20260530121242_76cde7/documents?document_type=license "HTTP/1.1 201 Created"
Tesseract OCR initialized with language: rus
[YOOKASSA] Client initialized
Uploading document for onboarding onb_20260530121242_76cde7: inn
Document uploaded: doc_20260530121242_66efea, progress: 24%
HTTP Request: POST http://test/api/onboarding/onb_20260530121242_76cde7/documents?document_type=inn "HTTP/1.1 201 Created"
Tesseract OCR initialized with language: rus
[YOOKASSA] Client initialized
Uploading document for onboarding onb_20260530121242_76cde7: ogrn
Document uploaded: doc_20260530121242_5c9881, progress: 31%
HTTP Request: POST http://test/api/onboarding/onb_20260530121242_76cde7/documents?document_type=ogrn "HTTP/1.1 201 Created"
Tesseract OCR initialized with language: rus
[YOOKASSA] Client initialized
Uploading document for onboarding onb_20260530121242_76cde7: contract
Document uploaded: doc_20260530121242_57cc25, progress: 40%
HTTP Request: POST http://test/api/onboarding/onb_20260530121242_76cde7/documents?document_type=contract "HTTP/1.1 201 Created"
Tesseract OCR initialized with language: rus
[YOOKASSA] Client initialized
Processing payment for onboarding onb_20260530121242_76cde7
Validating documents for onboarding onb_20260530121242_76cde7
State transition: OnboardingState.DOCUMENTS_PENDING -> OnboardingState.DOCUMENTS_UPLOADED (event: OnboardingEvent.VALIDATE_DOCUMENTS)
State transition: OnboardingState.DOCUMENTS_UPLOADED -> OnboardingState.DOCUMENTS_VALIDATED (event: OnboardingEvent.VALIDATE_DOCUMENTS)
Documents validated successfully
State transition: OnboardingState.DOCUMENTS_VALIDATED -> OnboardingState.PAYMENT_PENDING (event: OnboardingEvent.REQUEST_PAYMENT)
State transition: OnboardingState.PAYMENT_PENDING -> OnboardingState.PAYMENT_PROCESSING (event: OnboardingEvent.PROCESS_PAYMENT)
Payment processing failed: Insufficient funds
State transition: OnboardingState.PAYMENT_PROCESSING -> OnboardingState.ONBOARDING_FAILED (event: OnboardingEvent.FAIL)
HTTP Request: POST http://test/api/onboarding/onb_20260530121242_76cde7/payment "HTTP/1.1 400 Bad Request"
Tesseract OCR initialized with language: rus
[YOOKASSA] Client initialized
HTTP Request: GET http://test/api/onboarding/onb_20260530121242_76cde7/status "HTTP/1.1 200 OK"
fz152_audit
HTTP Request: POST http://test/api/leads/capture "HTTP/1.1 201 Created"
Tesseract OCR initialized with language: rus
[YOOKASSA] Client initialized
Starting onboarding for lead lead_20260530121242_407c942d
Onboarding started: onb_20260530121242_d4d66b
HTTP Request: POST http://test/api/onboarding/start "HTTP/1.1 201 Created"
Tesseract OCR initialized with language: rus
[YOOKASSA] Client initialized
Uploading document for onboarding onb_20260530121242_d4d66b: license
Document uploaded: doc_20260530121242_a03e19, progress: 17%
HTTP Request: POST http://test/api/onboarding/onb_20260530121242_d4d66b/documents?document_type=license "HTTP/1.1 201 Created"
Tesseract OCR initialized with language: rus
[YOOKASSA] Client initialized
Uploading document for onboarding onb_20260530121242_d4d66b: inn
Document uploaded: doc_20260530121242_abf0d0, progress: 24%
HTTP Request: POST http://test/api/onboarding/onb_20260530121242_d4d66b/documents?document_type=inn "HTTP/1.1 201 Created"
Tesseract OCR initialized with language: rus
[YOOKASSA] Client initialized
Uploading document for onboarding onb_20260530121242_d4d66b: ogrn
Document uploaded: doc_20260530121242_0b3c18, progress: 31%
HTTP Request: POST http://test/api/onboarding/onb_20260530121242_d4d66b/documents?document_type=ogrn "HTTP/1.1 201 Created"
Tesseract OCR initialized with language: rus
[YOOKASSA] Client initialized
Uploading document for onboarding onb_20260530121242_d4d66b: contract
Document uploaded: doc_20260530121243_36e60e, progress: 40%
HTTP Request: POST http://test/api/onboarding/onb_20260530121242_d4d66b/documents?document_type=contract "HTTP/1.1 201 Created"
Tesseract OCR initialized with language: rus
[YOOKASSA] Client initialized
Processing payment for onboarding onb_20260530121242_d4d66b
Validating documents for onboarding onb_20260530121242_d4d66b
State transition: OnboardingState.DOCUMENTS_PENDING -> OnboardingState.DOCUMENTS_UPLOADED (event: OnboardingEvent.VALIDATE_DOCUMENTS)
State transition: OnboardingState.DOCUMENTS_UPLOADED -> OnboardingState.DOCUMENTS_VALIDATED (event: OnboardingEvent.VALIDATE_DOCUMENTS)
Documents validated successfully
State transition: OnboardingState.DOCUMENTS_VALIDATED -> OnboardingState.PAYMENT_PENDING (event: OnboardingEvent.REQUEST_PAYMENT)
State transition: OnboardingState.PAYMENT_PENDING -> OnboardingState.PAYMENT_PROCESSING (event: OnboardingEvent.PROCESS_PAYMENT)
Payment processing failed: Payment failed
State transition: OnboardingState.PAYMENT_PROCESSING -> OnboardingState.ONBOARDING_FAILED (event: OnboardingEvent.FAIL)
HTTP Request: POST http://test/api/onboarding/onb_20260530121242_d4d66b/payment "HTTP/1.1 400 Bad Request"
Tesseract OCR initialized with language: rus
[YOOKASSA] Client initialized
Retrying step payment_processing for onboarding onb_20260530121242_d4d66b
State transition: OnboardingState.ONBOARDING_FAILED -> OnboardingState.DOCUMENTS_PENDING (event: OnboardingEvent.RETRY)
Retry initiated: new state DOCUMENTS_VALIDATED
HTTP Request: POST http://test/api/onboarding/onb_20260530121242_d4d66b/retry "HTTP/1.1 200 OK"
Tesseract OCR initialized with language: rus
[YOOKASSA] Client initialized
Processing payment for onboarding onb_20260530121242_d4d66b
State transition: OnboardingState.DOCUMENTS_VALIDATED -> OnboardingState.PAYMENT_PENDING (event: OnboardingEvent.REQUEST_PAYMENT)
State transition: OnboardingState.PAYMENT_PENDING -> OnboardingState.PAYMENT_PROCESSING (event: OnboardingEvent.PROCESS_PAYMENT)
State transition: OnboardingState.PAYMENT_PROCESSING -> OnboardingState.PAYMENT_COMPLETED (event: OnboardingEvent.COMPLETE_PAYMENT)
Payment completed: pay_20260530121243_1b22f0
HTTP Request: POST http://test/api/onboarding/onb_20260530121242_d4d66b/payment "HTTP/1.1 200 OK"
fz152_audit
HTTP Request: POST http://test/api/leads/capture "HTTP/1.1 201 Created"
Tesseract OCR initialized with language: rus
[YOOKASSA] Client initialized
Starting onboarding for lead lead_20260530121243_3cfc94c9
Onboarding started: onb_20260530121243_a17642
HTTP Request: POST http://test/api/onboarding/start "HTTP/1.1 201 Created"
Tesseract OCR initialized with language: rus
[YOOKASSA] Client initialized
HTTP Request: POST http://test/api/onboarding/onb_20260530121243_a17642/documents?document_type=invalid_type "HTTP/1.1 400 Bad Request"
Tesseract OCR initialized with language: rus
[YOOKASSA] Client initialized
HTTP Request: POST http://test/api/onboarding/onb_20260530121243_a17642/documents?document_type=license "HTTP/1.1 400 Bad Request"
fz152_audit
HTTP Request: POST http://test/api/leads/capture "HTTP/1.1 201 Created"
Tesseract OCR initialized with language: rus
[YOOKASSA] Client initialized
Starting onboarding for lead lead_20260530121243_59d5a2ee
Onboarding started: onb_20260530121243_512897
HTTP Request: POST http://test/api/onboarding/start "HTTP/1.1 201 Created"
Tesseract OCR initialized with language: rus
[YOOKASSA] Client initialized
Completing onboarding onb_20260530121243_512897
HTTP Request: POST http://test/api/onboarding/onb_20260530121243_512897/complete "HTTP/1.1 409 Conflict"
Tesseract OCR initialized with language: rus
[YOOKASSA] Client initialized
Processing payment for onboarding onb_20260530121243_512897
HTTP Request: POST http://test/api/onboarding/onb_20260530121243_512897/payment "HTTP/1.1 400 Bad Request"
Tesseract OCR initialized with language: rus
[YOOKASSA] Client initialized
Uploading document for onboarding onb_20260530121243_512897: license
Document uploaded: doc_20260530121243_f663ac, progress: 17%
HTTP Request: POST http://test/api/onboarding/onb_20260530121243_512897/documents?document_type=license "HTTP/1.1 201 Created"
Tesseract OCR initialized with language: rus
[YOOKASSA] Client initialized
Uploading document for onboarding onb_20260530121243_512897: inn
Document uploaded: doc_20260530121243_901553, progress: 24%
HTTP Request: POST http://test/api/onboarding/onb_20260530121243_512897/documents?document_type=inn "HTTP/1.1 201 Created"
Tesseract OCR initialized with language: rus
[YOOKASSA] Client initialized
Uploading document for onboarding onb_20260530121243_512897: ogrn
Document uploaded: doc_20260530121243_16838c, progress: 31%
HTTP Request: POST http://test/api/onboarding/onb_20260530121243_512897/documents?document_type=ogrn "HTTP/1.1 201 Created"
Tesseract OCR initialized with language: rus
[YOOKASSA] Client initialized
Uploading document for onboarding onb_20260530121243_512897: contract
Document uploaded: doc_20260530121244_5c69b2, progress: 40%
HTTP Request: POST http://test/api/onboarding/onb_20260530121243_512897/documents?document_type=contract "HTTP/1.1 201 Created"
Tesseract OCR initialized with language: rus
[YOOKASSA] Client initialized
Completing onboarding onb_20260530121243_512897
HTTP Request: POST http://test/api/onboarding/onb_20260530121243_512897/complete "HTTP/1.1 409 Conflict"
Tesseract OCR initialized with language: rus
[YOOKASSA] Client initialized
Processing payment for onboarding onb_20260530121243_512897
Validating documents for onboarding onb_20260530121243_512897
State transition: OnboardingState.DOCUMENTS_PENDING -> OnboardingState.DOCUMENTS_UPLOADED (event: OnboardingEvent.VALIDATE_DOCUMENTS)
State transition: OnboardingState.DOCUMENTS_UPLOADED -> OnboardingState.DOCUMENTS_VALIDATED (event: OnboardingEvent.VALIDATE_DOCUMENTS)
Documents validated successfully
State transition: OnboardingState.DOCUMENTS_VALIDATED -> OnboardingState.PAYMENT_PENDING (event: OnboardingEvent.REQUEST_PAYMENT)
State transition: OnboardingState.PAYMENT_PENDING -> OnboardingState.PAYMENT_PROCESSING (event: OnboardingEvent.PROCESS_PAYMENT)
State transition: OnboardingState.PAYMENT_PROCESSING -> OnboardingState.PAYMENT_COMPLETED (event: OnboardingEvent.COMPLETE_PAYMENT)
Payment completed: pay_20260530121244_7696f1
HTTP Request: POST http://test/api/onboarding/onb_20260530121243_512897/payment "HTTP/1.1 200 OK"
Tesseract OCR initialized with language: rus
[YOOKASSA] Client initialized
Completing onboarding onb_20260530121243_512897
State transition: OnboardingState.PAYMENT_COMPLETED -> OnboardingState.ONBOARDING_COMPLETE (event: OnboardingEvent.COMPLETE_ONBOARDING)
Onboarding completed: onb_20260530121243_512897
HTTP Request: POST http://test/api/onboarding/onb_20260530121243_512897/complete "HTTP/1.1 200 OK"
fz152_audit
HTTP Request: POST http://test/api/leads/capture "HTTP/1.1 201 Created"
Tesseract OCR initialized with language: rus
[YOOKASSA] Client initialized
Starting onboarding for lead lead_20260530121244_327f6eb7
Onboarding started: onb_20260530121244_a4e3ce
HTTP Request: POST http://test/api/onboarding/start "HTTP/1.1 201 Created"
Tesseract OCR initialized with language: rus
[YOOKASSA] Client initialized
HTTP Request: GET http://test/api/onboarding/lead/lead_20260530121244_327f6eb7 "HTTP/1.1 200 OK"
Tesseract OCR initialized with language: rus
[YOOKASSA] Client initialized
HTTP Request: GET http://test/api/onboarding/lead/lead_999 "HTTP/1.1 404 Not Found"
HTTP Request: POST http://test/api/leads/capture "HTTP/1.1 422 Unprocessable Entity"
fz152_audit
HTTP Request: POST http://test/api/leads/capture "HTTP/1.1 201 Created"
fz152_audit
HTTP Request: POST http://test/api/leads/capture "HTTP/1.1 201 Created"
fz152_audit
HTTP Request: POST http://test/api/leads/capture "HTTP/1.1 201 Created"
fz152_audit
HTTP Request: POST http://test/api/leads/capture "HTTP/1.1 201 Created"
fz152_audit
HTTP Request: POST http://test/api/leads/capture "HTTP/1.1 201 Created"
fz152_audit
HTTP Request: POST http://test/api/leads/capture "HTTP/1.1 201 Created"
fz152_audit
HTTP Request: POST http://test/api/leads/capture "HTTP/1.1 201 Created"
fz152_audit
HTTP Request: POST http://test/api/leads/capture "HTTP/1.1 201 Created"
fz152_audit
HTTP Request: POST http://test/api/leads/capture "HTTP/1.1 201 Created"
fz152_audit
HTTP Request: POST http://test/api/leads/capture "HTTP/1.1 201 Created"
fz152_audit
HTTP Request: POST http://test/api/leads/capture "HTTP/1.1 201 Created"
fz152_audit
HTTP Request: POST http://test/api/leads/capture "HTTP/1.1 201 Created"
fz152_audit
HTTP Request: POST http://test/api/leads/capture "HTTP/1.1 201 Created"
fz152_audit
HTTP Request: POST http://test/api/leads/capture "HTTP/1.1 201 Created"
HTTP Request: POST http://test/api/leads/capture "HTTP/1.1 429 Too Many Requests"
fz152_audit
HTTP Request: POST http://test/api/leads/capture "HTTP/1.1 201 Created"
fz152_audit
HTTP Request: POST http://test/api/leads/capture "HTTP/1.1 201 Created"
fz152_audit
HTTP Request: POST http://test/api/leads/capture "HTTP/1.1 201 Created"
fz152_audit
HTTP Request: POST http://test/api/leads/capture "HTTP/1.1 201 Created"
fz152_audit
HTTP Request: POST http://test/api/leads/capture "HTTP/1.1 201 Created"
fz152_audit
HTTP Request: POST http://test/api/leads/capture "HTTP/1.1 201 Created"
fz152_audit
HTTP Request: POST http://test/api/leads/capture "HTTP/1.1 201 Created"
fz152_audit
HTTP Request: POST http://test/api/leads/capture "HTTP/1.1 201 Created"
fz152_audit
HTTP Request: POST http://test/api/leads/capture "HTTP/1.1 201 Created"
fz152_audit
HTTP Request: POST http://test/api/leads/capture "HTTP/1.1 201 Created"
HTTP Request: POST http://test/api/leads/capture "HTTP/1.1 429 Too Many Requests"
HTTP Request: POST http://test/api/leads/capture "HTTP/1.1 422 Unprocessable Entity"
HTTP Request: POST http://test/api/leads/capture "HTTP/1.1 422 Unprocessable Entity"
HTTP Request: POST http://test/api/leads/capture "HTTP/1.1 422 Unprocessable Entity"
HTTP Request: GET http://test/api/analytics/leads?start_date=2026-01-01T00%3A00%3A00&end_date=2026-12-31T00%3A00%3A00&tier=hot%27+OR+%271%27%3D%271 "HTTP/1.1 422 Unprocessable Entity"
fz152_audit
HTTP Request: POST http://test/api/leads/capture "HTTP/1.1 201 Created"
Tesseract OCR initialized with language: rus
[YOOKASSA] Client initialized
Starting onboarding for lead lead_20260530121248_26320498
Onboarding started: onb_20260530121248_02827f
HTTP Request: POST http://test/api/onboarding/start "HTTP/1.1 201 Created"
Tesseract OCR initialized with language: rus
[YOOKASSA] Client initialized
Uploading document for onboarding onb_20260530121248_02827f: license
Document uploaded: doc_20260530121248_45ee68, progress: 17%
HTTP Request: POST http://test/api/onboarding/onb_20260530121248_02827f/documents?document_type=license "HTTP/1.1 201 Created"
HTTP Request: POST http://test/api/leads/capture "HTTP/1.1 422 Unprocessable Entity"
HTTP Request: POST http://test/api/leads/capture "HTTP/1.1 422 Unprocessable Entity"
HTTP Request: POST http://test/api/leads/capture "HTTP/1.1 422 Unprocessable Entity"
HTTP Request: GET http://test/api/analytics/leads?start_date=2027-01-01T00%3A00%3A00&end_date=2026-01-01T00%3A00%3A00 "HTTP/1.1 422 Unprocessable Entity"
Tesseract OCR initialized with language: rus
[YOOKASSA] Client initialized
HTTP Request: GET http://test/api/onboarding/nonexistent_id/status "HTTP/1.1 404 Not Found"
HTTP Request: POST http://test/api/leads/capture "HTTP/1.1 422 Unprocessable Entity"
HTTP Request: POST http://test/api/documents/upload "HTTP/1.1 404 Not Found"
fz152_audit
HTTP Request: POST http://test/api/leads/capture "HTTP/1.1 201 Created"
HTTP Request: POST http://test/api/leads/capture "HTTP/1.1 201 Created"
fz152_audit
HTTP Request: POST http://test/api/leads/capture "HTTP/1.1 201 Created"
fz152_audit
HTTP Request: POST http://test/api/leads/capture "HTTP/1.1 201 Created"
Loading dictionaries from /Users/mikhaileliseev/Desktop/Dev/meAI/venv/lib/python3.14/site-packages/pymorphy3_dicts_ru/data
format: 2.4, revision: 417150, updated: 2022-01-08T22:09:24.565962
Loading dictionaries from /Users/mikhaileliseev/Desktop/Dev/meAI/venv/lib/python3.14/site-packages/pymorphy3_dicts_ru/data
format: 2.4, revision: 417150, updated: 2022-01-08T22:09:24.565962
Loading dictionaries from /Users/mikhaileliseev/Desktop/Dev/meAI/venv/lib/python3.14/site-packages/pymorphy3_dicts_ru/data
format: 2.4, revision: 417150, updated: 2022-01-08T22:09:24.565962
Loading dictionaries from /Users/mikhaileliseev/Desktop/Dev/meAI/venv/lib/python3.14/site-packages/pymorphy3_dicts_ru/data
format: 2.4, revision: 417150, updated: 2022-01-08T22:09:24.565962
No LLM client configured — using fallback response.
LLM call failed: API unavailable
Traceback (most recent call last):
  File "/Users/mikhaileliseev/Desktop/Dev/meAI/AIM/src/aim/services/ci/dialogue_manager.py", line 265, in chat
    reply = await self._llm(messages)
            ^^^^^^^^^^^^^^^^^^^^^^^^^
  File "/Users/mikhaileliseev/Desktop/Dev/meAI/AIM/tests/services/ci/test_dialogue_manager.py", line 257, in broken_llm
    raise RuntimeError("API unavailable")
RuntimeError: API unavailable
Cannot resolve hostname client.ru for SSRF check — proceeding (hostname-based, not IP literal)
Pipeline [searching]: 🔍 Ищу конкурентов в вашем городе… Анализирую рынок, определяю специализацию…
Pipeline [collecting]: 🎯 Нашёл 1 конкурентов: ТестКлиника. Начинаю глубокий сбор данных по каждому…
Pipeline [reviews]: ⭐ ТестКлиника: собираю отзывы на Яндекс.Картах и ПроДокторове — открываю страницы, извлекаю рейтинги…
ProDoctorov search failed for ТестКлиника: Page.goto: net::ERR_CONNECTION_CLOSED at https://prodoctorov.ru/moskva/lpu/
Call log:
  - navigating to "https://prodoctorov.ru/moskva/lpu/", waiting until "domcontentloaded"

Yandex Maps search failed for ТестКлиника: Page.goto: net::ERR_CONNECTION_CLOSED at https://yandex.ru/maps/213/moscow/?text=%D0%A2%D0%B5%D1%81%D1%82%D0%9A%D0%BB%D0%B8%D0%BD%D0%B8%D0%BA%D0%B0%20%D0%9C%D0%BE%D1%81%D0%BA%D0%B2%D0%B0
Call log:
  - navigating to "https://yandex.ru/maps/213/moscow/?text=%D0%A2%D0%B5%D1%81%D1%82%D0%9A%D0%BB%D0%B8%D0%BD%D0%B8%D0%BA%D0%B0%20%D0%9C%D0%BE%D1%81%D0%BA%D0%B2%D0%B0", waiting until "domcontentloaded"

Skipping ТестКлиника — all collectors empty
Pipeline [matrix]: 📊 Строю матрицу сравнения: сопоставляю ваш сайт с каждым конкурентом по 20+ параметрам…
Pipeline [done]: ✨ Анализ завершён за 1 сек! Все данные собраны, сейчас покажу результат…
Cannot resolve hostname client.ru for SSRF check — proceeding (hostname-based, not IP literal)
Pipeline [searching]: 🔍 Ищу конкурентов в вашем городе… Анализирую рынок, определяю специализацию…
Pipeline [collecting]: 🎯 Нашёл 1 конкурентов: ТестКлиника. Начинаю глубокий сбор данных по каждому…
Pipeline [reviews]: ⭐ ТестКлиника: собираю отзывы на Яндекс.Картах и ПроДокторове — открываю страницы, извлекаю рейтинги…
Yandex Maps search failed for ТестКлиника: Page.goto: net::ERR_CONNECTION_CLOSED at https://yandex.ru/maps/213/moscow/?text=%D0%A2%D0%B5%D1%81%D1%82%D0%9A%D0%BB%D0%B8%D0%BD%D0%B8%D0%BA%D0%B0%20%D0%9C%D0%BE%D1%81%D0%BA%D0%B2%D0%B0
Call log:
  - navigating to "https://yandex.ru/maps/213/moscow/?text=%D0%A2%D0%B5%D1%81%D1%82%D0%9A%D0%BB%D0%B8%D0%BD%D0%B8%D0%BA%D0%B0%20%D0%9C%D0%BE%D1%81%D0%BA%D0%B2%D0%B0", waiting until "domcontentloaded"

ProDoctorov search failed for ТестКлиника: Page.goto: net::ERR_CONNECTION_CLOSED at https://prodoctorov.ru/moskva/lpu/
Call log:
  - navigating to "https://prodoctorov.ru/moskva/lpu/", waiting until "domcontentloaded"

Skipping ТестКлиника — all collectors empty
Pipeline [matrix]: 📊 Строю матрицу сравнения: сопоставляю ваш сайт с каждым конкурентом по 20+ параметрам…
Pipeline [done]: ✨ Анализ завершён за 0 сек! Все данные собраны, сейчас покажу результат…
Cannot resolve hostname client.ru for SSRF check — proceeding (hostname-based, not IP literal)
Pipeline [searching]: 🔍 Ищу конкурентов в вашем городе… Анализирую рынок, определяю специализацию…
Pipeline [done]: ⚠️ Не смог найти конкурентов автоматически. Отправьте их сайты вручную, и я продолжу анализ.
Cannot resolve hostname client.ru for SSRF check — proceeding (hostname-based, not IP literal)
Pipeline [searching]: 🔍 Ищу конкурентов в вашем городе… Анализирую рынок, определяю специализацию…
Pipeline [collecting]: 🎯 Нашёл 1 конкурентов: ТестКлиника. Начинаю глубокий сбор данных по каждому…
Pipeline [reviews]: ⭐ ТестКлиника: собираю отзывы на Яндекс.Картах и ПроДокторове — открываю страницы, извлекаю рейтинги…
Yandex Maps search failed for ТестКлиника: Page.goto: net::ERR_CONNECTION_CLOSED at https://yandex.ru/maps/213/moscow/?text=%D0%A2%D0%B5%D1%81%D1%82%D0%9A%D0%BB%D0%B8%D0%BD%D0%B8%D0%BA%D0%B0%20%D0%9C%D0%BE%D1%81%D0%BA%D0%B2%D0%B0
Call log:
  - navigating to "https://yandex.ru/maps/213/moscow/?text=%D0%A2%D0%B5%D1%81%D1%82%D0%9A%D0%BB%D0%B8%D0%BD%D0%B8%D0%BA%D0%B0%20%D0%9C%D0%BE%D1%81%D0%BA%D0%B2%D0%B0", waiting until "domcontentloaded"

ProDoctorov search failed for ТестКлиника: Page.goto: net::ERR_CONNECTION_CLOSED at https://prodoctorov.ru/moskva/lpu/
Call log:
  - navigating to "https://prodoctorov.ru/moskva/lpu/", waiting until "domcontentloaded"

Skipping ТестКлиника — all collectors empty
Pipeline [matrix]: 📊 Строю матрицу сравнения: сопоставляю ваш сайт с каждым конкурентом по 20+ параметрам…
Pipeline [done]: ✨ Анализ завершён за 0 сек! Все данные собраны, сейчас покажу результат…
HTTP Request: GET https://example.com "HTTP/1.1 200 OK"
HTTP Request: GET https://example.com/robots.txt "HTTP/1.1 404 Not Found"
HTTP Request: GET https://example.com/sitemap.xml "HTTP/1.1 404 Not Found"
HTTP Request: GET https://example.com "HTTP/1.1 200 OK"
HTTP Request: GET https://example.com/robots.txt "HTTP/1.1 404 Not Found"
HTTP Request: GET https://example.com/sitemap.xml "HTTP/1.1 404 Not Found"
HTTP Request: GET https://example.com "HTTP/1.1 200 OK"
HTTP Request: GET https://example.com/robots.txt "HTTP/1.1 404 Not Found"
HTTP Request: GET https://example.com/sitemap.xml "HTTP/1.1 404 Not Found"
HTTP Request: GET https://example.com "HTTP/1.1 200 OK"
HTTP Request: GET https://example.com/robots.txt "HTTP/1.1 404 Not Found"
HTTP Request: GET https://example.com/sitemap.xml "HTTP/1.1 404 Not Found"
HTTP Request: GET https://example.com "HTTP/1.1 200 OK"
HTTP Request: GET https://example.com/robots.txt "HTTP/1.1 404 Not Found"
HTTP Request: GET https://example.com/sitemap.xml "HTTP/1.1 404 Not Found"
HTTP Request: GET https://www.instagram.com/web/search/topsearch/?query=%D0%AE%D1%86%D0%BA%D0%BE%D0%B2%D1%81%D0%BA%D0%B0%D1%8F "HTTP/1.1 401 Unauthorized"
HTTP Request: GET https://t.me/s/%D0%AE%D1%86%D0%BA%D0%BE%D0%B2%D1%81%D0%BA%D0%B0%D1%8F "HTTP/1.1 302 Found"
HTTP Request: GET https://t.me/%D0%AE%D1%86%D0%BA%D0%BE%D0%B2%D1%81%D0%BA%D0%B0%D1%8F "HTTP/1.1 302 Found"
HTTP Request: GET https://telegram.org/ "HTTP/1.1 200 OK"
HTTP Request: GET https://vk.com/search?c%5Bper_page%5D=5&c%5Bq%5D=%D0%AE%D1%86%D0%BA%D0%BE%D0%B2%D1%81%D0%BA%D0%B0%D1%8F&c%5Bsection%5D=communities "HTTP/1.1 200 OK"
HTTP Request: GET https://www.tiktok.com/search/user?q=%D0%AE%D1%86%D0%BA%D0%BE%D0%B2%D1%81%D0%BA%D0%B0%D1%8F "HTTP/1.1 200 OK"
HTTP Request: GET https://www.instagram.com/web/search/topsearch/?query=%D0%A1%D0%B1%D0%B5%D1%80%D0%B1%D0%B0%D0%BD%D0%BA "HTTP/1.1 401 Unauthorized"
HTTP Request: GET https://t.me/s/%D0%A1%D0%B1%D0%B5%D1%80%D0%B1%D0%B0%D0%BD%D0%BA "HTTP/1.1 302 Found"
HTTP Request: GET https://t.me/%D0%A1%D0%B1%D0%B5%D1%80%D0%B1%D0%B0%D0%BD%D0%BA "HTTP/1.1 302 Found"
HTTP Request: GET https://telegram.org/ "HTTP/1.1 200 OK"
HTTP Request: GET https://vk.com/search?c%5Bper_page%5D=5&c%5Bq%5D=%D0%A1%D0%B1%D0%B5%D1%80%D0%B1%D0%B0%D0%BD%D0%BA&c%5Bsection%5D=communities "HTTP/1.1 200 OK"
HTTP Request: GET https://www.tiktok.com/search/user?q=%D0%A1%D0%B1%D0%B5%D1%80%D0%B1%D0%B0%D0%BD%D0%BA "HTTP/1.1 200 OK"
HTTP Request: GET https://www.instagram.com/web/search/topsearch/?query=%D0%B0%D0%B1%D0%B2%D0%B3%D0%B4-%D0%BD%D0%B5%D1%81%D1%83%D1%89%D0%B5%D1%81%D1%82%D0%B2%D1%83%D1%8E%D1%89%D0%B0%D1%8F-%D0%BA%D0%BE%D0%BC%D0%BF%D0%B0%D0%BD%D0%B8%D1%8F-12345 "HTTP/1.1 401 Unauthorized"
HTTP Request: GET https://t.me/s/%D0%B0%D0%B1%D0%B2%D0%B3%D0%B4-%D0%BD%D0%B5%D1%81%D1%83%D1%89%D0%B5%D1%81%D1%82%D0%B2%D1%83%D1%8E%D1%89%D0%B0%D1%8F-%D0%BA%D0%BE%D0%BC%D0%BF%D0%B0%D0%BD%D0%B8%D1%8F-12345 "HTTP/1.1 302 Found"
HTTP Request: GET https://t.me/%D0%B0%D0%B1%D0%B2%D0%B3%D0%B4-%D0%BD%D0%B5%D1%81%D1%83%D1%89%D0%B5%D1%81%D1%82%D0%B2%D1%83%D1%8E%D1%89%D0%B0%D1%8F-%D0%BA%D0%BE%D0%BC%D0%BF%D0%B0%D0%BD%D0%B8%D1%8F-12345 "HTTP/1.1 302 Found"
HTTP Request: GET https://telegram.org/ "HTTP/1.1 200 OK"
HTTP Request: GET https://vk.com/search?c%5Bper_page%5D=5&c%5Bq%5D=%D0%B0%D0%B1%D0%B2%D0%B3%D0%B4-%D0%BD%D0%B5%D1%81%D1%83%D1%89%D0%B5%D1%81%D1%82%D0%B2%D1%83%D1%8E%D1%89%D0%B0%D1%8F-%D0%BA%D0%BE%D0%BC%D0%BF%D0%B0%D0%BD%D0%B8%D1%8F-12345&c%5Bsection%5D=communities "HTTP/1.1 200 OK"
HTTP Request: GET https://www.tiktok.com/search/user?q=%D0%B0%D0%B1%D0%B2%D0%B3%D0%B4-%D0%BD%D0%B5%D1%81%D1%83%D1%89%D0%B5%D1%81%D1%82%D0%B2%D1%83%D1%8E%D1%89%D0%B0%D1%8F-%D0%BA%D0%BE%D0%BC%D0%BF%D0%B0%D0%BD%D0%B8%D1%8F-12345 "HTTP/1.1 200 OK"
HTTP Request: GET https://www.instagram.com/web/search/topsearch/?query=%D0%A1%D0%B1%D0%B5%D1%80%D0%B1%D0%B0%D0%BD%D0%BA "HTTP/1.1 401 Unauthorized"
HTTP Request: GET https://t.me/s/%D0%A1%D0%B1%D0%B5%D1%80%D0%B1%D0%B0%D0%BD%D0%BA "HTTP/1.1 302 Found"
HTTP Request: GET https://t.me/%D0%A1%D0%B1%D0%B5%D1%80%D0%B1%D0%B0%D0%BD%D0%BA "HTTP/1.1 302 Found"
HTTP Request: GET https://telegram.org/ "HTTP/1.1 200 OK"
HTTP Request: GET https://vk.com/search?c%5Bper_page%5D=5&c%5Bq%5D=%D0%A1%D0%B1%D0%B5%D1%80%D0%B1%D0%B0%D0%BD%D0%BA&c%5Bsection%5D=communities "HTTP/1.1 200 OK"
HTTP Request: GET https://www.tiktok.com/search/user?q=%D0%A1%D0%B1%D0%B5%D1%80%D0%B1%D0%B0%D0%BD%D0%BA "HTTP/1.1 200 OK"
Email d762815e-34df-4a05-882b-692de1885bb5 sent successfully to ivan@example.com
Email 4377b86d-a3e3-4615-b57d-0a93ef5236dc already sent
SendGrid error: 400 - Bad Request
Failed to send email: Network error
Traceback (most recent call last):
  File "/Users/mikhaileliseev/Desktop/Dev/meAI/AIM/src/aim/services/email/email_sender.py", line 120, in send_email
    response = self.client.send(message)
  File "/opt/homebrew/Cellar/python@3.14/3.14.4/Frameworks/Python.framework/Versions/3.14/lib/python3.14/unittest/mock.py", line 1176, in __call__
    return self._mock_call(*args, **kwargs)
           ~~~~~~~~~~~~~~~^^^^^^^^^^^^^^^^^
  File "/opt/homebrew/Cellar/python@3.14/3.14.4/Frameworks/Python.framework/Versions/3.14/lib/python3.14/unittest/mock.py", line 1180, in _mock_call
    return self._execute_mock_call(*args, **kwargs)
           ~~~~~~~~~~~~~~~~~~~~~~~^^^^^^^^^^^^^^^^^
  File "/opt/homebrew/Cellar/python@3.14/3.14.4/Frameworks/Python.framework/Versions/3.14/lib/python3.14/unittest/mock.py", line 1241, in _execute_mock_call
    raise effect
Exception: Network error
Email 173c2f95-fe43-483a-83e2-30f0ff9a0a79 exceeded max retries (3)
Email 1359b98f-aaf0-4df2-af21-8aa509b7336d sent successfully to test0@example.com
Email 7d0ee7aa-ae44-44de-8b58-27dfb53f28c3 sent successfully to test1@example.com
Email d37bfed7-0b08-4eb3-b4dc-370ef3bd934f sent successfully to test2@example.com
Batch send complete: 3 sent, 0 failed
Test email sent to test@example.com
API key validation failed: Invalid API key
Webhook secret not configured, skipping verification
Processed 1 events, 0 failed, 0 skipped
Processed 1 events, 0 failed, 0 skipped
Processed 1 events, 0 failed, 0 skipped
Processed 1 events, 0 failed, 0 skipped
Processed 1 events, 0 failed, 0 skipped
Processed 1 events, 0 failed, 0 skipped
Processed 3 events, 0 failed, 0 skipped
Event missing email_id: {'event': 'delivered', 'email': 'test@example.com', 'timestamp': 1234567890}
Processed 0 events, 0 failed, 1 skipped
Error processing event: Invalid email_id format: not-a-uuid
Traceback (most recent call last):
  File "/Users/mikhaileliseev/Desktop/Dev/meAI/AIM/src/aim/services/email/webhook_handler.py", line 174, in _process_single_event
    email_id = UUID(email_id_str)
  File "/opt/homebrew/Cellar/python@3.14/3.14.4/Frameworks/Python.framework/Versions/3.14/lib/python3.14/uuid.py", line 219, in __init__
    raise ValueError('badly formed hexadecimal UUID string')
ValueError: badly formed hexadecimal UUID string

During handling of the above exception, another exception occurred:

Traceback (most recent call last):
  File "/Users/mikhaileliseev/Desktop/Dev/meAI/AIM/src/aim/services/email/webhook_handler.py", line 132, in process_events
    result = await self._process_single_event(event)
             ^^^^^^^^^^^^^^^^^^^^^^^^^^^^^^^^^^^^^^^
  File "/Users/mikhaileliseev/Desktop/Dev/meAI/AIM/src/aim/services/email/webhook_handler.py", line 176, in _process_single_event
    raise ValueError(f"Invalid email_id format: {email_id_str}")
ValueError: Invalid email_id format: not-a-uuid
Processed 0 events, 1 failed, 0 skipped
Unknown event type: unknown_event
Processed 0 events, 0 failed, 1 skipped
HelcimClient initialized (STUB MODE)
STUB: Using mock Helcim client. Replace with ЮKassa in Phase 12 for production.
HelcimClient initialized (STUB MODE)
STUB: Using mock Helcim client. Replace with ЮKassa in Phase 12 for production.
STUB: Processing payment - amount=1000.0 RUB, customer=ivan@example.com
STUB: Payment successful - transaction_id=STUB-590A5275EBC74FB7
HelcimClient initialized (STUB MODE)
STUB: Using mock Helcim client. Replace with ЮKassa in Phase 12 for production.
STUB: Processing payment - amount=500.0 RUB, customer=maria@example.com
STUB: Payment successful - transaction_id=STUB-53F51DF092F7461E
HelcimClient initialized (STUB MODE)
STUB: Using mock Helcim client. Replace with ЮKassa in Phase 12 for production.
STUB: Checking payment status - transaction_id=STUB-ABC123
HelcimClient initialized (STUB MODE)
STUB: Using mock Helcim client. Replace with ЮKassa in Phase 12 for production.
STUB: Processing refund - transaction_id=STUB-ABC123, amount=1000.0, reason=Customer request
STUB: Refund successful - refund_id=REFUND-6BA908DC4E274A1A
HelcimClient initialized (STUB MODE)
STUB: Using mock Helcim client. Replace with ЮKassa in Phase 12 for production.
STUB: Processing refund - transaction_id=STUB-ABC123, amount=500.0, reason=Partial refund
STUB: Refund successful - refund_id=REFUND-F7F169697CA94478
HelcimClient initialized (STUB MODE)
STUB: Using mock Helcim client. Replace with ЮKassa in Phase 12 for production.
HelcimClient initialized (STUB MODE)
STUB: Using mock Helcim client. Replace with ЮKassa in Phase 12 for production.
HelcimClient initialized (STUB MODE)
STUB: Using mock Helcim client. Replace with ЮKassa in Phase 12 for production.
HelcimClient initialized (STUB MODE)
STUB: Using mock Helcim client. Replace with ЮKassa in Phase 12 for production.
HelcimClient initialized (STUB MODE)
STUB: Using mock Helcim client. Replace with ЮKassa in Phase 12 for production.
STUB: Closing HelcimClient (no-op)
Creating payment - id=pay_20260530121314_c1a357, amount=1000.0 RUB
Payment created - id=pay_20260530121314_c1a357, yookassa_id=yk_abc123def456, status=pending
Creating payment - id=pay_20260530121314_250d2a, amount=500.0 RUB
Payment created - id=pay_20260530121314_250d2a, yookassa_id=yk_abc123def456, status=pending
Creating payment - id=pay_20260530121314_85357f, amount=750.0 RUB
Payment created - id=pay_20260530121314_85357f, yookassa_id=yk_abc123def456, status=pending
Creating payment - id=pay_20260530121314_a1e415, amount=1000.0 RUB
Payment created - id=pay_20260530121314_a1e415, yookassa_id=yk_abc123def456, status=pending
Getting payment status - id=pay_20260530121314_a1e415
Getting payment status - id=pay_nonexistent
Processing refund - payment_id=pay_test_full, amount=None
Refund processed - payment_id=pay_test_full, amount=1000.0
Processing refund - payment_id=pay_test_partial, amount=500.0
Refund processed - payment_id=pay_test_partial, amount=500.0
Processing refund - payment_id=pay_nonexistent, amount=None
Processing refund - payment_id=pay_failed, amount=None
Processing refund - payment_id=pay_exceed_test, amount=2000.0
Creating payment - id=pay_20260530121314_731ff6, amount=1000.0 RUB
Payment created - id=pay_20260530121314_731ff6, yookassa_id=yk_abc123def456, status=pending
Creating payment - id=pay_20260530121314_1d057a, amount=1000.0 RUB
Payment created - id=pay_20260530121314_1d057a, yookassa_id=yk_abc123def456, status=pending
ApifyKeyPool loaded: 1 total, 1 active, 0 exhausted
ApifyKeyPool loaded: 3 total, 3 active, 0 exhausted
Apify key exhausted: test-1 (remaining active: 2)
Rotated Apify key (active: 2)
ApifyKeyPool loaded: 1 total, 1 active, 0 exhausted
Apify key exhausted: test-1 (remaining active: 0)
ApifyKeyPool dry — no active keys left
ApifyKeyPool loaded: 4 total, 4 active, 0 exhausted
Apify key exhausted: test-1 (remaining active: 3)
Rotated Apify key (active: 3)
Apify key exhausted: test-2 (remaining active: 2)
Rotated Apify key (active: 2)
Apify key exhausted: test-3 (remaining active: 1)
Rotated Apify key (active: 1)
ApifyKeyPool loaded: 3 total, 3 active, 0 exhausted
ApifyKeyPool loaded: 1 total, 1 active, 0 exhausted
ApifyKeyPool loaded: 2 total, 2 active, 0 exhausted
Apify key exhausted:  (remaining active: 1)
ApifyKeyPool loaded: 1 total, 1 active, 0 exhausted
Apify key exhausted:  (remaining active: 0)
ApifyKeyPool loaded: 2 total, 2 active, 0 exhausted
Apify key exhausted:  (remaining active: 1)
ApifyKeyPool loaded: 2 total, 1 active, 1 exhausted
ApifyKeyPool loaded: 1 total, 1 active, 0 exhausted
Apify key exhausted:  (remaining active: 0)
Auto-recovered 1 keys (>= 31 days)
ApifyKeyPool loaded: 2 total, 2 active, 0 exhausted
ApifyKeyPool loaded: 2 total, 1 active, 1 exhausted
Auto-recovered 1 keys (>= 31 days)
ApifyKeyPool loaded: 2 total, 2 active, 0 exhausted
Auto-recovered 2 keys (>= 31 days)
ApifyKeyPool loaded: 3 total, 3 active, 0 exhausted
ApifyKeyPool loaded: 3 total, 3 active, 0 exhausted
ApifyKeyPool loaded: 4 total, 4 active, 0 exhausted
Apify key exhausted:  (remaining active: 3)
Apify key exhausted:  (remaining active: 2)
ApifyKeyPool loaded: 4 total, 4 active, 0 exhausted
Apify key exhausted:  (remaining active: 3)
Apify key exhausted:  (remaining active: 2)
Auto-recovered 1 keys (>= 31 days)
ApifyKeyPool loaded: 3 total, 2 active, 1 exhausted
ApifyKeyPool loaded: 1 total, 1 active, 0 exhausted
Tesseract OCR initialized with language: rus
Tesseract OCR initialized with language: rus
Extracting text from image: /private/var/folders/d1/n83044s92438fyt4y4d1vql40000gn/T/pytest-of-mikhaileliseev/pytest-58/test_ocr_extract_text_from_ima0/test.png
Extracted 263 characters from /private/var/folders/d1/n83044s92438fyt4y4d1vql40000gn/T/pytest-of-mikhaileliseev/pytest-58/test_ocr_extract_text_from_ima0/test.png
Tesseract OCR initialized with language: rus
Extracting text from PDF: /private/var/folders/d1/n83044s92438fyt4y4d1vql40000gn/T/pytest-of-mikhaileliseev/pytest-58/test_ocr_extract_text_from_pdf0/test.pdf
Converted PDF to 1 images
Extracted 263 characters from 1 pages
Tesseract OCR initialized with language: rus
Extracting text from image: /nonexistent/file.png
Extracting data from license document
Extracted data with confidence 0.95: 12 fields
Extracting data from unknown document
Extracting data from license document
Failed to parse AI response: Expecting value: line 1 column 1 (char 0)
Validating license document data
Validation complete: valid=True, errors=0, warnings=0
Validating license document data
Validation complete: valid=False, errors=1, warnings=0
Validating license document data
Validation complete: valid=False, errors=1, warnings=0
Validating license document data
Validation complete: valid=True, errors=0, warnings=1
Processing document doc_20260517_abc123 (license)
OCR extracted 311 characters
AI extracted data with confidence 0.85
Validation: valid=True, errors=0, warnings=0
Document doc_20260517_abc123 processed successfully: status=valid
Processing document doc_20260517_abc123 (license)
Document processing failed: File not found: /nonexistent/file.pdf
Processing document doc_20260517_abc123 (license)
Document processing failed: OCR failed
Reprocessing document doc_20260517_abc123
Processing document doc_20260517_abc123 (license)
OCR extracted 311 characters
AI extracted data with confidence 0.85
Validation: valid=True, errors=0, warnings=0
Document doc_20260517_abc123 processed successfully: status=valid
Email sent to client@example.com: status=202, message_id=test-message-id-123
Failed to send email to client@example.com: SendGrid API error
Email sent to client@example.com: status=202, message_id=test-id
Email sent to client1@example.com: status=202, message_id=test-id
Email sent to client2@example.com: status=202, message_id=test-id
Email sent to client3@example.com: status=202, message_id=test-id
Bulk send completed: 3/3 successful
Email sent to client1@example.com: status=202, message_id=test-id-1
Failed to send email to client2@example.com: SendGrid error
Email sent to client3@example.com: status=202, message_id=test-id-3
Bulk send completed: 2/3 successful
Test email sent to test@example.com: status=202
Email sent to client@example.com: status=202, message_id=test-id
fz152_audit
Starting onboarding for lead lead_123
Onboarding started: onb_20260530121315_61649a
Starting onboarding for lead lead_999
Starting onboarding for lead lead_123
Uploading document for onboarding onb_20260517014000_abc123: license
Document uploaded: doc_123, progress: <MagicMock name='mock.execute().scalar_one_or_none().calculate_progress()' id='6267188432'>%
Uploading document for onboarding onb_999: license
Uploading document for onboarding onb_20260517014000_abc123: license
Validating documents for onboarding onb_20260517014000_abc123
State transition: OnboardingState.DOCUMENTS_PENDING -> OnboardingState.DOCUMENTS_UPLOADED (event: OnboardingEvent.VALIDATE_DOCUMENTS)
State transition: OnboardingState.DOCUMENTS_UPLOADED -> OnboardingState.DOCUMENTS_VALIDATED (event: OnboardingEvent.VALIDATE_DOCUMENTS)
Documents validated successfully
Validating documents for onboarding onb_20260517014000_abc123
Validating documents for onboarding onb_20260517014000_abc123
Document <MagicMock name='mock.id' id='5770677616'> not valid: invalid
State transition: OnboardingState.DOCUMENTS_PENDING -> OnboardingState.ONBOARDING_FAILED (event: OnboardingEvent.FAIL)
Document validation failed
Processing payment for onboarding onb_20260517014000_abc123
State transition: OnboardingState.DOCUMENTS_VALIDATED -> OnboardingState.PAYMENT_PENDING (event: OnboardingEvent.REQUEST_PAYMENT)
State transition: OnboardingState.PAYMENT_PENDING -> OnboardingState.PAYMENT_PROCESSING (event: OnboardingEvent.PROCESS_PAYMENT)
State transition: OnboardingState.PAYMENT_PROCESSING -> OnboardingState.PAYMENT_COMPLETED (event: OnboardingEvent.COMPLETE_PAYMENT)
Payment completed: pay_123
Processing payment for onboarding onb_20260517014000_abc123
Completing onboarding onb_20260517014000_abc123
State transition: OnboardingState.PAYMENT_COMPLETED -> OnboardingState.ONBOARDING_COMPLETE (event: OnboardingEvent.COMPLETE_ONBOARDING)
Onboarding completed: onb_20260517014000_abc123
Completing onboarding onb_20260517014000_abc123
Retrying step documents_validation for onboarding onb_20260517014000_abc123
State transition: OnboardingState.ONBOARDING_FAILED -> OnboardingState.DOCUMENTS_PENDING (event: OnboardingEvent.RETRY)
Retry initiated: new state DOCUMENTS_PENDING
Retrying step payment_processing for onboarding onb_20260517014000_abc123
State transition: OnboardingState.ONBOARDING_FAILED -> OnboardingState.DOCUMENTS_PENDING (event: OnboardingEvent.RETRY)
Retry initiated: new state DOCUMENTS_VALIDATED
Retrying step documents_validation for onboarding onb_20260517014000_abc123
Scheduler started
Report scheduler started
Report scheduler shutdown
Scheduler has been shut down
Scheduler started
Report scheduler started
Added job "Weekly report for proj-123" to job store "default"
Scheduled weekly report for proj-123: day_of_week=0, hour=9, minute=0
Report scheduler shutdown
Scheduler has been shut down
Scheduler started
Report scheduler started
Added job "Monthly report for proj-456" to job store "default"
Scheduled monthly report for proj-456: day=1, hour=9, minute=0
Report scheduler shutdown
Scheduler has been shut down
Scheduler started
Report scheduler started
Added job "Weekly report for proj-789" to job store "default"
Scheduled weekly report for proj-789: day_of_week=0, hour=9, minute=0
Removed job weekly_proj-789
Removed weekly schedule for proj-789
Report scheduler shutdown
Scheduler has been shut down
Scheduler started
Report scheduler started
Added job "Weekly report for proj-pause" to job store "default"
Scheduled weekly report for proj-pause: day_of_week=0, hour=9, minute=0
Paused weekly schedule for proj-pause
Resumed weekly schedule for proj-pause
Report scheduler shutdown
Scheduler has been shut down
Scheduler started
Report scheduler started
Added job "Weekly report for proj-1" to job store "default"
Scheduled weekly report for proj-1: day_of_week=0, hour=9, minute=0
Added job "Weekly report for proj-2" to job store "default"
Scheduled weekly report for proj-2: day_of_week=1, hour=10, minute=0
Added job "Monthly report for proj-3" to job store "default"
Scheduled monthly report for proj-3: day=1, hour=9, minute=0
Report scheduler shutdown
Scheduler has been shut down
Scheduler started
Report scheduler started
Added job "Weekly report for proj-get" to job store "default"
Scheduled weekly report for proj-get: day_of_week=0, hour=9, minute=0
Report scheduler shutdown
Scheduler has been shut down
Scheduler started
Report scheduler started
Report scheduler shutdown
Scheduler has been shut down
Scheduler started
Report scheduler started
Manually triggered weekly report for proj-trigger
Report scheduler shutdown
Scheduler has been shut down
Scheduler started
Report scheduler started
Added job "Weekly report for proj-replace" to job store "default"
Scheduled weekly report for proj-replace: day_of_week=0, hour=9, minute=0
Added job "Weekly report for proj-replace" to job store "default"
Scheduled weekly report for proj-replace: day_of_week=1, hour=10, minute=0
Report scheduler shutdown
Scheduler has been shut down
Scheduler started
Report scheduler started
Added job "Weekly report for proj-0" to job store "default"
Scheduled weekly report for proj-0: day_of_week=0, hour=9, minute=0
Added job "Monthly report for proj-0" to job store "default"
Scheduled monthly report for proj-0: day=1, hour=9, minute=0
Added job "Weekly report for proj-1" to job store "default"
Scheduled weekly report for proj-1: day_of_week=1, hour=9, minute=0
Added job "Monthly report for proj-1" to job store "default"
Scheduled monthly report for proj-1: day=2, hour=9, minute=0
Added job "Weekly report for proj-2" to job store "default"
Scheduled weekly report for proj-2: day_of_week=2, hour=9, minute=0
Added job "Monthly report for proj-2" to job store "default"
Scheduled monthly report for proj-2: day=3, hour=9, minute=0
Added job "Weekly report for proj-3" to job store "default"
Scheduled weekly report for proj-3: day_of_week=3, hour=9, minute=0
Added job "Monthly report for proj-3" to job store "default"
Scheduled monthly report for proj-3: day=4, hour=9, minute=0
Added job "Weekly report for proj-4" to job store "default"
Scheduled weekly report for proj-4: day_of_week=4, hour=9, minute=0
Added job "Monthly report for proj-4" to job store "default"
Scheduled monthly report for proj-4: day=5, hour=9, minute=0
Report scheduler shutdown
Scheduler has been shut down
HTTP Request: HEAD https://huggingface.co/sentence-transformers/all-MiniLM-L6-v2/resolve/main/modules.json "HTTP/1.1 307 Temporary Redirect"
HTTP Request: HEAD https://huggingface.co/api/resolve-cache/models/sentence-transformers/all-MiniLM-L6-v2/c9745ed1d9f207416be6d2e6f8de32d1f16199bf/modules.json "HTTP/1.1 200 OK"
HTTP Request: HEAD https://huggingface.co/sentence-transformers/all-MiniLM-L6-v2/resolve/main/config_sentence_transformers.json "HTTP/1.1 307 Temporary Redirect"
HTTP Request: HEAD https://huggingface.co/api/resolve-cache/models/sentence-transformers/all-MiniLM-L6-v2/c9745ed1d9f207416be6d2e6f8de32d1f16199bf/config_sentence_transformers.json "HTTP/1.1 200 OK"
Loading SentenceTransformer model from sentence-transformers/all-MiniLM-L6-v2.
HTTP Request: HEAD https://huggingface.co/sentence-transformers/all-MiniLM-L6-v2/resolve/main/config_sentence_transformers.json "HTTP/1.1 307 Temporary Redirect"
Warning: You are sending unauthenticated requests to the HF Hub. Please set a HF_TOKEN to enable higher rate limits and faster downloads.
HTTP Request: HEAD https://huggingface.co/api/resolve-cache/models/sentence-transformers/all-MiniLM-L6-v2/c9745ed1d9f207416be6d2e6f8de32d1f16199bf/config_sentence_transformers.json "HTTP/1.1 200 OK"
HTTP Request: HEAD https://huggingface.co/sentence-transformers/all-MiniLM-L6-v2/resolve/main/README.md "HTTP/1.1 307 Temporary Redirect"
HTTP Request: HEAD https://huggingface.co/api/resolve-cache/models/sentence-transformers/all-MiniLM-L6-v2/c9745ed1d9f207416be6d2e6f8de32d1f16199bf/README.md "HTTP/1.1 200 OK"
HTTP Request: HEAD https://huggingface.co/sentence-transformers/all-MiniLM-L6-v2/resolve/main/modules.json "HTTP/1.1 307 Temporary Redirect"
HTTP Request: HEAD https://huggingface.co/api/resolve-cache/models/sentence-transformers/all-MiniLM-L6-v2/c9745ed1d9f207416be6d2e6f8de32d1f16199bf/modules.json "HTTP/1.1 200 OK"
HTTP Request: HEAD https://huggingface.co/sentence-transformers/all-MiniLM-L6-v2/resolve/main/sentence_bert_config.json "HTTP/1.1 307 Temporary Redirect"
HTTP Request: HEAD https://huggingface.co/api/resolve-cache/models/sentence-transformers/all-MiniLM-L6-v2/c9745ed1d9f207416be6d2e6f8de32d1f16199bf/sentence_bert_config.json "HTTP/1.1 200 OK"
HTTP Request: HEAD https://huggingface.co/sentence-transformers/all-MiniLM-L6-v2/resolve/main/adapter_config.json "HTTP/1.1 404 Not Found"
HTTP Request: HEAD https://huggingface.co/sentence-transformers/all-MiniLM-L6-v2/resolve/main/config.json "HTTP/1.1 307 Temporary Redirect"
HTTP Request: HEAD https://huggingface.co/api/resolve-cache/models/sentence-transformers/all-MiniLM-L6-v2/c9745ed1d9f207416be6d2e6f8de32d1f16199bf/config.json "HTTP/1.1 200 OK"
HTTP Request: HEAD https://huggingface.co/sentence-transformers/all-MiniLM-L6-v2/resolve/main/processor_config.json "HTTP/1.1 404 Not Found"
HTTP Request: HEAD https://huggingface.co/sentence-transformers/all-MiniLM-L6-v2/resolve/main/preprocessor_config.json "HTTP/1.1 404 Not Found"
HTTP Request: HEAD https://huggingface.co/sentence-transformers/all-MiniLM-L6-v2/resolve/main/video_preprocessor_config.json "HTTP/1.1 404 Not Found"
HTTP Request: HEAD https://huggingface.co/sentence-transformers/all-MiniLM-L6-v2/resolve/main/preprocessor_config.json "HTTP/1.1 404 Not Found"
HTTP Request: HEAD https://huggingface.co/sentence-transformers/all-MiniLM-L6-v2/resolve/main/tokenizer_config.json "HTTP/1.1 307 Temporary Redirect"
HTTP Request: HEAD https://huggingface.co/api/resolve-cache/models/sentence-transformers/all-MiniLM-L6-v2/c9745ed1d9f207416be6d2e6f8de32d1f16199bf/tokenizer_config.json "HTTP/1.1 200 OK"
HTTP Request: HEAD https://huggingface.co/sentence-transformers/all-MiniLM-L6-v2/resolve/main/config.json "HTTP/1.1 307 Temporary Redirect"
HTTP Request: HEAD https://huggingface.co/api/resolve-cache/models/sentence-transformers/all-MiniLM-L6-v2/c9745ed1d9f207416be6d2e6f8de32d1f16199bf/config.json "HTTP/1.1 200 OK"
HTTP Request: HEAD https://huggingface.co/sentence-transformers/all-MiniLM-L6-v2/resolve/main/config.json "HTTP/1.1 307 Temporary Redirect"
HTTP Request: HEAD https://huggingface.co/api/resolve-cache/models/sentence-transformers/all-MiniLM-L6-v2/c9745ed1d9f207416be6d2e6f8de32d1f16199bf/config.json "HTTP/1.1 200 OK"
HTTP Request: HEAD https://huggingface.co/sentence-transformers/all-MiniLM-L6-v2/resolve/main/tokenizer_config.json "HTTP/1.1 307 Temporary Redirect"
HTTP Request: HEAD https://huggingface.co/api/resolve-cache/models/sentence-transformers/all-MiniLM-L6-v2/c9745ed1d9f207416be6d2e6f8de32d1f16199bf/tokenizer_config.json "HTTP/1.1 200 OK"
HTTP Request: GET https://huggingface.co/api/models/sentence-transformers/all-MiniLM-L6-v2/tree/main/additional_chat_templates?recursive=false&expand=false "HTTP/1.1 404 Not Found"
HTTP Request: GET https://huggingface.co/api/models/sentence-transformers/all-MiniLM-L6-v2/tree/main?recursive=true&expand=false "HTTP/1.1 200 OK"
HTTP Request: HEAD https://huggingface.co/sentence-transformers/all-MiniLM-L6-v2/resolve/main/1_Pooling/config.json "HTTP/1.1 307 Temporary Redirect"
HTTP Request: HEAD https://huggingface.co/api/resolve-cache/models/sentence-transformers/all-MiniLM-L6-v2/c9745ed1d9f207416be6d2e6f8de32d1f16199bf/1_Pooling%2Fconfig.json "HTTP/1.1 200 OK"
HTTP Request: GET https://huggingface.co/api/models/sentence-transformers/all-MiniLM-L6-v2 "HTTP/1.1 200 OK"
HTTP Request: HEAD https://huggingface.co/sentence-transformers/all-MiniLM-L6-v2/resolve/main/modules.json "HTTP/1.1 307 Temporary Redirect"
HTTP Request: HEAD https://huggingface.co/api/resolve-cache/models/sentence-transformers/all-MiniLM-L6-v2/c9745ed1d9f207416be6d2e6f8de32d1f16199bf/modules.json "HTTP/1.1 200 OK"
HTTP Request: HEAD https://huggingface.co/sentence-transformers/all-MiniLM-L6-v2/resolve/main/config_sentence_transformers.json "HTTP/1.1 307 Temporary Redirect"
HTTP Request: HEAD https://huggingface.co/api/resolve-cache/models/sentence-transformers/all-MiniLM-L6-v2/c9745ed1d9f207416be6d2e6f8de32d1f16199bf/config_sentence_transformers.json "HTTP/1.1 200 OK"
Loading SentenceTransformer model from sentence-transformers/all-MiniLM-L6-v2.
HTTP Request: HEAD https://huggingface.co/sentence-transformers/all-MiniLM-L6-v2/resolve/main/config_sentence_transformers.json "HTTP/1.1 307 Temporary Redirect"
HTTP Request: HEAD https://huggingface.co/api/resolve-cache/models/sentence-transformers/all-MiniLM-L6-v2/c9745ed1d9f207416be6d2e6f8de32d1f16199bf/config_sentence_transformers.json "HTTP/1.1 200 OK"
HTTP Request: HEAD https://huggingface.co/sentence-transformers/all-MiniLM-L6-v2/resolve/main/README.md "HTTP/1.1 307 Temporary Redirect"
HTTP Request: HEAD https://huggingface.co/api/resolve-cache/models/sentence-transformers/all-MiniLM-L6-v2/c9745ed1d9f207416be6d2e6f8de32d1f16199bf/README.md "HTTP/1.1 200 OK"
HTTP Request: HEAD https://huggingface.co/sentence-transformers/all-MiniLM-L6-v2/resolve/main/modules.json "HTTP/1.1 307 Temporary Redirect"
HTTP Request: HEAD https://huggingface.co/api/resolve-cache/models/sentence-transformers/all-MiniLM-L6-v2/c9745ed1d9f207416be6d2e6f8de32d1f16199bf/modules.json "HTTP/1.1 200 OK"
HTTP Request: HEAD https://huggingface.co/sentence-transformers/all-MiniLM-L6-v2/resolve/main/sentence_bert_config.json "HTTP/1.1 307 Temporary Redirect"
HTTP Request: HEAD https://huggingface.co/api/resolve-cache/models/sentence-transformers/all-MiniLM-L6-v2/c9745ed1d9f207416be6d2e6f8de32d1f16199bf/sentence_bert_config.json "HTTP/1.1 200 OK"
HTTP Request: HEAD https://huggingface.co/sentence-transformers/all-MiniLM-L6-v2/resolve/main/adapter_config.json "HTTP/1.1 404 Not Found"
HTTP Request: HEAD https://huggingface.co/sentence-transformers/all-MiniLM-L6-v2/resolve/main/config.json "HTTP/1.1 307 Temporary Redirect"
HTTP Request: HEAD https://huggingface.co/api/resolve-cache/models/sentence-transformers/all-MiniLM-L6-v2/c9745ed1d9f207416be6d2e6f8de32d1f16199bf/config.json "HTTP/1.1 200 OK"
HTTP Request: HEAD https://huggingface.co/sentence-transformers/all-MiniLM-L6-v2/resolve/main/processor_config.json "HTTP/1.1 404 Not Found"
HTTP Request: HEAD https://huggingface.co/sentence-transformers/all-MiniLM-L6-v2/resolve/main/preprocessor_config.json "HTTP/1.1 404 Not Found"
HTTP Request: HEAD https://huggingface.co/sentence-transformers/all-MiniLM-L6-v2/resolve/main/video_preprocessor_config.json "HTTP/1.1 404 Not Found"
HTTP Request: HEAD https://huggingface.co/sentence-transformers/all-MiniLM-L6-v2/resolve/main/preprocessor_config.json "HTTP/1.1 404 Not Found"
HTTP Request: HEAD https://huggingface.co/sentence-transformers/all-MiniLM-L6-v2/resolve/main/tokenizer_config.json "HTTP/1.1 307 Temporary Redirect"
HTTP Request: HEAD https://huggingface.co/api/resolve-cache/models/sentence-transformers/all-MiniLM-L6-v2/c9745ed1d9f207416be6d2e6f8de32d1f16199bf/tokenizer_config.json "HTTP/1.1 200 OK"
HTTP Request: HEAD https://huggingface.co/sentence-transformers/all-MiniLM-L6-v2/resolve/main/config.json "HTTP/1.1 307 Temporary Redirect"
HTTP Request: HEAD https://huggingface.co/api/resolve-cache/models/sentence-transformers/all-MiniLM-L6-v2/c9745ed1d9f207416be6d2e6f8de32d1f16199bf/config.json "HTTP/1.1 200 OK"
HTTP Request: HEAD https://huggingface.co/sentence-transformers/all-MiniLM-L6-v2/resolve/main/config.json "HTTP/1.1 307 Temporary Redirect"
HTTP Request: HEAD https://huggingface.co/api/resolve-cache/models/sentence-transformers/all-MiniLM-L6-v2/c9745ed1d9f207416be6d2e6f8de32d1f16199bf/config.json "HTTP/1.1 200 OK"
HTTP Request: HEAD https://huggingface.co/sentence-transformers/all-MiniLM-L6-v2/resolve/main/tokenizer_config.json "HTTP/1.1 307 Temporary Redirect"
HTTP Request: HEAD https://huggingface.co/api/resolve-cache/models/sentence-transformers/all-MiniLM-L6-v2/c9745ed1d9f207416be6d2e6f8de32d1f16199bf/tokenizer_config.json "HTTP/1.1 200 OK"
HTTP Request: GET https://huggingface.co/api/models/sentence-transformers/all-MiniLM-L6-v2/tree/main/additional_chat_templates?recursive=false&expand=false "HTTP/1.1 404 Not Found"
HTTP Request: GET https://huggingface.co/api/models/sentence-transformers/all-MiniLM-L6-v2/tree/main?recursive=true&expand=false "HTTP/1.1 200 OK"
HTTP Request: HEAD https://huggingface.co/sentence-transformers/all-MiniLM-L6-v2/resolve/main/1_Pooling/config.json "HTTP/1.1 307 Temporary Redirect"
HTTP Request: HEAD https://huggingface.co/api/resolve-cache/models/sentence-transformers/all-MiniLM-L6-v2/c9745ed1d9f207416be6d2e6f8de32d1f16199bf/1_Pooling%2Fconfig.json "HTTP/1.1 200 OK"
HTTP Request: GET https://huggingface.co/api/models/sentence-transformers/all-MiniLM-L6-v2 "HTTP/1.1 200 OK"
HTTP Request: HEAD https://huggingface.co/sentence-transformers/all-MiniLM-L6-v2/resolve/main/modules.json "HTTP/1.1 307 Temporary Redirect"
HTTP Request: HEAD https://huggingface.co/api/resolve-cache/models/sentence-transformers/all-MiniLM-L6-v2/c9745ed1d9f207416be6d2e6f8de32d1f16199bf/modules.json "HTTP/1.1 200 OK"
HTTP Request: HEAD https://huggingface.co/sentence-transformers/all-MiniLM-L6-v2/resolve/main/config_sentence_transformers.json "HTTP/1.1 307 Temporary Redirect"
HTTP Request: HEAD https://huggingface.co/api/resolve-cache/models/sentence-transformers/all-MiniLM-L6-v2/c9745ed1d9f207416be6d2e6f8de32d1f16199bf/config_sentence_transformers.json "HTTP/1.1 200 OK"
Loading SentenceTransformer model from sentence-transformers/all-MiniLM-L6-v2.
HTTP Request: HEAD https://huggingface.co/sentence-transformers/all-MiniLM-L6-v2/resolve/main/config_sentence_transformers.json "HTTP/1.1 307 Temporary Redirect"
HTTP Request: HEAD https://huggingface.co/api/resolve-cache/models/sentence-transformers/all-MiniLM-L6-v2/c9745ed1d9f207416be6d2e6f8de32d1f16199bf/config_sentence_transformers.json "HTTP/1.1 200 OK"
HTTP Request: HEAD https://huggingface.co/sentence-transformers/all-MiniLM-L6-v2/resolve/main/README.md "HTTP/1.1 307 Temporary Redirect"
HTTP Request: HEAD https://huggingface.co/api/resolve-cache/models/sentence-transformers/all-MiniLM-L6-v2/c9745ed1d9f207416be6d2e6f8de32d1f16199bf/README.md "HTTP/1.1 200 OK"
HTTP Request: HEAD https://huggingface.co/sentence-transformers/all-MiniLM-L6-v2/resolve/main/modules.json "HTTP/1.1 307 Temporary Redirect"
HTTP Request: HEAD https://huggingface.co/api/resolve-cache/models/sentence-transformers/all-MiniLM-L6-v2/c9745ed1d9f207416be6d2e6f8de32d1f16199bf/modules.json "HTTP/1.1 200 OK"
HTTP Request: HEAD https://huggingface.co/sentence-transformers/all-MiniLM-L6-v2/resolve/main/sentence_bert_config.json "HTTP/1.1 307 Temporary Redirect"
HTTP Request: HEAD https://huggingface.co/api/resolve-cache/models/sentence-transformers/all-MiniLM-L6-v2/c9745ed1d9f207416be6d2e6f8de32d1f16199bf/sentence_bert_config.json "HTTP/1.1 200 OK"
HTTP Request: HEAD https://huggingface.co/sentence-transformers/all-MiniLM-L6-v2/resolve/main/adapter_config.json "HTTP/1.1 404 Not Found"
HTTP Request: HEAD https://huggingface.co/sentence-transformers/all-MiniLM-L6-v2/resolve/main/config.json "HTTP/1.1 307 Temporary Redirect"
HTTP Request: HEAD https://huggingface.co/api/resolve-cache/models/sentence-transformers/all-MiniLM-L6-v2/c9745ed1d9f207416be6d2e6f8de32d1f16199bf/config.json "HTTP/1.1 200 OK"
HTTP Request: HEAD https://huggingface.co/sentence-transformers/all-MiniLM-L6-v2/resolve/main/processor_config.json "HTTP/1.1 404 Not Found"
HTTP Request: HEAD https://huggingface.co/sentence-transformers/all-MiniLM-L6-v2/resolve/main/preprocessor_config.json "HTTP/1.1 404 Not Found"
HTTP Request: HEAD https://huggingface.co/sentence-transformers/all-MiniLM-L6-v2/resolve/main/video_preprocessor_config.json "HTTP/1.1 404 Not Found"
HTTP Request: HEAD https://huggingface.co/sentence-transformers/all-MiniLM-L6-v2/resolve/main/preprocessor_config.json "HTTP/1.1 404 Not Found"
HTTP Request: HEAD https://huggingface.co/sentence-transformers/all-MiniLM-L6-v2/resolve/main/tokenizer_config.json "HTTP/1.1 307 Temporary Redirect"
HTTP Request: HEAD https://huggingface.co/api/resolve-cache/models/sentence-transformers/all-MiniLM-L6-v2/c9745ed1d9f207416be6d2e6f8de32d1f16199bf/tokenizer_config.json "HTTP/1.1 200 OK"
HTTP Request: HEAD https://huggingface.co/sentence-transformers/all-MiniLM-L6-v2/resolve/main/config.json "HTTP/1.1 307 Temporary Redirect"
HTTP Request: HEAD https://huggingface.co/api/resolve-cache/models/sentence-transformers/all-MiniLM-L6-v2/c9745ed1d9f207416be6d2e6f8de32d1f16199bf/config.json "HTTP/1.1 200 OK"
HTTP Request: HEAD https://huggingface.co/sentence-transformers/all-MiniLM-L6-v2/resolve/main/config.json "HTTP/1.1 307 Temporary Redirect"
HTTP Request: HEAD https://huggingface.co/api/resolve-cache/models/sentence-transformers/all-MiniLM-L6-v2/c9745ed1d9f207416be6d2e6f8de32d1f16199bf/config.json "HTTP/1.1 200 OK"
HTTP Request: HEAD https://huggingface.co/sentence-transformers/all-MiniLM-L6-v2/resolve/main/tokenizer_config.json "HTTP/1.1 307 Temporary Redirect"
HTTP Request: HEAD https://huggingface.co/api/resolve-cache/models/sentence-transformers/all-MiniLM-L6-v2/c9745ed1d9f207416be6d2e6f8de32d1f16199bf/tokenizer_config.json "HTTP/1.1 200 OK"
HTTP Request: GET https://huggingface.co/api/models/sentence-transformers/all-MiniLM-L6-v2/tree/main/additional_chat_templates?recursive=false&expand=false "HTTP/1.1 404 Not Found"
HTTP Request: GET https://huggingface.co/api/models/sentence-transformers/all-MiniLM-L6-v2/tree/main?recursive=true&expand=false "HTTP/1.1 200 OK"
HTTP Request: HEAD https://huggingface.co/sentence-transformers/all-MiniLM-L6-v2/resolve/main/1_Pooling/config.json "HTTP/1.1 307 Temporary Redirect"
HTTP Request: HEAD https://huggingface.co/api/resolve-cache/models/sentence-transformers/all-MiniLM-L6-v2/c9745ed1d9f207416be6d2e6f8de32d1f16199bf/1_Pooling%2Fconfig.json "HTTP/1.1 200 OK"
HTTP Request: GET https://huggingface.co/api/models/sentence-transformers/all-MiniLM-L6-v2 "HTTP/1.1 200 OK"
HTTP Request: HEAD https://huggingface.co/sentence-transformers/all-MiniLM-L6-v2/resolve/main/modules.json "HTTP/1.1 307 Temporary Redirect"
HTTP Request: HEAD https://huggingface.co/api/resolve-cache/models/sentence-transformers/all-MiniLM-L6-v2/c9745ed1d9f207416be6d2e6f8de32d1f16199bf/modules.json "HTTP/1.1 200 OK"
HTTP Request: HEAD https://huggingface.co/sentence-transformers/all-MiniLM-L6-v2/resolve/main/config_sentence_transformers.json "HTTP/1.1 307 Temporary Redirect"
HTTP Request: HEAD https://huggingface.co/api/resolve-cache/models/sentence-transformers/all-MiniLM-L6-v2/c9745ed1d9f207416be6d2e6f8de32d1f16199bf/config_sentence_transformers.json "HTTP/1.1 200 OK"
Loading SentenceTransformer model from sentence-transformers/all-MiniLM-L6-v2.
HTTP Request: HEAD https://huggingface.co/sentence-transformers/all-MiniLM-L6-v2/resolve/main/config_sentence_transformers.json "HTTP/1.1 307 Temporary Redirect"
HTTP Request: HEAD https://huggingface.co/api/resolve-cache/models/sentence-transformers/all-MiniLM-L6-v2/c9745ed1d9f207416be6d2e6f8de32d1f16199bf/config_sentence_transformers.json "HTTP/1.1 200 OK"
HTTP Request: HEAD https://huggingface.co/sentence-transformers/all-MiniLM-L6-v2/resolve/main/README.md "HTTP/1.1 307 Temporary Redirect"
HTTP Request: HEAD https://huggingface.co/api/resolve-cache/models/sentence-transformers/all-MiniLM-L6-v2/c9745ed1d9f207416be6d2e6f8de32d1f16199bf/README.md "HTTP/1.1 200 OK"
HTTP Request: HEAD https://huggingface.co/sentence-transformers/all-MiniLM-L6-v2/resolve/main/modules.json "HTTP/1.1 307 Temporary Redirect"
HTTP Request: HEAD https://huggingface.co/api/resolve-cache/models/sentence-transformers/all-MiniLM-L6-v2/c9745ed1d9f207416be6d2e6f8de32d1f16199bf/modules.json "HTTP/1.1 200 OK"
HTTP Request: HEAD https://huggingface.co/sentence-transformers/all-MiniLM-L6-v2/resolve/main/sentence_bert_config.json "HTTP/1.1 307 Temporary Redirect"
HTTP Request: HEAD https://huggingface.co/api/resolve-cache/models/sentence-transformers/all-MiniLM-L6-v2/c9745ed1d9f207416be6d2e6f8de32d1f16199bf/sentence_bert_config.json "HTTP/1.1 200 OK"
HTTP Request: HEAD https://huggingface.co/sentence-transformers/all-MiniLM-L6-v2/resolve/main/adapter_config.json "HTTP/1.1 404 Not Found"
HTTP Request: HEAD https://huggingface.co/sentence-transformers/all-MiniLM-L6-v2/resolve/main/config.json "HTTP/1.1 307 Temporary Redirect"
HTTP Request: HEAD https://huggingface.co/api/resolve-cache/models/sentence-transformers/all-MiniLM-L6-v2/c9745ed1d9f207416be6d2e6f8de32d1f16199bf/config.json "HTTP/1.1 200 OK"
HTTP Request: HEAD https://huggingface.co/sentence-transformers/all-MiniLM-L6-v2/resolve/main/processor_config.json "HTTP/1.1 404 Not Found"
HTTP Request: HEAD https://huggingface.co/sentence-transformers/all-MiniLM-L6-v2/resolve/main/preprocessor_config.json "HTTP/1.1 404 Not Found"
HTTP Request: HEAD https://huggingface.co/sentence-transformers/all-MiniLM-L6-v2/resolve/main/video_preprocessor_config.json "HTTP/1.1 404 Not Found"
HTTP Request: HEAD https://huggingface.co/sentence-transformers/all-MiniLM-L6-v2/resolve/main/preprocessor_config.json "HTTP/1.1 404 Not Found"
HTTP Request: HEAD https://huggingface.co/sentence-transformers/all-MiniLM-L6-v2/resolve/main/tokenizer_config.json "HTTP/1.1 307 Temporary Redirect"
HTTP Request: HEAD https://huggingface.co/api/resolve-cache/models/sentence-transformers/all-MiniLM-L6-v2/c9745ed1d9f207416be6d2e6f8de32d1f16199bf/tokenizer_config.json "HTTP/1.1 200 OK"
HTTP Request: HEAD https://huggingface.co/sentence-transformers/all-MiniLM-L6-v2/resolve/main/config.json "HTTP/1.1 307 Temporary Redirect"
HTTP Request: HEAD https://huggingface.co/api/resolve-cache/models/sentence-transformers/all-MiniLM-L6-v2/c9745ed1d9f207416be6d2e6f8de32d1f16199bf/config.json "HTTP/1.1 200 OK"
HTTP Request: HEAD https://huggingface.co/sentence-transformers/all-MiniLM-L6-v2/resolve/main/config.json "HTTP/1.1 307 Temporary Redirect"
HTTP Request: HEAD https://huggingface.co/api/resolve-cache/models/sentence-transformers/all-MiniLM-L6-v2/c9745ed1d9f207416be6d2e6f8de32d1f16199bf/config.json "HTTP/1.1 200 OK"
HTTP Request: HEAD https://huggingface.co/sentence-transformers/all-MiniLM-L6-v2/resolve/main/tokenizer_config.json "HTTP/1.1 307 Temporary Redirect"
HTTP Request: HEAD https://huggingface.co/api/resolve-cache/models/sentence-transformers/all-MiniLM-L6-v2/c9745ed1d9f207416be6d2e6f8de32d1f16199bf/tokenizer_config.json "HTTP/1.1 200 OK"
HTTP Request: GET https://huggingface.co/api/models/sentence-transformers/all-MiniLM-L6-v2/tree/main/additional_chat_templates?recursive=false&expand=false "HTTP/1.1 404 Not Found"
HTTP Request: GET https://huggingface.co/api/models/sentence-transformers/all-MiniLM-L6-v2/tree/main?recursive=true&expand=false "HTTP/1.1 200 OK"
HTTP Request: HEAD https://huggingface.co/sentence-transformers/all-MiniLM-L6-v2/resolve/main/1_Pooling/config.json "HTTP/1.1 307 Temporary Redirect"
HTTP Request: HEAD https://huggingface.co/api/resolve-cache/models/sentence-transformers/all-MiniLM-L6-v2/c9745ed1d9f207416be6d2e6f8de32d1f16199bf/1_Pooling%2Fconfig.json "HTTP/1.1 200 OK"
HTTP Request: GET https://huggingface.co/api/models/sentence-transformers/all-MiniLM-L6-v2 "HTTP/1.1 200 OK"
HTTP Request: HEAD https://huggingface.co/sentence-transformers/all-MiniLM-L6-v2/resolve/main/modules.json "HTTP/1.1 307 Temporary Redirect"
HTTP Request: HEAD https://huggingface.co/api/resolve-cache/models/sentence-transformers/all-MiniLM-L6-v2/c9745ed1d9f207416be6d2e6f8de32d1f16199bf/modules.json "HTTP/1.1 200 OK"
HTTP Request: HEAD https://huggingface.co/sentence-transformers/all-MiniLM-L6-v2/resolve/main/config_sentence_transformers.json "HTTP/1.1 307 Temporary Redirect"
HTTP Request: HEAD https://huggingface.co/api/resolve-cache/models/sentence-transformers/all-MiniLM-L6-v2/c9745ed1d9f207416be6d2e6f8de32d1f16199bf/config_sentence_transformers.json "HTTP/1.1 200 OK"
Loading SentenceTransformer model from sentence-transformers/all-MiniLM-L6-v2.
HTTP Request: HEAD https://huggingface.co/sentence-transformers/all-MiniLM-L6-v2/resolve/main/config_sentence_transformers.json "HTTP/1.1 307 Temporary Redirect"
HTTP Request: HEAD https://huggingface.co/api/resolve-cache/models/sentence-transformers/all-MiniLM-L6-v2/c9745ed1d9f207416be6d2e6f8de32d1f16199bf/config_sentence_transformers.json "HTTP/1.1 200 OK"
HTTP Request: HEAD https://huggingface.co/sentence-transformers/all-MiniLM-L6-v2/resolve/main/README.md "HTTP/1.1 307 Temporary Redirect"
HTTP Request: HEAD https://huggingface.co/api/resolve-cache/models/sentence-transformers/all-MiniLM-L6-v2/c9745ed1d9f207416be6d2e6f8de32d1f16199bf/README.md "HTTP/1.1 200 OK"
HTTP Request: HEAD https://huggingface.co/sentence-transformers/all-MiniLM-L6-v2/resolve/main/modules.json "HTTP/1.1 307 Temporary Redirect"
HTTP Request: HEAD https://huggingface.co/api/resolve-cache/models/sentence-transformers/all-MiniLM-L6-v2/c9745ed1d9f207416be6d2e6f8de32d1f16199bf/modules.json "HTTP/1.1 200 OK"
HTTP Request: HEAD https://huggingface.co/sentence-transformers/all-MiniLM-L6-v2/resolve/main/sentence_bert_config.json "HTTP/1.1 307 Temporary Redirect"
HTTP Request: HEAD https://huggingface.co/api/resolve-cache/models/sentence-transformers/all-MiniLM-L6-v2/c9745ed1d9f207416be6d2e6f8de32d1f16199bf/sentence_bert_config.json "HTTP/1.1 200 OK"
HTTP Request: HEAD https://huggingface.co/sentence-transformers/all-MiniLM-L6-v2/resolve/main/adapter_config.json "HTTP/1.1 404 Not Found"
HTTP Request: HEAD https://huggingface.co/sentence-transformers/all-MiniLM-L6-v2/resolve/main/config.json "HTTP/1.1 307 Temporary Redirect"
HTTP Request: HEAD https://huggingface.co/api/resolve-cache/models/sentence-transformers/all-MiniLM-L6-v2/c9745ed1d9f207416be6d2e6f8de32d1f16199bf/config.json "HTTP/1.1 200 OK"
HTTP Request: HEAD https://huggingface.co/sentence-transformers/all-MiniLM-L6-v2/resolve/main/processor_config.json "HTTP/1.1 404 Not Found"
HTTP Request: HEAD https://huggingface.co/sentence-transformers/all-MiniLM-L6-v2/resolve/main/preprocessor_config.json "HTTP/1.1 404 Not Found"
HTTP Request: HEAD https://huggingface.co/sentence-transformers/all-MiniLM-L6-v2/resolve/main/video_preprocessor_config.json "HTTP/1.1 404 Not Found"
HTTP Request: HEAD https://huggingface.co/sentence-transformers/all-MiniLM-L6-v2/resolve/main/preprocessor_config.json "HTTP/1.1 404 Not Found"
HTTP Request: HEAD https://huggingface.co/sentence-transformers/all-MiniLM-L6-v2/resolve/main/tokenizer_config.json "HTTP/1.1 307 Temporary Redirect"
HTTP Request: HEAD https://huggingface.co/api/resolve-cache/models/sentence-transformers/all-MiniLM-L6-v2/c9745ed1d9f207416be6d2e6f8de32d1f16199bf/tokenizer_config.json "HTTP/1.1 200 OK"
HTTP Request: HEAD https://huggingface.co/sentence-transformers/all-MiniLM-L6-v2/resolve/main/config.json "HTTP/1.1 307 Temporary Redirect"
HTTP Request: HEAD https://huggingface.co/api/resolve-cache/models/sentence-transformers/all-MiniLM-L6-v2/c9745ed1d9f207416be6d2e6f8de32d1f16199bf/config.json "HTTP/1.1 200 OK"
HTTP Request: HEAD https://huggingface.co/sentence-transformers/all-MiniLM-L6-v2/resolve/main/config.json "HTTP/1.1 307 Temporary Redirect"
HTTP Request: HEAD https://huggingface.co/api/resolve-cache/models/sentence-transformers/all-MiniLM-L6-v2/c9745ed1d9f207416be6d2e6f8de32d1f16199bf/config.json "HTTP/1.1 200 OK"
HTTP Request: HEAD https://huggingface.co/sentence-transformers/all-MiniLM-L6-v2/resolve/main/tokenizer_config.json "HTTP/1.1 307 Temporary Redirect"
HTTP Request: HEAD https://huggingface.co/api/resolve-cache/models/sentence-transformers/all-MiniLM-L6-v2/c9745ed1d9f207416be6d2e6f8de32d1f16199bf/tokenizer_config.json "HTTP/1.1 200 OK"
HTTP Request: GET https://huggingface.co/api/models/sentence-transformers/all-MiniLM-L6-v2/tree/main/additional_chat_templates?recursive=false&expand=false "HTTP/1.1 404 Not Found"
HTTP Request: GET https://huggingface.co/api/models/sentence-transformers/all-MiniLM-L6-v2/tree/main?recursive=true&expand=false "HTTP/1.1 200 OK"
HTTP Request: HEAD https://huggingface.co/sentence-transformers/all-MiniLM-L6-v2/resolve/main/1_Pooling/config.json "HTTP/1.1 307 Temporary Redirect"
HTTP Request: HEAD https://huggingface.co/api/resolve-cache/models/sentence-transformers/all-MiniLM-L6-v2/c9745ed1d9f207416be6d2e6f8de32d1f16199bf/1_Pooling%2Fconfig.json "HTTP/1.1 200 OK"
HTTP Request: GET https://huggingface.co/api/models/sentence-transformers/all-MiniLM-L6-v2 "HTTP/1.1 200 OK"
HTTP Request: HEAD https://huggingface.co/sentence-transformers/all-MiniLM-L6-v2/resolve/main/modules.json "HTTP/1.1 307 Temporary Redirect"
HTTP Request: HEAD https://huggingface.co/api/resolve-cache/models/sentence-transformers/all-MiniLM-L6-v2/c9745ed1d9f207416be6d2e6f8de32d1f16199bf/modules.json "HTTP/1.1 200 OK"
HTTP Request: HEAD https://huggingface.co/sentence-transformers/all-MiniLM-L6-v2/resolve/main/config_sentence_transformers.json "HTTP/1.1 307 Temporary Redirect"
HTTP Request: HEAD https://huggingface.co/api/resolve-cache/models/sentence-transformers/all-MiniLM-L6-v2/c9745ed1d9f207416be6d2e6f8de32d1f16199bf/config_sentence_transformers.json "HTTP/1.1 200 OK"
Loading SentenceTransformer model from sentence-transformers/all-MiniLM-L6-v2.
HTTP Request: HEAD https://huggingface.co/sentence-transformers/all-MiniLM-L6-v2/resolve/main/config_sentence_transformers.json "HTTP/1.1 307 Temporary Redirect"
HTTP Request: HEAD https://huggingface.co/api/resolve-cache/models/sentence-transformers/all-MiniLM-L6-v2/c9745ed1d9f207416be6d2e6f8de32d1f16199bf/config_sentence_transformers.json "HTTP/1.1 200 OK"
HTTP Request: HEAD https://huggingface.co/sentence-transformers/all-MiniLM-L6-v2/resolve/main/README.md "HTTP/1.1 307 Temporary Redirect"
HTTP Request: HEAD https://huggingface.co/api/resolve-cache/models/sentence-transformers/all-MiniLM-L6-v2/c9745ed1d9f207416be6d2e6f8de32d1f16199bf/README.md "HTTP/1.1 200 OK"
HTTP Request: HEAD https://huggingface.co/sentence-transformers/all-MiniLM-L6-v2/resolve/main/modules.json "HTTP/1.1 307 Temporary Redirect"
HTTP Request: HEAD https://huggingface.co/api/resolve-cache/models/sentence-transformers/all-MiniLM-L6-v2/c9745ed1d9f207416be6d2e6f8de32d1f16199bf/modules.json "HTTP/1.1 200 OK"
HTTP Request: HEAD https://huggingface.co/sentence-transformers/all-MiniLM-L6-v2/resolve/main/sentence_bert_config.json "HTTP/1.1 307 Temporary Redirect"
HTTP Request: HEAD https://huggingface.co/api/resolve-cache/models/sentence-transformers/all-MiniLM-L6-v2/c9745ed1d9f207416be6d2e6f8de32d1f16199bf/sentence_bert_config.json "HTTP/1.1 200 OK"
HTTP Request: HEAD https://huggingface.co/sentence-transformers/all-MiniLM-L6-v2/resolve/main/adapter_config.json "HTTP/1.1 404 Not Found"
HTTP Request: HEAD https://huggingface.co/sentence-transformers/all-MiniLM-L6-v2/resolve/main/config.json "HTTP/1.1 307 Temporary Redirect"
HTTP Request: HEAD https://huggingface.co/api/resolve-cache/models/sentence-transformers/all-MiniLM-L6-v2/c9745ed1d9f207416be6d2e6f8de32d1f16199bf/config.json "HTTP/1.1 200 OK"
HTTP Request: HEAD https://huggingface.co/sentence-transformers/all-MiniLM-L6-v2/resolve/main/processor_config.json "HTTP/1.1 404 Not Found"
HTTP Request: HEAD https://huggingface.co/sentence-transformers/all-MiniLM-L6-v2/resolve/main/preprocessor_config.json "HTTP/1.1 404 Not Found"
HTTP Request: HEAD https://huggingface.co/sentence-transformers/all-MiniLM-L6-v2/resolve/main/video_preprocessor_config.json "HTTP/1.1 404 Not Found"
HTTP Request: HEAD https://huggingface.co/sentence-transformers/all-MiniLM-L6-v2/resolve/main/preprocessor_config.json "HTTP/1.1 404 Not Found"
HTTP Request: HEAD https://huggingface.co/sentence-transformers/all-MiniLM-L6-v2/resolve/main/tokenizer_config.json "HTTP/1.1 307 Temporary Redirect"
HTTP Request: HEAD https://huggingface.co/api/resolve-cache/models/sentence-transformers/all-MiniLM-L6-v2/c9745ed1d9f207416be6d2e6f8de32d1f16199bf/tokenizer_config.json "HTTP/1.1 200 OK"
HTTP Request: HEAD https://huggingface.co/sentence-transformers/all-MiniLM-L6-v2/resolve/main/config.json "HTTP/1.1 307 Temporary Redirect"
HTTP Request: HEAD https://huggingface.co/api/resolve-cache/models/sentence-transformers/all-MiniLM-L6-v2/c9745ed1d9f207416be6d2e6f8de32d1f16199bf/config.json "HTTP/1.1 200 OK"
HTTP Request: HEAD https://huggingface.co/sentence-transformers/all-MiniLM-L6-v2/resolve/main/config.json "HTTP/1.1 307 Temporary Redirect"
HTTP Request: HEAD https://huggingface.co/api/resolve-cache/models/sentence-transformers/all-MiniLM-L6-v2/c9745ed1d9f207416be6d2e6f8de32d1f16199bf/config.json "HTTP/1.1 200 OK"
HTTP Request: HEAD https://huggingface.co/sentence-transformers/all-MiniLM-L6-v2/resolve/main/tokenizer_config.json "HTTP/1.1 307 Temporary Redirect"
HTTP Request: HEAD https://huggingface.co/api/resolve-cache/models/sentence-transformers/all-MiniLM-L6-v2/c9745ed1d9f207416be6d2e6f8de32d1f16199bf/tokenizer_config.json "HTTP/1.1 200 OK"
HTTP Request: GET https://huggingface.co/api/models/sentence-transformers/all-MiniLM-L6-v2/tree/main/additional_chat_templates?recursive=false&expand=false "HTTP/1.1 404 Not Found"
HTTP Request: GET https://huggingface.co/api/models/sentence-transformers/all-MiniLM-L6-v2/tree/main?recursive=true&expand=false "HTTP/1.1 200 OK"
HTTP Request: HEAD https://huggingface.co/sentence-transformers/all-MiniLM-L6-v2/resolve/main/1_Pooling/config.json "HTTP/1.1 307 Temporary Redirect"
HTTP Request: HEAD https://huggingface.co/api/resolve-cache/models/sentence-transformers/all-MiniLM-L6-v2/c9745ed1d9f207416be6d2e6f8de32d1f16199bf/1_Pooling%2Fconfig.json "HTTP/1.1 200 OK"
HTTP Request: GET https://huggingface.co/api/models/sentence-transformers/all-MiniLM-L6-v2 "HTTP/1.1 200 OK"
HTTP Request: HEAD https://huggingface.co/sentence-transformers/all-MiniLM-L6-v2/resolve/main/modules.json "HTTP/1.1 307 Temporary Redirect"
HTTP Request: HEAD https://huggingface.co/api/resolve-cache/models/sentence-transformers/all-MiniLM-L6-v2/c9745ed1d9f207416be6d2e6f8de32d1f16199bf/modules.json "HTTP/1.1 200 OK"
HTTP Request: HEAD https://huggingface.co/sentence-transformers/all-MiniLM-L6-v2/resolve/main/config_sentence_transformers.json "HTTP/1.1 307 Temporary Redirect"
HTTP Request: HEAD https://huggingface.co/api/resolve-cache/models/sentence-transformers/all-MiniLM-L6-v2/c9745ed1d9f207416be6d2e6f8de32d1f16199bf/config_sentence_transformers.json "HTTP/1.1 200 OK"
Loading SentenceTransformer model from sentence-transformers/all-MiniLM-L6-v2.
HTTP Request: HEAD https://huggingface.co/sentence-transformers/all-MiniLM-L6-v2/resolve/main/config_sentence_transformers.json "HTTP/1.1 307 Temporary Redirect"
HTTP Request: HEAD https://huggingface.co/api/resolve-cache/models/sentence-transformers/all-MiniLM-L6-v2/c9745ed1d9f207416be6d2e6f8de32d1f16199bf/config_sentence_transformers.json "HTTP/1.1 200 OK"
HTTP Request: HEAD https://huggingface.co/sentence-transformers/all-MiniLM-L6-v2/resolve/main/README.md "HTTP/1.1 307 Temporary Redirect"
HTTP Request: HEAD https://huggingface.co/api/resolve-cache/models/sentence-transformers/all-MiniLM-L6-v2/c9745ed1d9f207416be6d2e6f8de32d1f16199bf/README.md "HTTP/1.1 200 OK"
HTTP Request: HEAD https://huggingface.co/sentence-transformers/all-MiniLM-L6-v2/resolve/main/modules.json "HTTP/1.1 307 Temporary Redirect"
HTTP Request: HEAD https://huggingface.co/api/resolve-cache/models/sentence-transformers/all-MiniLM-L6-v2/c9745ed1d9f207416be6d2e6f8de32d1f16199bf/modules.json "HTTP/1.1 200 OK"
HTTP Request: HEAD https://huggingface.co/sentence-transformers/all-MiniLM-L6-v2/resolve/main/sentence_bert_config.json "HTTP/1.1 307 Temporary Redirect"
HTTP Request: HEAD https://huggingface.co/api/resolve-cache/models/sentence-transformers/all-MiniLM-L6-v2/c9745ed1d9f207416be6d2e6f8de32d1f16199bf/sentence_bert_config.json "HTTP/1.1 200 OK"
HTTP Request: HEAD https://huggingface.co/sentence-transformers/all-MiniLM-L6-v2/resolve/main/adapter_config.json "HTTP/1.1 404 Not Found"
HTTP Request: HEAD https://huggingface.co/sentence-transformers/all-MiniLM-L6-v2/resolve/main/config.json "HTTP/1.1 307 Temporary Redirect"
HTTP Request: HEAD https://huggingface.co/api/resolve-cache/models/sentence-transformers/all-MiniLM-L6-v2/c9745ed1d9f207416be6d2e6f8de32d1f16199bf/config.json "HTTP/1.1 200 OK"
HTTP Request: HEAD https://huggingface.co/sentence-transformers/all-MiniLM-L6-v2/resolve/main/processor_config.json "HTTP/1.1 404 Not Found"
HTTP Request: HEAD https://huggingface.co/sentence-transformers/all-MiniLM-L6-v2/resolve/main/preprocessor_config.json "HTTP/1.1 404 Not Found"
HTTP Request: HEAD https://huggingface.co/sentence-transformers/all-MiniLM-L6-v2/resolve/main/video_preprocessor_config.json "HTTP/1.1 404 Not Found"
HTTP Request: HEAD https://huggingface.co/sentence-transformers/all-MiniLM-L6-v2/resolve/main/preprocessor_config.json "HTTP/1.1 404 Not Found"
HTTP Request: HEAD https://huggingface.co/sentence-transformers/all-MiniLM-L6-v2/resolve/main/tokenizer_config.json "HTTP/1.1 307 Temporary Redirect"
HTTP Request: HEAD https://huggingface.co/api/resolve-cache/models/sentence-transformers/all-MiniLM-L6-v2/c9745ed1d9f207416be6d2e6f8de32d1f16199bf/tokenizer_config.json "HTTP/1.1 200 OK"
HTTP Request: HEAD https://huggingface.co/sentence-transformers/all-MiniLM-L6-v2/resolve/main/config.json "HTTP/1.1 307 Temporary Redirect"
HTTP Request: HEAD https://huggingface.co/api/resolve-cache/models/sentence-transformers/all-MiniLM-L6-v2/c9745ed1d9f207416be6d2e6f8de32d1f16199bf/config.json "HTTP/1.1 200 OK"
HTTP Request: HEAD https://huggingface.co/sentence-transformers/all-MiniLM-L6-v2/resolve/main/config.json "HTTP/1.1 307 Temporary Redirect"
HTTP Request: HEAD https://huggingface.co/api/resolve-cache/models/sentence-transformers/all-MiniLM-L6-v2/c9745ed1d9f207416be6d2e6f8de32d1f16199bf/config.json "HTTP/1.1 200 OK"
HTTP Request: HEAD https://huggingface.co/sentence-transformers/all-MiniLM-L6-v2/resolve/main/tokenizer_config.json "HTTP/1.1 307 Temporary Redirect"
HTTP Request: HEAD https://huggingface.co/api/resolve-cache/models/sentence-transformers/all-MiniLM-L6-v2/c9745ed1d9f207416be6d2e6f8de32d1f16199bf/tokenizer_config.json "HTTP/1.1 200 OK"
HTTP Request: GET https://huggingface.co/api/models/sentence-transformers/all-MiniLM-L6-v2/tree/main/additional_chat_templates?recursive=false&expand=false "HTTP/1.1 404 Not Found"
HTTP Request: GET https://huggingface.co/api/models/sentence-transformers/all-MiniLM-L6-v2/tree/main?recursive=true&expand=false "HTTP/1.1 200 OK"
HTTP Request: HEAD https://huggingface.co/sentence-transformers/all-MiniLM-L6-v2/resolve/main/1_Pooling/config.json "HTTP/1.1 307 Temporary Redirect"
HTTP Request: HEAD https://huggingface.co/api/resolve-cache/models/sentence-transformers/all-MiniLM-L6-v2/c9745ed1d9f207416be6d2e6f8de32d1f16199bf/1_Pooling%2Fconfig.json "HTTP/1.1 200 OK"
HTTP Request: GET https://huggingface.co/api/models/sentence-transformers/all-MiniLM-L6-v2 "HTTP/1.1 200 OK"
HTTP Request: HEAD https://huggingface.co/sentence-transformers/all-MiniLM-L6-v2/resolve/main/modules.json "HTTP/1.1 307 Temporary Redirect"
HTTP Request: HEAD https://huggingface.co/api/resolve-cache/models/sentence-transformers/all-MiniLM-L6-v2/c9745ed1d9f207416be6d2e6f8de32d1f16199bf/modules.json "HTTP/1.1 200 OK"
HTTP Request: HEAD https://huggingface.co/sentence-transformers/all-MiniLM-L6-v2/resolve/main/config_sentence_transformers.json "HTTP/1.1 307 Temporary Redirect"
HTTP Request: HEAD https://huggingface.co/api/resolve-cache/models/sentence-transformers/all-MiniLM-L6-v2/c9745ed1d9f207416be6d2e6f8de32d1f16199bf/config_sentence_transformers.json "HTTP/1.1 200 OK"
Loading SentenceTransformer model from sentence-transformers/all-MiniLM-L6-v2.
HTTP Request: HEAD https://huggingface.co/sentence-transformers/all-MiniLM-L6-v2/resolve/main/config_sentence_transformers.json "HTTP/1.1 307 Temporary Redirect"
HTTP Request: HEAD https://huggingface.co/api/resolve-cache/models/sentence-transformers/all-MiniLM-L6-v2/c9745ed1d9f207416be6d2e6f8de32d1f16199bf/config_sentence_transformers.json "HTTP/1.1 200 OK"
HTTP Request: HEAD https://huggingface.co/sentence-transformers/all-MiniLM-L6-v2/resolve/main/README.md "HTTP/1.1 307 Temporary Redirect"
HTTP Request: HEAD https://huggingface.co/api/resolve-cache/models/sentence-transformers/all-MiniLM-L6-v2/c9745ed1d9f207416be6d2e6f8de32d1f16199bf/README.md "HTTP/1.1 200 OK"
HTTP Request: HEAD https://huggingface.co/sentence-transformers/all-MiniLM-L6-v2/resolve/main/modules.json "HTTP/1.1 307 Temporary Redirect"
HTTP Request: HEAD https://huggingface.co/api/resolve-cache/models/sentence-transformers/all-MiniLM-L6-v2/c9745ed1d9f207416be6d2e6f8de32d1f16199bf/modules.json "HTTP/1.1 200 OK"
HTTP Request: HEAD https://huggingface.co/sentence-transformers/all-MiniLM-L6-v2/resolve/main/sentence_bert_config.json "HTTP/1.1 307 Temporary Redirect"
HTTP Request: HEAD https://huggingface.co/api/resolve-cache/models/sentence-transformers/all-MiniLM-L6-v2/c9745ed1d9f207416be6d2e6f8de32d1f16199bf/sentence_bert_config.json "HTTP/1.1 200 OK"
HTTP Request: HEAD https://huggingface.co/sentence-transformers/all-MiniLM-L6-v2/resolve/main/adapter_config.json "HTTP/1.1 404 Not Found"
HTTP Request: HEAD https://huggingface.co/sentence-transformers/all-MiniLM-L6-v2/resolve/main/config.json "HTTP/1.1 307 Temporary Redirect"
HTTP Request: HEAD https://huggingface.co/api/resolve-cache/models/sentence-transformers/all-MiniLM-L6-v2/c9745ed1d9f207416be6d2e6f8de32d1f16199bf/config.json "HTTP/1.1 200 OK"
HTTP Request: HEAD https://huggingface.co/sentence-transformers/all-MiniLM-L6-v2/resolve/main/processor_config.json "HTTP/1.1 404 Not Found"
HTTP Request: HEAD https://huggingface.co/sentence-transformers/all-MiniLM-L6-v2/resolve/main/preprocessor_config.json "HTTP/1.1 404 Not Found"
HTTP Request: HEAD https://huggingface.co/sentence-transformers/all-MiniLM-L6-v2/resolve/main/video_preprocessor_config.json "HTTP/1.1 404 Not Found"
HTTP Request: HEAD https://huggingface.co/sentence-transformers/all-MiniLM-L6-v2/resolve/main/preprocessor_config.json "HTTP/1.1 404 Not Found"
HTTP Request: HEAD https://huggingface.co/sentence-transformers/all-MiniLM-L6-v2/resolve/main/tokenizer_config.json "HTTP/1.1 307 Temporary Redirect"
HTTP Request: HEAD https://huggingface.co/api/resolve-cache/models/sentence-transformers/all-MiniLM-L6-v2/c9745ed1d9f207416be6d2e6f8de32d1f16199bf/tokenizer_config.json "HTTP/1.1 200 OK"
HTTP Request: HEAD https://huggingface.co/sentence-transformers/all-MiniLM-L6-v2/resolve/main/config.json "HTTP/1.1 307 Temporary Redirect"
HTTP Request: HEAD https://huggingface.co/api/resolve-cache/models/sentence-transformers/all-MiniLM-L6-v2/c9745ed1d9f207416be6d2e6f8de32d1f16199bf/config.json "HTTP/1.1 200 OK"
HTTP Request: HEAD https://huggingface.co/sentence-transformers/all-MiniLM-L6-v2/resolve/main/config.json "HTTP/1.1 307 Temporary Redirect"
HTTP Request: HEAD https://huggingface.co/api/resolve-cache/models/sentence-transformers/all-MiniLM-L6-v2/c9745ed1d9f207416be6d2e6f8de32d1f16199bf/config.json "HTTP/1.1 200 OK"
HTTP Request: HEAD https://huggingface.co/sentence-transformers/all-MiniLM-L6-v2/resolve/main/tokenizer_config.json "HTTP/1.1 307 Temporary Redirect"
HTTP Request: HEAD https://huggingface.co/api/resolve-cache/models/sentence-transformers/all-MiniLM-L6-v2/c9745ed1d9f207416be6d2e6f8de32d1f16199bf/tokenizer_config.json "HTTP/1.1 200 OK"
HTTP Request: GET https://huggingface.co/api/models/sentence-transformers/all-MiniLM-L6-v2/tree/main/additional_chat_templates?recursive=false&expand=false "HTTP/1.1 404 Not Found"
HTTP Request: GET https://huggingface.co/api/models/sentence-transformers/all-MiniLM-L6-v2/tree/main?recursive=true&expand=false "HTTP/1.1 200 OK"
HTTP Request: HEAD https://huggingface.co/sentence-transformers/all-MiniLM-L6-v2/resolve/main/1_Pooling/config.json "HTTP/1.1 307 Temporary Redirect"
HTTP Request: HEAD https://huggingface.co/api/resolve-cache/models/sentence-transformers/all-MiniLM-L6-v2/c9745ed1d9f207416be6d2e6f8de32d1f16199bf/1_Pooling%2Fconfig.json "HTTP/1.1 200 OK"
HTTP Request: GET https://huggingface.co/api/models/sentence-transformers/all-MiniLM-L6-v2 "HTTP/1.1 200 OK"
HTTP Request: HEAD https://huggingface.co/sentence-transformers/all-MiniLM-L6-v2/resolve/main/modules.json "HTTP/1.1 307 Temporary Redirect"
HTTP Request: HEAD https://huggingface.co/api/resolve-cache/models/sentence-transformers/all-MiniLM-L6-v2/c9745ed1d9f207416be6d2e6f8de32d1f16199bf/modules.json "HTTP/1.1 200 OK"
HTTP Request: HEAD https://huggingface.co/sentence-transformers/all-MiniLM-L6-v2/resolve/main/config_sentence_transformers.json "HTTP/1.1 307 Temporary Redirect"
HTTP Request: HEAD https://huggingface.co/api/resolve-cache/models/sentence-transformers/all-MiniLM-L6-v2/c9745ed1d9f207416be6d2e6f8de32d1f16199bf/config_sentence_transformers.json "HTTP/1.1 200 OK"
Loading SentenceTransformer model from sentence-transformers/all-MiniLM-L6-v2.
HTTP Request: HEAD https://huggingface.co/sentence-transformers/all-MiniLM-L6-v2/resolve/main/config_sentence_transformers.json "HTTP/1.1 307 Temporary Redirect"
HTTP Request: HEAD https://huggingface.co/api/resolve-cache/models/sentence-transformers/all-MiniLM-L6-v2/c9745ed1d9f207416be6d2e6f8de32d1f16199bf/config_sentence_transformers.json "HTTP/1.1 200 OK"
HTTP Request: HEAD https://huggingface.co/sentence-transformers/all-MiniLM-L6-v2/resolve/main/README.md "HTTP/1.1 307 Temporary Redirect"
HTTP Request: HEAD https://huggingface.co/api/resolve-cache/models/sentence-transformers/all-MiniLM-L6-v2/c9745ed1d9f207416be6d2e6f8de32d1f16199bf/README.md "HTTP/1.1 200 OK"
HTTP Request: HEAD https://huggingface.co/sentence-transformers/all-MiniLM-L6-v2/resolve/main/modules.json "HTTP/1.1 307 Temporary Redirect"
HTTP Request: HEAD https://huggingface.co/api/resolve-cache/models/sentence-transformers/all-MiniLM-L6-v2/c9745ed1d9f207416be6d2e6f8de32d1f16199bf/modules.json "HTTP/1.1 200 OK"
HTTP Request: HEAD https://huggingface.co/sentence-transformers/all-MiniLM-L6-v2/resolve/main/sentence_bert_config.json "HTTP/1.1 307 Temporary Redirect"
HTTP Request: HEAD https://huggingface.co/api/resolve-cache/models/sentence-transformers/all-MiniLM-L6-v2/c9745ed1d9f207416be6d2e6f8de32d1f16199bf/sentence_bert_config.json "HTTP/1.1 200 OK"
HTTP Request: HEAD https://huggingface.co/sentence-transformers/all-MiniLM-L6-v2/resolve/main/adapter_config.json "HTTP/1.1 404 Not Found"
HTTP Request: HEAD https://huggingface.co/sentence-transformers/all-MiniLM-L6-v2/resolve/main/config.json "HTTP/1.1 307 Temporary Redirect"
HTTP Request: HEAD https://huggingface.co/api/resolve-cache/models/sentence-transformers/all-MiniLM-L6-v2/c9745ed1d9f207416be6d2e6f8de32d1f16199bf/config.json "HTTP/1.1 200 OK"
HTTP Request: HEAD https://huggingface.co/sentence-transformers/all-MiniLM-L6-v2/resolve/main/processor_config.json "HTTP/1.1 404 Not Found"
HTTP Request: HEAD https://huggingface.co/sentence-transformers/all-MiniLM-L6-v2/resolve/main/preprocessor_config.json "HTTP/1.1 404 Not Found"
HTTP Request: HEAD https://huggingface.co/sentence-transformers/all-MiniLM-L6-v2/resolve/main/video_preprocessor_config.json "HTTP/1.1 404 Not Found"
HTTP Request: HEAD https://huggingface.co/sentence-transformers/all-MiniLM-L6-v2/resolve/main/preprocessor_config.json "HTTP/1.1 404 Not Found"
HTTP Request: HEAD https://huggingface.co/sentence-transformers/all-MiniLM-L6-v2/resolve/main/tokenizer_config.json "HTTP/1.1 307 Temporary Redirect"
HTTP Request: HEAD https://huggingface.co/api/resolve-cache/models/sentence-transformers/all-MiniLM-L6-v2/c9745ed1d9f207416be6d2e6f8de32d1f16199bf/tokenizer_config.json "HTTP/1.1 200 OK"
HTTP Request: HEAD https://huggingface.co/sentence-transformers/all-MiniLM-L6-v2/resolve/main/config.json "HTTP/1.1 307 Temporary Redirect"
HTTP Request: HEAD https://huggingface.co/api/resolve-cache/models/sentence-transformers/all-MiniLM-L6-v2/c9745ed1d9f207416be6d2e6f8de32d1f16199bf/config.json "HTTP/1.1 200 OK"
HTTP Request: HEAD https://huggingface.co/sentence-transformers/all-MiniLM-L6-v2/resolve/main/config.json "HTTP/1.1 307 Temporary Redirect"
HTTP Request: HEAD https://huggingface.co/api/resolve-cache/models/sentence-transformers/all-MiniLM-L6-v2/c9745ed1d9f207416be6d2e6f8de32d1f16199bf/config.json "HTTP/1.1 200 OK"
HTTP Request: HEAD https://huggingface.co/sentence-transformers/all-MiniLM-L6-v2/resolve/main/tokenizer_config.json "HTTP/1.1 307 Temporary Redirect"
HTTP Request: HEAD https://huggingface.co/api/resolve-cache/models/sentence-transformers/all-MiniLM-L6-v2/c9745ed1d9f207416be6d2e6f8de32d1f16199bf/tokenizer_config.json "HTTP/1.1 200 OK"
HTTP Request: GET https://huggingface.co/api/models/sentence-transformers/all-MiniLM-L6-v2/tree/main/additional_chat_templates?recursive=false&expand=false "HTTP/1.1 404 Not Found"
HTTP Request: GET https://huggingface.co/api/models/sentence-transformers/all-MiniLM-L6-v2/tree/main?recursive=true&expand=false "HTTP/1.1 200 OK"
HTTP Request: HEAD https://huggingface.co/sentence-transformers/all-MiniLM-L6-v2/resolve/main/1_Pooling/config.json "HTTP/1.1 307 Temporary Redirect"
HTTP Request: HEAD https://huggingface.co/api/resolve-cache/models/sentence-transformers/all-MiniLM-L6-v2/c9745ed1d9f207416be6d2e6f8de32d1f16199bf/1_Pooling%2Fconfig.json "HTTP/1.1 200 OK"
HTTP Request: GET https://huggingface.co/api/models/sentence-transformers/all-MiniLM-L6-v2 "HTTP/1.1 200 OK"
HTTP Request: HEAD https://huggingface.co/sentence-transformers/all-MiniLM-L6-v2/resolve/main/modules.json "HTTP/1.1 307 Temporary Redirect"
HTTP Request: HEAD https://huggingface.co/api/resolve-cache/models/sentence-transformers/all-MiniLM-L6-v2/c9745ed1d9f207416be6d2e6f8de32d1f16199bf/modules.json "HTTP/1.1 200 OK"
HTTP Request: HEAD https://huggingface.co/sentence-transformers/all-MiniLM-L6-v2/resolve/main/config_sentence_transformers.json "HTTP/1.1 307 Temporary Redirect"
HTTP Request: HEAD https://huggingface.co/api/resolve-cache/models/sentence-transformers/all-MiniLM-L6-v2/c9745ed1d9f207416be6d2e6f8de32d1f16199bf/config_sentence_transformers.json "HTTP/1.1 200 OK"
Loading SentenceTransformer model from sentence-transformers/all-MiniLM-L6-v2.
HTTP Request: HEAD https://huggingface.co/sentence-transformers/all-MiniLM-L6-v2/resolve/main/config_sentence_transformers.json "HTTP/1.1 307 Temporary Redirect"
HTTP Request: HEAD https://huggingface.co/api/resolve-cache/models/sentence-transformers/all-MiniLM-L6-v2/c9745ed1d9f207416be6d2e6f8de32d1f16199bf/config_sentence_transformers.json "HTTP/1.1 200 OK"
HTTP Request: HEAD https://huggingface.co/sentence-transformers/all-MiniLM-L6-v2/resolve/main/README.md "HTTP/1.1 307 Temporary Redirect"
HTTP Request: HEAD https://huggingface.co/api/resolve-cache/models/sentence-transformers/all-MiniLM-L6-v2/c9745ed1d9f207416be6d2e6f8de32d1f16199bf/README.md "HTTP/1.1 200 OK"
HTTP Request: HEAD https://huggingface.co/sentence-transformers/all-MiniLM-L6-v2/resolve/main/modules.json "HTTP/1.1 307 Temporary Redirect"
HTTP Request: HEAD https://huggingface.co/api/resolve-cache/models/sentence-transformers/all-MiniLM-L6-v2/c9745ed1d9f207416be6d2e6f8de32d1f16199bf/modules.json "HTTP/1.1 200 OK"
HTTP Request: HEAD https://huggingface.co/sentence-transformers/all-MiniLM-L6-v2/resolve/main/sentence_bert_config.json "HTTP/1.1 307 Temporary Redirect"
HTTP Request: HEAD https://huggingface.co/api/resolve-cache/models/sentence-transformers/all-MiniLM-L6-v2/c9745ed1d9f207416be6d2e6f8de32d1f16199bf/sentence_bert_config.json "HTTP/1.1 200 OK"
HTTP Request: HEAD https://huggingface.co/sentence-transformers/all-MiniLM-L6-v2/resolve/main/adapter_config.json "HTTP/1.1 404 Not Found"
HTTP Request: HEAD https://huggingface.co/sentence-transformers/all-MiniLM-L6-v2/resolve/main/config.json "HTTP/1.1 307 Temporary Redirect"
HTTP Request: HEAD https://huggingface.co/api/resolve-cache/models/sentence-transformers/all-MiniLM-L6-v2/c9745ed1d9f207416be6d2e6f8de32d1f16199bf/config.json "HTTP/1.1 200 OK"
HTTP Request: HEAD https://huggingface.co/sentence-transformers/all-MiniLM-L6-v2/resolve/main/processor_config.json "HTTP/1.1 404 Not Found"
HTTP Request: HEAD https://huggingface.co/sentence-transformers/all-MiniLM-L6-v2/resolve/main/preprocessor_config.json "HTTP/1.1 404 Not Found"
HTTP Request: HEAD https://huggingface.co/sentence-transformers/all-MiniLM-L6-v2/resolve/main/video_preprocessor_config.json "HTTP/1.1 404 Not Found"
HTTP Request: HEAD https://huggingface.co/sentence-transformers/all-MiniLM-L6-v2/resolve/main/preprocessor_config.json "HTTP/1.1 404 Not Found"
HTTP Request: HEAD https://huggingface.co/sentence-transformers/all-MiniLM-L6-v2/resolve/main/tokenizer_config.json "HTTP/1.1 307 Temporary Redirect"
HTTP Request: HEAD https://huggingface.co/api/resolve-cache/models/sentence-transformers/all-MiniLM-L6-v2/c9745ed1d9f207416be6d2e6f8de32d1f16199bf/tokenizer_config.json "HTTP/1.1 200 OK"
HTTP Request: HEAD https://huggingface.co/sentence-transformers/all-MiniLM-L6-v2/resolve/main/config.json "HTTP/1.1 307 Temporary Redirect"
HTTP Request: HEAD https://huggingface.co/api/resolve-cache/models/sentence-transformers/all-MiniLM-L6-v2/c9745ed1d9f207416be6d2e6f8de32d1f16199bf/config.json "HTTP/1.1 200 OK"
HTTP Request: HEAD https://huggingface.co/sentence-transformers/all-MiniLM-L6-v2/resolve/main/config.json "HTTP/1.1 307 Temporary Redirect"
HTTP Request: HEAD https://huggingface.co/api/resolve-cache/models/sentence-transformers/all-MiniLM-L6-v2/c9745ed1d9f207416be6d2e6f8de32d1f16199bf/config.json "HTTP/1.1 200 OK"
HTTP Request: HEAD https://huggingface.co/sentence-transformers/all-MiniLM-L6-v2/resolve/main/tokenizer_config.json "HTTP/1.1 307 Temporary Redirect"
HTTP Request: HEAD https://huggingface.co/api/resolve-cache/models/sentence-transformers/all-MiniLM-L6-v2/c9745ed1d9f207416be6d2e6f8de32d1f16199bf/tokenizer_config.json "HTTP/1.1 200 OK"
HTTP Request: GET https://huggingface.co/api/models/sentence-transformers/all-MiniLM-L6-v2/tree/main/additional_chat_templates?recursive=false&expand=false "HTTP/1.1 404 Not Found"
HTTP Request: GET https://huggingface.co/api/models/sentence-transformers/all-MiniLM-L6-v2/tree/main?recursive=true&expand=false "HTTP/1.1 200 OK"
HTTP Request: HEAD https://huggingface.co/sentence-transformers/all-MiniLM-L6-v2/resolve/main/1_Pooling/config.json "HTTP/1.1 307 Temporary Redirect"
HTTP Request: HEAD https://huggingface.co/api/resolve-cache/models/sentence-transformers/all-MiniLM-L6-v2/c9745ed1d9f207416be6d2e6f8de32d1f16199bf/1_Pooling%2Fconfig.json "HTTP/1.1 200 OK"
HTTP Request: GET https://huggingface.co/api/models/sentence-transformers/all-MiniLM-L6-v2 "HTTP/1.1 200 OK"
HTTP Request: HEAD https://huggingface.co/sentence-transformers/all-MiniLM-L6-v2/resolve/main/modules.json "HTTP/1.1 307 Temporary Redirect"
HTTP Request: HEAD https://huggingface.co/api/resolve-cache/models/sentence-transformers/all-MiniLM-L6-v2/c9745ed1d9f207416be6d2e6f8de32d1f16199bf/modules.json "HTTP/1.1 200 OK"
HTTP Request: HEAD https://huggingface.co/sentence-transformers/all-MiniLM-L6-v2/resolve/main/config_sentence_transformers.json "HTTP/1.1 307 Temporary Redirect"
HTTP Request: HEAD https://huggingface.co/api/resolve-cache/models/sentence-transformers/all-MiniLM-L6-v2/c9745ed1d9f207416be6d2e6f8de32d1f16199bf/config_sentence_transformers.json "HTTP/1.1 200 OK"
Loading SentenceTransformer model from sentence-transformers/all-MiniLM-L6-v2.
HTTP Request: HEAD https://huggingface.co/sentence-transformers/all-MiniLM-L6-v2/resolve/main/config_sentence_transformers.json "HTTP/1.1 307 Temporary Redirect"
HTTP Request: HEAD https://huggingface.co/api/resolve-cache/models/sentence-transformers/all-MiniLM-L6-v2/c9745ed1d9f207416be6d2e6f8de32d1f16199bf/config_sentence_transformers.json "HTTP/1.1 200 OK"
HTTP Request: HEAD https://huggingface.co/sentence-transformers/all-MiniLM-L6-v2/resolve/main/README.md "HTTP/1.1 307 Temporary Redirect"
HTTP Request: HEAD https://huggingface.co/api/resolve-cache/models/sentence-transformers/all-MiniLM-L6-v2/c9745ed1d9f207416be6d2e6f8de32d1f16199bf/README.md "HTTP/1.1 200 OK"
HTTP Request: HEAD https://huggingface.co/sentence-transformers/all-MiniLM-L6-v2/resolve/main/modules.json "HTTP/1.1 307 Temporary Redirect"
HTTP Request: HEAD https://huggingface.co/api/resolve-cache/models/sentence-transformers/all-MiniLM-L6-v2/c9745ed1d9f207416be6d2e6f8de32d1f16199bf/modules.json "HTTP/1.1 200 OK"
HTTP Request: HEAD https://huggingface.co/sentence-transformers/all-MiniLM-L6-v2/resolve/main/sentence_bert_config.json "HTTP/1.1 307 Temporary Redirect"
HTTP Request: HEAD https://huggingface.co/api/resolve-cache/models/sentence-transformers/all-MiniLM-L6-v2/c9745ed1d9f207416be6d2e6f8de32d1f16199bf/sentence_bert_config.json "HTTP/1.1 200 OK"
HTTP Request: HEAD https://huggingface.co/sentence-transformers/all-MiniLM-L6-v2/resolve/main/adapter_config.json "HTTP/1.1 404 Not Found"
HTTP Request: HEAD https://huggingface.co/sentence-transformers/all-MiniLM-L6-v2/resolve/main/config.json "HTTP/1.1 307 Temporary Redirect"
HTTP Request: HEAD https://huggingface.co/api/resolve-cache/models/sentence-transformers/all-MiniLM-L6-v2/c9745ed1d9f207416be6d2e6f8de32d1f16199bf/config.json "HTTP/1.1 200 OK"
HTTP Request: HEAD https://huggingface.co/sentence-transformers/all-MiniLM-L6-v2/resolve/main/processor_config.json "HTTP/1.1 404 Not Found"
HTTP Request: HEAD https://huggingface.co/sentence-transformers/all-MiniLM-L6-v2/resolve/main/preprocessor_config.json "HTTP/1.1 404 Not Found"
HTTP Request: HEAD https://huggingface.co/sentence-transformers/all-MiniLM-L6-v2/resolve/main/video_preprocessor_config.json "HTTP/1.1 404 Not Found"
HTTP Request: HEAD https://huggingface.co/sentence-transformers/all-MiniLM-L6-v2/resolve/main/preprocessor_config.json "HTTP/1.1 404 Not Found"
HTTP Request: HEAD https://huggingface.co/sentence-transformers/all-MiniLM-L6-v2/resolve/main/tokenizer_config.json "HTTP/1.1 307 Temporary Redirect"
HTTP Request: HEAD https://huggingface.co/api/resolve-cache/models/sentence-transformers/all-MiniLM-L6-v2/c9745ed1d9f207416be6d2e6f8de32d1f16199bf/tokenizer_config.json "HTTP/1.1 200 OK"
HTTP Request: HEAD https://huggingface.co/sentence-transformers/all-MiniLM-L6-v2/resolve/main/config.json "HTTP/1.1 307 Temporary Redirect"
HTTP Request: HEAD https://huggingface.co/api/resolve-cache/models/sentence-transformers/all-MiniLM-L6-v2/c9745ed1d9f207416be6d2e6f8de32d1f16199bf/config.json "HTTP/1.1 200 OK"
HTTP Request: HEAD https://huggingface.co/sentence-transformers/all-MiniLM-L6-v2/resolve/main/config.json "HTTP/1.1 307 Temporary Redirect"
HTTP Request: HEAD https://huggingface.co/api/resolve-cache/models/sentence-transformers/all-MiniLM-L6-v2/c9745ed1d9f207416be6d2e6f8de32d1f16199bf/config.json "HTTP/1.1 200 OK"
HTTP Request: HEAD https://huggingface.co/sentence-transformers/all-MiniLM-L6-v2/resolve/main/tokenizer_config.json "HTTP/1.1 307 Temporary Redirect"
HTTP Request: HEAD https://huggingface.co/api/resolve-cache/models/sentence-transformers/all-MiniLM-L6-v2/c9745ed1d9f207416be6d2e6f8de32d1f16199bf/tokenizer_config.json "HTTP/1.1 200 OK"
HTTP Request: GET https://huggingface.co/api/models/sentence-transformers/all-MiniLM-L6-v2/tree/main/additional_chat_templates?recursive=false&expand=false "HTTP/1.1 404 Not Found"
HTTP Request: GET https://huggingface.co/api/models/sentence-transformers/all-MiniLM-L6-v2/tree/main?recursive=true&expand=false "HTTP/1.1 200 OK"
HTTP Request: HEAD https://huggingface.co/sentence-transformers/all-MiniLM-L6-v2/resolve/main/1_Pooling/config.json "HTTP/1.1 307 Temporary Redirect"
HTTP Request: HEAD https://huggingface.co/api/resolve-cache/models/sentence-transformers/all-MiniLM-L6-v2/c9745ed1d9f207416be6d2e6f8de32d1f16199bf/1_Pooling%2Fconfig.json "HTTP/1.1 200 OK"
HTTP Request: GET https://huggingface.co/api/models/sentence-transformers/all-MiniLM-L6-v2 "HTTP/1.1 200 OK"
HTTP Request: HEAD https://huggingface.co/sentence-transformers/all-MiniLM-L6-v2/resolve/main/modules.json "HTTP/1.1 307 Temporary Redirect"
HTTP Request: HEAD https://huggingface.co/api/resolve-cache/models/sentence-transformers/all-MiniLM-L6-v2/c9745ed1d9f207416be6d2e6f8de32d1f16199bf/modules.json "HTTP/1.1 200 OK"
HTTP Request: HEAD https://huggingface.co/sentence-transformers/all-MiniLM-L6-v2/resolve/main/config_sentence_transformers.json "HTTP/1.1 307 Temporary Redirect"
HTTP Request: HEAD https://huggingface.co/api/resolve-cache/models/sentence-transformers/all-MiniLM-L6-v2/c9745ed1d9f207416be6d2e6f8de32d1f16199bf/config_sentence_transformers.json "HTTP/1.1 200 OK"
Loading SentenceTransformer model from sentence-transformers/all-MiniLM-L6-v2.
HTTP Request: HEAD https://huggingface.co/sentence-transformers/all-MiniLM-L6-v2/resolve/main/config_sentence_transformers.json "HTTP/1.1 307 Temporary Redirect"
HTTP Request: HEAD https://huggingface.co/api/resolve-cache/models/sentence-transformers/all-MiniLM-L6-v2/c9745ed1d9f207416be6d2e6f8de32d1f16199bf/config_sentence_transformers.json "HTTP/1.1 200 OK"
HTTP Request: HEAD https://huggingface.co/sentence-transformers/all-MiniLM-L6-v2/resolve/main/README.md "HTTP/1.1 307 Temporary Redirect"
HTTP Request: HEAD https://huggingface.co/api/resolve-cache/models/sentence-transformers/all-MiniLM-L6-v2/c9745ed1d9f207416be6d2e6f8de32d1f16199bf/README.md "HTTP/1.1 200 OK"
HTTP Request: HEAD https://huggingface.co/sentence-transformers/all-MiniLM-L6-v2/resolve/main/modules.json "HTTP/1.1 307 Temporary Redirect"
HTTP Request: HEAD https://huggingface.co/api/resolve-cache/models/sentence-transformers/all-MiniLM-L6-v2/c9745ed1d9f207416be6d2e6f8de32d1f16199bf/modules.json "HTTP/1.1 200 OK"
HTTP Request: HEAD https://huggingface.co/sentence-transformers/all-MiniLM-L6-v2/resolve/main/sentence_bert_config.json "HTTP/1.1 307 Temporary Redirect"
HTTP Request: HEAD https://huggingface.co/api/resolve-cache/models/sentence-transformers/all-MiniLM-L6-v2/c9745ed1d9f207416be6d2e6f8de32d1f16199bf/sentence_bert_config.json "HTTP/1.1 200 OK"
HTTP Request: HEAD https://huggingface.co/sentence-transformers/all-MiniLM-L6-v2/resolve/main/adapter_config.json "HTTP/1.1 404 Not Found"
HTTP Request: HEAD https://huggingface.co/sentence-transformers/all-MiniLM-L6-v2/resolve/main/config.json "HTTP/1.1 307 Temporary Redirect"
HTTP Request: HEAD https://huggingface.co/api/resolve-cache/models/sentence-transformers/all-MiniLM-L6-v2/c9745ed1d9f207416be6d2e6f8de32d1f16199bf/config.json "HTTP/1.1 200 OK"
HTTP Request: HEAD https://huggingface.co/sentence-transformers/all-MiniLM-L6-v2/resolve/main/processor_config.json "HTTP/1.1 404 Not Found"
HTTP Request: HEAD https://huggingface.co/sentence-transformers/all-MiniLM-L6-v2/resolve/main/preprocessor_config.json "HTTP/1.1 404 Not Found"
HTTP Request: HEAD https://huggingface.co/sentence-transformers/all-MiniLM-L6-v2/resolve/main/video_preprocessor_config.json "HTTP/1.1 404 Not Found"
HTTP Request: HEAD https://huggingface.co/sentence-transformers/all-MiniLM-L6-v2/resolve/main/preprocessor_config.json "HTTP/1.1 404 Not Found"
HTTP Request: HEAD https://huggingface.co/sentence-transformers/all-MiniLM-L6-v2/resolve/main/tokenizer_config.json "HTTP/1.1 307 Temporary Redirect"
HTTP Request: HEAD https://huggingface.co/api/resolve-cache/models/sentence-transformers/all-MiniLM-L6-v2/c9745ed1d9f207416be6d2e6f8de32d1f16199bf/tokenizer_config.json "HTTP/1.1 200 OK"
HTTP Request: HEAD https://huggingface.co/sentence-transformers/all-MiniLM-L6-v2/resolve/main/config.json "HTTP/1.1 307 Temporary Redirect"
HTTP Request: HEAD https://huggingface.co/api/resolve-cache/models/sentence-transformers/all-MiniLM-L6-v2/c9745ed1d9f207416be6d2e6f8de32d1f16199bf/config.json "HTTP/1.1 200 OK"
HTTP Request: HEAD https://huggingface.co/sentence-transformers/all-MiniLM-L6-v2/resolve/main/config.json "HTTP/1.1 307 Temporary Redirect"
HTTP Request: HEAD https://huggingface.co/api/resolve-cache/models/sentence-transformers/all-MiniLM-L6-v2/c9745ed1d9f207416be6d2e6f8de32d1f16199bf/config.json "HTTP/1.1 200 OK"
HTTP Request: HEAD https://huggingface.co/sentence-transformers/all-MiniLM-L6-v2/resolve/main/tokenizer_config.json "HTTP/1.1 307 Temporary Redirect"
HTTP Request: HEAD https://huggingface.co/api/resolve-cache/models/sentence-transformers/all-MiniLM-L6-v2/c9745ed1d9f207416be6d2e6f8de32d1f16199bf/tokenizer_config.json "HTTP/1.1 200 OK"
HTTP Request: GET https://huggingface.co/api/models/sentence-transformers/all-MiniLM-L6-v2/tree/main/additional_chat_templates?recursive=false&expand=false "HTTP/1.1 404 Not Found"
HTTP Request: GET https://huggingface.co/api/models/sentence-transformers/all-MiniLM-L6-v2/tree/main?recursive=true&expand=false "HTTP/1.1 200 OK"
HTTP Request: HEAD https://huggingface.co/sentence-transformers/all-MiniLM-L6-v2/resolve/main/1_Pooling/config.json "HTTP/1.1 307 Temporary Redirect"
HTTP Request: HEAD https://huggingface.co/api/resolve-cache/models/sentence-transformers/all-MiniLM-L6-v2/c9745ed1d9f207416be6d2e6f8de32d1f16199bf/1_Pooling%2Fconfig.json "HTTP/1.1 200 OK"
HTTP Request: GET https://huggingface.co/api/models/sentence-transformers/all-MiniLM-L6-v2 "HTTP/1.1 200 OK"
HTTP Request: HEAD https://huggingface.co/sentence-transformers/all-MiniLM-L6-v2/resolve/main/modules.json "HTTP/1.1 307 Temporary Redirect"
HTTP Request: HEAD https://huggingface.co/api/resolve-cache/models/sentence-transformers/all-MiniLM-L6-v2/c9745ed1d9f207416be6d2e6f8de32d1f16199bf/modules.json "HTTP/1.1 200 OK"
HTTP Request: HEAD https://huggingface.co/sentence-transformers/all-MiniLM-L6-v2/resolve/main/config_sentence_transformers.json "HTTP/1.1 307 Temporary Redirect"
HTTP Request: HEAD https://huggingface.co/api/resolve-cache/models/sentence-transformers/all-MiniLM-L6-v2/c9745ed1d9f207416be6d2e6f8de32d1f16199bf/config_sentence_transformers.json "HTTP/1.1 200 OK"
Loading SentenceTransformer model from sentence-transformers/all-MiniLM-L6-v2.
HTTP Request: HEAD https://huggingface.co/sentence-transformers/all-MiniLM-L6-v2/resolve/main/config_sentence_transformers.json "HTTP/1.1 307 Temporary Redirect"
HTTP Request: HEAD https://huggingface.co/api/resolve-cache/models/sentence-transformers/all-MiniLM-L6-v2/c9745ed1d9f207416be6d2e6f8de32d1f16199bf/config_sentence_transformers.json "HTTP/1.1 200 OK"
HTTP Request: HEAD https://huggingface.co/sentence-transformers/all-MiniLM-L6-v2/resolve/main/README.md "HTTP/1.1 307 Temporary Redirect"
HTTP Request: HEAD https://huggingface.co/api/resolve-cache/models/sentence-transformers/all-MiniLM-L6-v2/c9745ed1d9f207416be6d2e6f8de32d1f16199bf/README.md "HTTP/1.1 200 OK"
HTTP Request: HEAD https://huggingface.co/sentence-transformers/all-MiniLM-L6-v2/resolve/main/modules.json "HTTP/1.1 307 Temporary Redirect"
HTTP Request: HEAD https://huggingface.co/api/resolve-cache/models/sentence-transformers/all-MiniLM-L6-v2/c9745ed1d9f207416be6d2e6f8de32d1f16199bf/modules.json "HTTP/1.1 200 OK"
HTTP Request: HEAD https://huggingface.co/sentence-transformers/all-MiniLM-L6-v2/resolve/main/sentence_bert_config.json "HTTP/1.1 307 Temporary Redirect"
HTTP Request: HEAD https://huggingface.co/api/resolve-cache/models/sentence-transformers/all-MiniLM-L6-v2/c9745ed1d9f207416be6d2e6f8de32d1f16199bf/sentence_bert_config.json "HTTP/1.1 200 OK"
HTTP Request: HEAD https://huggingface.co/sentence-transformers/all-MiniLM-L6-v2/resolve/main/adapter_config.json "HTTP/1.1 404 Not Found"
HTTP Request: HEAD https://huggingface.co/sentence-transformers/all-MiniLM-L6-v2/resolve/main/config.json "HTTP/1.1 307 Temporary Redirect"
HTTP Request: HEAD https://huggingface.co/api/resolve-cache/models/sentence-transformers/all-MiniLM-L6-v2/c9745ed1d9f207416be6d2e6f8de32d1f16199bf/config.json "HTTP/1.1 200 OK"
HTTP Request: HEAD https://huggingface.co/sentence-transformers/all-MiniLM-L6-v2/resolve/main/processor_config.json "HTTP/1.1 404 Not Found"
HTTP Request: HEAD https://huggingface.co/sentence-transformers/all-MiniLM-L6-v2/resolve/main/preprocessor_config.json "HTTP/1.1 404 Not Found"
HTTP Request: HEAD https://huggingface.co/sentence-transformers/all-MiniLM-L6-v2/resolve/main/video_preprocessor_config.json "HTTP/1.1 404 Not Found"
HTTP Request: HEAD https://huggingface.co/sentence-transformers/all-MiniLM-L6-v2/resolve/main/preprocessor_config.json "HTTP/1.1 404 Not Found"
HTTP Request: HEAD https://huggingface.co/sentence-transformers/all-MiniLM-L6-v2/resolve/main/tokenizer_config.json "HTTP/1.1 307 Temporary Redirect"
HTTP Request: HEAD https://huggingface.co/api/resolve-cache/models/sentence-transformers/all-MiniLM-L6-v2/c9745ed1d9f207416be6d2e6f8de32d1f16199bf/tokenizer_config.json "HTTP/1.1 200 OK"
HTTP Request: HEAD https://huggingface.co/sentence-transformers/all-MiniLM-L6-v2/resolve/main/config.json "HTTP/1.1 307 Temporary Redirect"
HTTP Request: HEAD https://huggingface.co/api/resolve-cache/models/sentence-transformers/all-MiniLM-L6-v2/c9745ed1d9f207416be6d2e6f8de32d1f16199bf/config.json "HTTP/1.1 200 OK"
HTTP Request: HEAD https://huggingface.co/sentence-transformers/all-MiniLM-L6-v2/resolve/main/config.json "HTTP/1.1 307 Temporary Redirect"
HTTP Request: HEAD https://huggingface.co/api/resolve-cache/models/sentence-transformers/all-MiniLM-L6-v2/c9745ed1d9f207416be6d2e6f8de32d1f16199bf/config.json "HTTP/1.1 200 OK"
HTTP Request: HEAD https://huggingface.co/sentence-transformers/all-MiniLM-L6-v2/resolve/main/tokenizer_config.json "HTTP/1.1 307 Temporary Redirect"
HTTP Request: HEAD https://huggingface.co/api/resolve-cache/models/sentence-transformers/all-MiniLM-L6-v2/c9745ed1d9f207416be6d2e6f8de32d1f16199bf/tokenizer_config.json "HTTP/1.1 200 OK"
HTTP Request: GET https://huggingface.co/api/models/sentence-transformers/all-MiniLM-L6-v2/tree/main/additional_chat_templates?recursive=false&expand=false "HTTP/1.1 404 Not Found"
HTTP Request: GET https://huggingface.co/api/models/sentence-transformers/all-MiniLM-L6-v2/tree/main?recursive=true&expand=false "HTTP/1.1 200 OK"
HTTP Request: HEAD https://huggingface.co/sentence-transformers/all-MiniLM-L6-v2/resolve/main/1_Pooling/config.json "HTTP/1.1 307 Temporary Redirect"
HTTP Request: HEAD https://huggingface.co/api/resolve-cache/models/sentence-transformers/all-MiniLM-L6-v2/c9745ed1d9f207416be6d2e6f8de32d1f16199bf/1_Pooling%2Fconfig.json "HTTP/1.1 200 OK"
HTTP Request: GET https://huggingface.co/api/models/sentence-transformers/all-MiniLM-L6-v2 "HTTP/1.1 200 OK"
HTTP Request: HEAD https://huggingface.co/sentence-transformers/all-MiniLM-L6-v2/resolve/main/modules.json "HTTP/1.1 307 Temporary Redirect"
HTTP Request: HEAD https://huggingface.co/api/resolve-cache/models/sentence-transformers/all-MiniLM-L6-v2/c9745ed1d9f207416be6d2e6f8de32d1f16199bf/modules.json "HTTP/1.1 200 OK"
HTTP Request: HEAD https://huggingface.co/sentence-transformers/all-MiniLM-L6-v2/resolve/main/config_sentence_transformers.json "HTTP/1.1 307 Temporary Redirect"
HTTP Request: HEAD https://huggingface.co/api/resolve-cache/models/sentence-transformers/all-MiniLM-L6-v2/c9745ed1d9f207416be6d2e6f8de32d1f16199bf/config_sentence_transformers.json "HTTP/1.1 200 OK"
Loading SentenceTransformer model from sentence-transformers/all-MiniLM-L6-v2.
HTTP Request: HEAD https://huggingface.co/sentence-transformers/all-MiniLM-L6-v2/resolve/main/config_sentence_transformers.json "HTTP/1.1 307 Temporary Redirect"
HTTP Request: HEAD https://huggingface.co/api/resolve-cache/models/sentence-transformers/all-MiniLM-L6-v2/c9745ed1d9f207416be6d2e6f8de32d1f16199bf/config_sentence_transformers.json "HTTP/1.1 200 OK"
HTTP Request: HEAD https://huggingface.co/sentence-transformers/all-MiniLM-L6-v2/resolve/main/README.md "HTTP/1.1 307 Temporary Redirect"
HTTP Request: HEAD https://huggingface.co/api/resolve-cache/models/sentence-transformers/all-MiniLM-L6-v2/c9745ed1d9f207416be6d2e6f8de32d1f16199bf/README.md "HTTP/1.1 200 OK"
HTTP Request: HEAD https://huggingface.co/sentence-transformers/all-MiniLM-L6-v2/resolve/main/modules.json "HTTP/1.1 307 Temporary Redirect"
HTTP Request: HEAD https://huggingface.co/api/resolve-cache/models/sentence-transformers/all-MiniLM-L6-v2/c9745ed1d9f207416be6d2e6f8de32d1f16199bf/modules.json "HTTP/1.1 200 OK"
HTTP Request: HEAD https://huggingface.co/sentence-transformers/all-MiniLM-L6-v2/resolve/main/sentence_bert_config.json "HTTP/1.1 307 Temporary Redirect"
HTTP Request: HEAD https://huggingface.co/api/resolve-cache/models/sentence-transformers/all-MiniLM-L6-v2/c9745ed1d9f207416be6d2e6f8de32d1f16199bf/sentence_bert_config.json "HTTP/1.1 200 OK"
HTTP Request: HEAD https://huggingface.co/sentence-transformers/all-MiniLM-L6-v2/resolve/main/adapter_config.json "HTTP/1.1 404 Not Found"
HTTP Request: HEAD https://huggingface.co/sentence-transformers/all-MiniLM-L6-v2/resolve/main/config.json "HTTP/1.1 307 Temporary Redirect"
HTTP Request: HEAD https://huggingface.co/api/resolve-cache/models/sentence-transformers/all-MiniLM-L6-v2/c9745ed1d9f207416be6d2e6f8de32d1f16199bf/config.json "HTTP/1.1 200 OK"
HTTP Request: HEAD https://huggingface.co/sentence-transformers/all-MiniLM-L6-v2/resolve/main/processor_config.json "HTTP/1.1 404 Not Found"
HTTP Request: HEAD https://huggingface.co/sentence-transformers/all-MiniLM-L6-v2/resolve/main/preprocessor_config.json "HTTP/1.1 404 Not Found"
HTTP Request: HEAD https://huggingface.co/sentence-transformers/all-MiniLM-L6-v2/resolve/main/video_preprocessor_config.json "HTTP/1.1 404 Not Found"
HTTP Request: HEAD https://huggingface.co/sentence-transformers/all-MiniLM-L6-v2/resolve/main/preprocessor_config.json "HTTP/1.1 404 Not Found"
HTTP Request: HEAD https://huggingface.co/sentence-transformers/all-MiniLM-L6-v2/resolve/main/tokenizer_config.json "HTTP/1.1 307 Temporary Redirect"
HTTP Request: HEAD https://huggingface.co/api/resolve-cache/models/sentence-transformers/all-MiniLM-L6-v2/c9745ed1d9f207416be6d2e6f8de32d1f16199bf/tokenizer_config.json "HTTP/1.1 200 OK"
HTTP Request: HEAD https://huggingface.co/sentence-transformers/all-MiniLM-L6-v2/resolve/main/config.json "HTTP/1.1 307 Temporary Redirect"
HTTP Request: HEAD https://huggingface.co/api/resolve-cache/models/sentence-transformers/all-MiniLM-L6-v2/c9745ed1d9f207416be6d2e6f8de32d1f16199bf/config.json "HTTP/1.1 200 OK"
HTTP Request: HEAD https://huggingface.co/sentence-transformers/all-MiniLM-L6-v2/resolve/main/config.json "HTTP/1.1 307 Temporary Redirect"
HTTP Request: HEAD https://huggingface.co/api/resolve-cache/models/sentence-transformers/all-MiniLM-L6-v2/c9745ed1d9f207416be6d2e6f8de32d1f16199bf/config.json "HTTP/1.1 200 OK"
HTTP Request: HEAD https://huggingface.co/sentence-transformers/all-MiniLM-L6-v2/resolve/main/tokenizer_config.json "HTTP/1.1 307 Temporary Redirect"
HTTP Request: HEAD https://huggingface.co/api/resolve-cache/models/sentence-transformers/all-MiniLM-L6-v2/c9745ed1d9f207416be6d2e6f8de32d1f16199bf/tokenizer_config.json "HTTP/1.1 200 OK"
HTTP Request: GET https://huggingface.co/api/models/sentence-transformers/all-MiniLM-L6-v2/tree/main/additional_chat_templates?recursive=false&expand=false "HTTP/1.1 404 Not Found"
HTTP Request: GET https://huggingface.co/api/models/sentence-transformers/all-MiniLM-L6-v2/tree/main?recursive=true&expand=false "HTTP/1.1 200 OK"
HTTP Request: HEAD https://huggingface.co/sentence-transformers/all-MiniLM-L6-v2/resolve/main/1_Pooling/config.json "HTTP/1.1 307 Temporary Redirect"
HTTP Request: HEAD https://huggingface.co/api/resolve-cache/models/sentence-transformers/all-MiniLM-L6-v2/c9745ed1d9f207416be6d2e6f8de32d1f16199bf/1_Pooling%2Fconfig.json "HTTP/1.1 200 OK"
HTTP Request: GET https://huggingface.co/api/models/sentence-transformers/all-MiniLM-L6-v2 "HTTP/1.1 200 OK"
HTTP Request: HEAD https://huggingface.co/sentence-transformers/all-MiniLM-L6-v2/resolve/main/modules.json "HTTP/1.1 307 Temporary Redirect"
HTTP Request: HEAD https://huggingface.co/api/resolve-cache/models/sentence-transformers/all-MiniLM-L6-v2/c9745ed1d9f207416be6d2e6f8de32d1f16199bf/modules.json "HTTP/1.1 200 OK"
HTTP Request: HEAD https://huggingface.co/sentence-transformers/all-MiniLM-L6-v2/resolve/main/config_sentence_transformers.json "HTTP/1.1 307 Temporary Redirect"
HTTP Request: HEAD https://huggingface.co/api/resolve-cache/models/sentence-transformers/all-MiniLM-L6-v2/c9745ed1d9f207416be6d2e6f8de32d1f16199bf/config_sentence_transformers.json "HTTP/1.1 200 OK"
Loading SentenceTransformer model from sentence-transformers/all-MiniLM-L6-v2.
HTTP Request: HEAD https://huggingface.co/sentence-transformers/all-MiniLM-L6-v2/resolve/main/config_sentence_transformers.json "HTTP/1.1 307 Temporary Redirect"
HTTP Request: HEAD https://huggingface.co/api/resolve-cache/models/sentence-transformers/all-MiniLM-L6-v2/c9745ed1d9f207416be6d2e6f8de32d1f16199bf/config_sentence_transformers.json "HTTP/1.1 200 OK"
HTTP Request: HEAD https://huggingface.co/sentence-transformers/all-MiniLM-L6-v2/resolve/main/README.md "HTTP/1.1 307 Temporary Redirect"
HTTP Request: HEAD https://huggingface.co/api/resolve-cache/models/sentence-transformers/all-MiniLM-L6-v2/c9745ed1d9f207416be6d2e6f8de32d1f16199bf/README.md "HTTP/1.1 200 OK"
HTTP Request: HEAD https://huggingface.co/sentence-transformers/all-MiniLM-L6-v2/resolve/main/modules.json "HTTP/1.1 307 Temporary Redirect"
HTTP Request: HEAD https://huggingface.co/api/resolve-cache/models/sentence-transformers/all-MiniLM-L6-v2/c9745ed1d9f207416be6d2e6f8de32d1f16199bf/modules.json "HTTP/1.1 200 OK"
HTTP Request: HEAD https://huggingface.co/sentence-transformers/all-MiniLM-L6-v2/resolve/main/sentence_bert_config.json "HTTP/1.1 307 Temporary Redirect"
HTTP Request: HEAD https://huggingface.co/api/resolve-cache/models/sentence-transformers/all-MiniLM-L6-v2/c9745ed1d9f207416be6d2e6f8de32d1f16199bf/sentence_bert_config.json "HTTP/1.1 200 OK"
HTTP Request: HEAD https://huggingface.co/sentence-transformers/all-MiniLM-L6-v2/resolve/main/adapter_config.json "HTTP/1.1 404 Not Found"
HTTP Request: HEAD https://huggingface.co/sentence-transformers/all-MiniLM-L6-v2/resolve/main/config.json "HTTP/1.1 307 Temporary Redirect"
HTTP Request: HEAD https://huggingface.co/api/resolve-cache/models/sentence-transformers/all-MiniLM-L6-v2/c9745ed1d9f207416be6d2e6f8de32d1f16199bf/config.json "HTTP/1.1 200 OK"
HTTP Request: HEAD https://huggingface.co/sentence-transformers/all-MiniLM-L6-v2/resolve/main/processor_config.json "HTTP/1.1 404 Not Found"
HTTP Request: HEAD https://huggingface.co/sentence-transformers/all-MiniLM-L6-v2/resolve/main/preprocessor_config.json "HTTP/1.1 404 Not Found"
HTTP Request: HEAD https://huggingface.co/sentence-transformers/all-MiniLM-L6-v2/resolve/main/video_preprocessor_config.json "HTTP/1.1 404 Not Found"
HTTP Request: HEAD https://huggingface.co/sentence-transformers/all-MiniLM-L6-v2/resolve/main/preprocessor_config.json "HTTP/1.1 404 Not Found"
HTTP Request: HEAD https://huggingface.co/sentence-transformers/all-MiniLM-L6-v2/resolve/main/tokenizer_config.json "HTTP/1.1 307 Temporary Redirect"
HTTP Request: HEAD https://huggingface.co/api/resolve-cache/models/sentence-transformers/all-MiniLM-L6-v2/c9745ed1d9f207416be6d2e6f8de32d1f16199bf/tokenizer_config.json "HTTP/1.1 200 OK"
HTTP Request: HEAD https://huggingface.co/sentence-transformers/all-MiniLM-L6-v2/resolve/main/config.json "HTTP/1.1 307 Temporary Redirect"
HTTP Request: HEAD https://huggingface.co/api/resolve-cache/models/sentence-transformers/all-MiniLM-L6-v2/c9745ed1d9f207416be6d2e6f8de32d1f16199bf/config.json "HTTP/1.1 200 OK"
HTTP Request: HEAD https://huggingface.co/sentence-transformers/all-MiniLM-L6-v2/resolve/main/config.json "HTTP/1.1 307 Temporary Redirect"
HTTP Request: HEAD https://huggingface.co/api/resolve-cache/models/sentence-transformers/all-MiniLM-L6-v2/c9745ed1d9f207416be6d2e6f8de32d1f16199bf/config.json "HTTP/1.1 200 OK"
HTTP Request: HEAD https://huggingface.co/sentence-transformers/all-MiniLM-L6-v2/resolve/main/tokenizer_config.json "HTTP/1.1 307 Temporary Redirect"
HTTP Request: HEAD https://huggingface.co/api/resolve-cache/models/sentence-transformers/all-MiniLM-L6-v2/c9745ed1d9f207416be6d2e6f8de32d1f16199bf/tokenizer_config.json "HTTP/1.1 200 OK"
HTTP Request: GET https://huggingface.co/api/models/sentence-transformers/all-MiniLM-L6-v2/tree/main/additional_chat_templates?recursive=false&expand=false "HTTP/1.1 404 Not Found"
HTTP Request: GET https://huggingface.co/api/models/sentence-transformers/all-MiniLM-L6-v2/tree/main?recursive=true&expand=false "HTTP/1.1 200 OK"
HTTP Request: HEAD https://huggingface.co/sentence-transformers/all-MiniLM-L6-v2/resolve/main/1_Pooling/config.json "HTTP/1.1 307 Temporary Redirect"
HTTP Request: HEAD https://huggingface.co/api/resolve-cache/models/sentence-transformers/all-MiniLM-L6-v2/c9745ed1d9f207416be6d2e6f8de32d1f16199bf/1_Pooling%2Fconfig.json "HTTP/1.1 200 OK"
HTTP Request: GET https://huggingface.co/api/models/sentence-transformers/all-MiniLM-L6-v2 "HTTP/1.1 200 OK"
HTTP Request: HEAD https://huggingface.co/sentence-transformers/all-MiniLM-L6-v2/resolve/main/modules.json "HTTP/1.1 307 Temporary Redirect"
HTTP Request: HEAD https://huggingface.co/api/resolve-cache/models/sentence-transformers/all-MiniLM-L6-v2/c9745ed1d9f207416be6d2e6f8de32d1f16199bf/modules.json "HTTP/1.1 200 OK"
HTTP Request: HEAD https://huggingface.co/sentence-transformers/all-MiniLM-L6-v2/resolve/main/config_sentence_transformers.json "HTTP/1.1 307 Temporary Redirect"
HTTP Request: HEAD https://huggingface.co/api/resolve-cache/models/sentence-transformers/all-MiniLM-L6-v2/c9745ed1d9f207416be6d2e6f8de32d1f16199bf/config_sentence_transformers.json "HTTP/1.1 200 OK"
Loading SentenceTransformer model from sentence-transformers/all-MiniLM-L6-v2.
HTTP Request: HEAD https://huggingface.co/sentence-transformers/all-MiniLM-L6-v2/resolve/main/config_sentence_transformers.json "HTTP/1.1 307 Temporary Redirect"
HTTP Request: HEAD https://huggingface.co/api/resolve-cache/models/sentence-transformers/all-MiniLM-L6-v2/c9745ed1d9f207416be6d2e6f8de32d1f16199bf/config_sentence_transformers.json "HTTP/1.1 200 OK"
HTTP Request: HEAD https://huggingface.co/sentence-transformers/all-MiniLM-L6-v2/resolve/main/README.md "HTTP/1.1 307 Temporary Redirect"
HTTP Request: HEAD https://huggingface.co/api/resolve-cache/models/sentence-transformers/all-MiniLM-L6-v2/c9745ed1d9f207416be6d2e6f8de32d1f16199bf/README.md "HTTP/1.1 200 OK"
HTTP Request: HEAD https://huggingface.co/sentence-transformers/all-MiniLM-L6-v2/resolve/main/modules.json "HTTP/1.1 307 Temporary Redirect"
HTTP Request: HEAD https://huggingface.co/api/resolve-cache/models/sentence-transformers/all-MiniLM-L6-v2/c9745ed1d9f207416be6d2e6f8de32d1f16199bf/modules.json "HTTP/1.1 200 OK"
HTTP Request: HEAD https://huggingface.co/sentence-transformers/all-MiniLM-L6-v2/resolve/main/sentence_bert_config.json "HTTP/1.1 307 Temporary Redirect"
HTTP Request: HEAD https://huggingface.co/api/resolve-cache/models/sentence-transformers/all-MiniLM-L6-v2/c9745ed1d9f207416be6d2e6f8de32d1f16199bf/sentence_bert_config.json "HTTP/1.1 200 OK"
HTTP Request: HEAD https://huggingface.co/sentence-transformers/all-MiniLM-L6-v2/resolve/main/adapter_config.json "HTTP/1.1 404 Not Found"
HTTP Request: HEAD https://huggingface.co/sentence-transformers/all-MiniLM-L6-v2/resolve/main/config.json "HTTP/1.1 307 Temporary Redirect"
HTTP Request: HEAD https://huggingface.co/api/resolve-cache/models/sentence-transformers/all-MiniLM-L6-v2/c9745ed1d9f207416be6d2e6f8de32d1f16199bf/config.json "HTTP/1.1 200 OK"
HTTP Request: HEAD https://huggingface.co/sentence-transformers/all-MiniLM-L6-v2/resolve/main/processor_config.json "HTTP/1.1 404 Not Found"
HTTP Request: HEAD https://huggingface.co/sentence-transformers/all-MiniLM-L6-v2/resolve/main/preprocessor_config.json "HTTP/1.1 404 Not Found"
HTTP Request: HEAD https://huggingface.co/sentence-transformers/all-MiniLM-L6-v2/resolve/main/video_preprocessor_config.json "HTTP/1.1 404 Not Found"
HTTP Request: HEAD https://huggingface.co/sentence-transformers/all-MiniLM-L6-v2/resolve/main/preprocessor_config.json "HTTP/1.1 404 Not Found"
HTTP Request: HEAD https://huggingface.co/sentence-transformers/all-MiniLM-L6-v2/resolve/main/tokenizer_config.json "HTTP/1.1 307 Temporary Redirect"
HTTP Request: HEAD https://huggingface.co/api/resolve-cache/models/sentence-transformers/all-MiniLM-L6-v2/c9745ed1d9f207416be6d2e6f8de32d1f16199bf/tokenizer_config.json "HTTP/1.1 200 OK"
HTTP Request: HEAD https://huggingface.co/sentence-transformers/all-MiniLM-L6-v2/resolve/main/config.json "HTTP/1.1 307 Temporary Redirect"
HTTP Request: HEAD https://huggingface.co/api/resolve-cache/models/sentence-transformers/all-MiniLM-L6-v2/c9745ed1d9f207416be6d2e6f8de32d1f16199bf/config.json "HTTP/1.1 200 OK"
HTTP Request: HEAD https://huggingface.co/sentence-transformers/all-MiniLM-L6-v2/resolve/main/config.json "HTTP/1.1 307 Temporary Redirect"
HTTP Request: HEAD https://huggingface.co/api/resolve-cache/models/sentence-transformers/all-MiniLM-L6-v2/c9745ed1d9f207416be6d2e6f8de32d1f16199bf/config.json "HTTP/1.1 200 OK"
HTTP Request: HEAD https://huggingface.co/sentence-transformers/all-MiniLM-L6-v2/resolve/main/tokenizer_config.json "HTTP/1.1 307 Temporary Redirect"
HTTP Request: HEAD https://huggingface.co/api/resolve-cache/models/sentence-transformers/all-MiniLM-L6-v2/c9745ed1d9f207416be6d2e6f8de32d1f16199bf/tokenizer_config.json "HTTP/1.1 200 OK"
HTTP Request: GET https://huggingface.co/api/models/sentence-transformers/all-MiniLM-L6-v2/tree/main/additional_chat_templates?recursive=false&expand=false "HTTP/1.1 404 Not Found"
HTTP Request: GET https://huggingface.co/api/models/sentence-transformers/all-MiniLM-L6-v2/tree/main?recursive=true&expand=false "HTTP/1.1 200 OK"
HTTP Request: HEAD https://huggingface.co/sentence-transformers/all-MiniLM-L6-v2/resolve/main/1_Pooling/config.json "HTTP/1.1 307 Temporary Redirect"
HTTP Request: HEAD https://huggingface.co/api/resolve-cache/models/sentence-transformers/all-MiniLM-L6-v2/c9745ed1d9f207416be6d2e6f8de32d1f16199bf/1_Pooling%2Fconfig.json "HTTP/1.1 200 OK"
HTTP Request: GET https://huggingface.co/api/models/sentence-transformers/all-MiniLM-L6-v2 "HTTP/1.1 200 OK"
HTTP Request: GET https://example.com/robots.txt "HTTP/1.1 404 Not Found"
HTTP Request: GET https://example.com "HTTP/1.1 200 OK"
HTTP Request: GET https://example.com "HTTP/1.1 200 OK"
HTTP Request: HEAD https://huggingface.co/sentence-transformers/all-MiniLM-L6-v2/resolve/main/modules.json "HTTP/1.1 307 Temporary Redirect"
HTTP Request: HEAD https://huggingface.co/api/resolve-cache/models/sentence-transformers/all-MiniLM-L6-v2/c9745ed1d9f207416be6d2e6f8de32d1f16199bf/modules.json "HTTP/1.1 200 OK"
HTTP Request: HEAD https://huggingface.co/sentence-transformers/all-MiniLM-L6-v2/resolve/main/config_sentence_transformers.json "HTTP/1.1 307 Temporary Redirect"
HTTP Request: HEAD https://huggingface.co/api/resolve-cache/models/sentence-transformers/all-MiniLM-L6-v2/c9745ed1d9f207416be6d2e6f8de32d1f16199bf/config_sentence_transformers.json "HTTP/1.1 200 OK"
Loading SentenceTransformer model from sentence-transformers/all-MiniLM-L6-v2.
HTTP Request: HEAD https://huggingface.co/sentence-transformers/all-MiniLM-L6-v2/resolve/main/config_sentence_transformers.json "HTTP/1.1 307 Temporary Redirect"
HTTP Request: HEAD https://huggingface.co/api/resolve-cache/models/sentence-transformers/all-MiniLM-L6-v2/c9745ed1d9f207416be6d2e6f8de32d1f16199bf/config_sentence_transformers.json "HTTP/1.1 200 OK"
HTTP Request: HEAD https://huggingface.co/sentence-transformers/all-MiniLM-L6-v2/resolve/main/README.md "HTTP/1.1 307 Temporary Redirect"
HTTP Request: HEAD https://huggingface.co/api/resolve-cache/models/sentence-transformers/all-MiniLM-L6-v2/c9745ed1d9f207416be6d2e6f8de32d1f16199bf/README.md "HTTP/1.1 200 OK"
HTTP Request: HEAD https://huggingface.co/sentence-transformers/all-MiniLM-L6-v2/resolve/main/modules.json "HTTP/1.1 307 Temporary Redirect"
HTTP Request: HEAD https://huggingface.co/api/resolve-cache/models/sentence-transformers/all-MiniLM-L6-v2/c9745ed1d9f207416be6d2e6f8de32d1f16199bf/modules.json "HTTP/1.1 200 OK"
HTTP Request: HEAD https://huggingface.co/sentence-transformers/all-MiniLM-L6-v2/resolve/main/sentence_bert_config.json "HTTP/1.1 307 Temporary Redirect"
HTTP Request: HEAD https://huggingface.co/api/resolve-cache/models/sentence-transformers/all-MiniLM-L6-v2/c9745ed1d9f207416be6d2e6f8de32d1f16199bf/sentence_bert_config.json "HTTP/1.1 200 OK"
HTTP Request: HEAD https://huggingface.co/sentence-transformers/all-MiniLM-L6-v2/resolve/main/adapter_config.json "HTTP/1.1 404 Not Found"
HTTP Request: HEAD https://huggingface.co/sentence-transformers/all-MiniLM-L6-v2/resolve/main/config.json "HTTP/1.1 307 Temporary Redirect"
HTTP Request: HEAD https://huggingface.co/api/resolve-cache/models/sentence-transformers/all-MiniLM-L6-v2/c9745ed1d9f207416be6d2e6f8de32d1f16199bf/config.json "HTTP/1.1 200 OK"
HTTP Request: HEAD https://huggingface.co/sentence-transformers/all-MiniLM-L6-v2/resolve/main/processor_config.json "HTTP/1.1 404 Not Found"
HTTP Request: HEAD https://huggingface.co/sentence-transformers/all-MiniLM-L6-v2/resolve/main/preprocessor_config.json "HTTP/1.1 404 Not Found"
HTTP Request: HEAD https://huggingface.co/sentence-transformers/all-MiniLM-L6-v2/resolve/main/video_preprocessor_config.json "HTTP/1.1 404 Not Found"
HTTP Request: HEAD https://huggingface.co/sentence-transformers/all-MiniLM-L6-v2/resolve/main/preprocessor_config.json "HTTP/1.1 404 Not Found"
HTTP Request: HEAD https://huggingface.co/sentence-transformers/all-MiniLM-L6-v2/resolve/main/tokenizer_config.json "HTTP/1.1 307 Temporary Redirect"
HTTP Request: HEAD https://huggingface.co/api/resolve-cache/models/sentence-transformers/all-MiniLM-L6-v2/c9745ed1d9f207416be6d2e6f8de32d1f16199bf/tokenizer_config.json "HTTP/1.1 200 OK"
HTTP Request: HEAD https://huggingface.co/sentence-transformers/all-MiniLM-L6-v2/resolve/main/config.json "HTTP/1.1 307 Temporary Redirect"
HTTP Request: HEAD https://huggingface.co/api/resolve-cache/models/sentence-transformers/all-MiniLM-L6-v2/c9745ed1d9f207416be6d2e6f8de32d1f16199bf/config.json "HTTP/1.1 200 OK"
HTTP Request: HEAD https://huggingface.co/sentence-transformers/all-MiniLM-L6-v2/resolve/main/config.json "HTTP/1.1 307 Temporary Redirect"
HTTP Request: HEAD https://huggingface.co/api/resolve-cache/models/sentence-transformers/all-MiniLM-L6-v2/c9745ed1d9f207416be6d2e6f8de32d1f16199bf/config.json "HTTP/1.1 200 OK"
HTTP Request: HEAD https://huggingface.co/sentence-transformers/all-MiniLM-L6-v2/resolve/main/tokenizer_config.json "HTTP/1.1 307 Temporary Redirect"
HTTP Request: HEAD https://huggingface.co/api/resolve-cache/models/sentence-transformers/all-MiniLM-L6-v2/c9745ed1d9f207416be6d2e6f8de32d1f16199bf/tokenizer_config.json "HTTP/1.1 200 OK"
HTTP Request: GET https://huggingface.co/api/models/sentence-transformers/all-MiniLM-L6-v2/tree/main/additional_chat_templates?recursive=false&expand=false "HTTP/1.1 404 Not Found"
HTTP Request: GET https://huggingface.co/api/models/sentence-transformers/all-MiniLM-L6-v2/tree/main?recursive=true&expand=false "HTTP/1.1 200 OK"
HTTP Request: HEAD https://huggingface.co/sentence-transformers/all-MiniLM-L6-v2/resolve/main/1_Pooling/config.json "HTTP/1.1 307 Temporary Redirect"
HTTP Request: HEAD https://huggingface.co/api/resolve-cache/models/sentence-transformers/all-MiniLM-L6-v2/c9745ed1d9f207416be6d2e6f8de32d1f16199bf/1_Pooling%2Fconfig.json "HTTP/1.1 200 OK"
HTTP Request: GET https://huggingface.co/api/models/sentence-transformers/all-MiniLM-L6-v2 "HTTP/1.1 200 OK"
HTTP Request: HEAD https://huggingface.co/sentence-transformers/all-MiniLM-L6-v2/resolve/main/modules.json "HTTP/1.1 307 Temporary Redirect"
HTTP Request: HEAD https://huggingface.co/api/resolve-cache/models/sentence-transformers/all-MiniLM-L6-v2/c9745ed1d9f207416be6d2e6f8de32d1f16199bf/modules.json "HTTP/1.1 200 OK"
HTTP Request: HEAD https://huggingface.co/sentence-transformers/all-MiniLM-L6-v2/resolve/main/config_sentence_transformers.json "HTTP/1.1 307 Temporary Redirect"
HTTP Request: HEAD https://huggingface.co/api/resolve-cache/models/sentence-transformers/all-MiniLM-L6-v2/c9745ed1d9f207416be6d2e6f8de32d1f16199bf/config_sentence_transformers.json "HTTP/1.1 200 OK"
Loading SentenceTransformer model from sentence-transformers/all-MiniLM-L6-v2.
HTTP Request: HEAD https://huggingface.co/sentence-transformers/all-MiniLM-L6-v2/resolve/main/config_sentence_transformers.json "HTTP/1.1 307 Temporary Redirect"
HTTP Request: HEAD https://huggingface.co/api/resolve-cache/models/sentence-transformers/all-MiniLM-L6-v2/c9745ed1d9f207416be6d2e6f8de32d1f16199bf/config_sentence_transformers.json "HTTP/1.1 200 OK"
HTTP Request: HEAD https://huggingface.co/sentence-transformers/all-MiniLM-L6-v2/resolve/main/README.md "HTTP/1.1 307 Temporary Redirect"
HTTP Request: HEAD https://huggingface.co/api/resolve-cache/models/sentence-transformers/all-MiniLM-L6-v2/c9745ed1d9f207416be6d2e6f8de32d1f16199bf/README.md "HTTP/1.1 200 OK"
HTTP Request: HEAD https://huggingface.co/sentence-transformers/all-MiniLM-L6-v2/resolve/main/modules.json "HTTP/1.1 307 Temporary Redirect"
HTTP Request: HEAD https://huggingface.co/api/resolve-cache/models/sentence-transformers/all-MiniLM-L6-v2/c9745ed1d9f207416be6d2e6f8de32d1f16199bf/modules.json "HTTP/1.1 200 OK"
HTTP Request: HEAD https://huggingface.co/sentence-transformers/all-MiniLM-L6-v2/resolve/main/sentence_bert_config.json "HTTP/1.1 307 Temporary Redirect"
HTTP Request: HEAD https://huggingface.co/api/resolve-cache/models/sentence-transformers/all-MiniLM-L6-v2/c9745ed1d9f207416be6d2e6f8de32d1f16199bf/sentence_bert_config.json "HTTP/1.1 200 OK"
HTTP Request: HEAD https://huggingface.co/sentence-transformers/all-MiniLM-L6-v2/resolve/main/adapter_config.json "HTTP/1.1 404 Not Found"
HTTP Request: HEAD https://huggingface.co/sentence-transformers/all-MiniLM-L6-v2/resolve/main/config.json "HTTP/1.1 307 Temporary Redirect"
HTTP Request: HEAD https://huggingface.co/api/resolve-cache/models/sentence-transformers/all-MiniLM-L6-v2/c9745ed1d9f207416be6d2e6f8de32d1f16199bf/config.json "HTTP/1.1 200 OK"
HTTP Request: HEAD https://huggingface.co/sentence-transformers/all-MiniLM-L6-v2/resolve/main/processor_config.json "HTTP/1.1 404 Not Found"
HTTP Request: HEAD https://huggingface.co/sentence-transformers/all-MiniLM-L6-v2/resolve/main/preprocessor_config.json "HTTP/1.1 404 Not Found"
HTTP Request: HEAD https://huggingface.co/sentence-transformers/all-MiniLM-L6-v2/resolve/main/video_preprocessor_config.json "HTTP/1.1 404 Not Found"
HTTP Request: HEAD https://huggingface.co/sentence-transformers/all-MiniLM-L6-v2/resolve/main/preprocessor_config.json "HTTP/1.1 404 Not Found"
HTTP Request: HEAD https://huggingface.co/sentence-transformers/all-MiniLM-L6-v2/resolve/main/tokenizer_config.json "HTTP/1.1 307 Temporary Redirect"
HTTP Request: HEAD https://huggingface.co/api/resolve-cache/models/sentence-transformers/all-MiniLM-L6-v2/c9745ed1d9f207416be6d2e6f8de32d1f16199bf/tokenizer_config.json "HTTP/1.1 200 OK"
HTTP Request: HEAD https://huggingface.co/sentence-transformers/all-MiniLM-L6-v2/resolve/main/config.json "HTTP/1.1 307 Temporary Redirect"
HTTP Request: HEAD https://huggingface.co/api/resolve-cache/models/sentence-transformers/all-MiniLM-L6-v2/c9745ed1d9f207416be6d2e6f8de32d1f16199bf/config.json "HTTP/1.1 200 OK"
HTTP Request: HEAD https://huggingface.co/sentence-transformers/all-MiniLM-L6-v2/resolve/main/config.json "HTTP/1.1 307 Temporary Redirect"
HTTP Request: HEAD https://huggingface.co/api/resolve-cache/models/sentence-transformers/all-MiniLM-L6-v2/c9745ed1d9f207416be6d2e6f8de32d1f16199bf/config.json "HTTP/1.1 200 OK"
HTTP Request: HEAD https://huggingface.co/sentence-transformers/all-MiniLM-L6-v2/resolve/main/tokenizer_config.json "HTTP/1.1 307 Temporary Redirect"
HTTP Request: HEAD https://huggingface.co/api/resolve-cache/models/sentence-transformers/all-MiniLM-L6-v2/c9745ed1d9f207416be6d2e6f8de32d1f16199bf/tokenizer_config.json "HTTP/1.1 200 OK"
HTTP Request: GET https://huggingface.co/api/models/sentence-transformers/all-MiniLM-L6-v2/tree/main/additional_chat_templates?recursive=false&expand=false "HTTP/1.1 404 Not Found"
HTTP Request: GET https://huggingface.co/api/models/sentence-transformers/all-MiniLM-L6-v2/tree/main?recursive=true&expand=false "HTTP/1.1 200 OK"
HTTP Request: HEAD https://huggingface.co/sentence-transformers/all-MiniLM-L6-v2/resolve/main/1_Pooling/config.json "HTTP/1.1 307 Temporary Redirect"
HTTP Request: HEAD https://huggingface.co/api/resolve-cache/models/sentence-transformers/all-MiniLM-L6-v2/c9745ed1d9f207416be6d2e6f8de32d1f16199bf/1_Pooling%2Fconfig.json "HTTP/1.1 200 OK"
HTTP Request: GET https://huggingface.co/api/models/sentence-transformers/all-MiniLM-L6-v2 "HTTP/1.1 200 OK"
HTTP Request: HEAD https://huggingface.co/sentence-transformers/all-MiniLM-L6-v2/resolve/main/modules.json "HTTP/1.1 307 Temporary Redirect"
HTTP Request: HEAD https://huggingface.co/api/resolve-cache/models/sentence-transformers/all-MiniLM-L6-v2/c9745ed1d9f207416be6d2e6f8de32d1f16199bf/modules.json "HTTP/1.1 200 OK"
HTTP Request: HEAD https://huggingface.co/sentence-transformers/all-MiniLM-L6-v2/resolve/main/config_sentence_transformers.json "HTTP/1.1 307 Temporary Redirect"
HTTP Request: HEAD https://huggingface.co/api/resolve-cache/models/sentence-transformers/all-MiniLM-L6-v2/c9745ed1d9f207416be6d2e6f8de32d1f16199bf/config_sentence_transformers.json "HTTP/1.1 200 OK"
Loading SentenceTransformer model from sentence-transformers/all-MiniLM-L6-v2.
HTTP Request: HEAD https://huggingface.co/sentence-transformers/all-MiniLM-L6-v2/resolve/main/config_sentence_transformers.json "HTTP/1.1 307 Temporary Redirect"
HTTP Request: HEAD https://huggingface.co/api/resolve-cache/models/sentence-transformers/all-MiniLM-L6-v2/c9745ed1d9f207416be6d2e6f8de32d1f16199bf/config_sentence_transformers.json "HTTP/1.1 200 OK"
HTTP Request: HEAD https://huggingface.co/sentence-transformers/all-MiniLM-L6-v2/resolve/main/README.md "HTTP/1.1 307 Temporary Redirect"
HTTP Request: HEAD https://huggingface.co/api/resolve-cache/models/sentence-transformers/all-MiniLM-L6-v2/c9745ed1d9f207416be6d2e6f8de32d1f16199bf/README.md "HTTP/1.1 200 OK"
HTTP Request: HEAD https://huggingface.co/sentence-transformers/all-MiniLM-L6-v2/resolve/main/modules.json "HTTP/1.1 307 Temporary Redirect"
HTTP Request: HEAD https://huggingface.co/api/resolve-cache/models/sentence-transformers/all-MiniLM-L6-v2/c9745ed1d9f207416be6d2e6f8de32d1f16199bf/modules.json "HTTP/1.1 200 OK"
HTTP Request: HEAD https://huggingface.co/sentence-transformers/all-MiniLM-L6-v2/resolve/main/sentence_bert_config.json "HTTP/1.1 307 Temporary Redirect"
HTTP Request: HEAD https://huggingface.co/api/resolve-cache/models/sentence-transformers/all-MiniLM-L6-v2/c9745ed1d9f207416be6d2e6f8de32d1f16199bf/sentence_bert_config.json "HTTP/1.1 200 OK"
HTTP Request: HEAD https://huggingface.co/sentence-transformers/all-MiniLM-L6-v2/resolve/main/adapter_config.json "HTTP/1.1 404 Not Found"
HTTP Request: HEAD https://huggingface.co/sentence-transformers/all-MiniLM-L6-v2/resolve/main/config.json "HTTP/1.1 307 Temporary Redirect"
HTTP Request: HEAD https://huggingface.co/api/resolve-cache/models/sentence-transformers/all-MiniLM-L6-v2/c9745ed1d9f207416be6d2e6f8de32d1f16199bf/config.json "HTTP/1.1 200 OK"
HTTP Request: HEAD https://huggingface.co/sentence-transformers/all-MiniLM-L6-v2/resolve/main/processor_config.json "HTTP/1.1 404 Not Found"
HTTP Request: HEAD https://huggingface.co/sentence-transformers/all-MiniLM-L6-v2/resolve/main/preprocessor_config.json "HTTP/1.1 404 Not Found"
HTTP Request: HEAD https://huggingface.co/sentence-transformers/all-MiniLM-L6-v2/resolve/main/video_preprocessor_config.json "HTTP/1.1 404 Not Found"
HTTP Request: HEAD https://huggingface.co/sentence-transformers/all-MiniLM-L6-v2/resolve/main/preprocessor_config.json "HTTP/1.1 404 Not Found"
HTTP Request: HEAD https://huggingface.co/sentence-transformers/all-MiniLM-L6-v2/resolve/main/tokenizer_config.json "HTTP/1.1 307 Temporary Redirect"
HTTP Request: HEAD https://huggingface.co/api/resolve-cache/models/sentence-transformers/all-MiniLM-L6-v2/c9745ed1d9f207416be6d2e6f8de32d1f16199bf/tokenizer_config.json "HTTP/1.1 200 OK"
HTTP Request: HEAD https://huggingface.co/sentence-transformers/all-MiniLM-L6-v2/resolve/main/config.json "HTTP/1.1 307 Temporary Redirect"
HTTP Request: HEAD https://huggingface.co/api/resolve-cache/models/sentence-transformers/all-MiniLM-L6-v2/c9745ed1d9f207416be6d2e6f8de32d1f16199bf/config.json "HTTP/1.1 200 OK"
HTTP Request: HEAD https://huggingface.co/sentence-transformers/all-MiniLM-L6-v2/resolve/main/config.json "HTTP/1.1 307 Temporary Redirect"
HTTP Request: HEAD https://huggingface.co/api/resolve-cache/models/sentence-transformers/all-MiniLM-L6-v2/c9745ed1d9f207416be6d2e6f8de32d1f16199bf/config.json "HTTP/1.1 200 OK"
HTTP Request: HEAD https://huggingface.co/sentence-transformers/all-MiniLM-L6-v2/resolve/main/tokenizer_config.json "HTTP/1.1 307 Temporary Redirect"
HTTP Request: HEAD https://huggingface.co/api/resolve-cache/models/sentence-transformers/all-MiniLM-L6-v2/c9745ed1d9f207416be6d2e6f8de32d1f16199bf/tokenizer_config.json "HTTP/1.1 200 OK"
HTTP Request: GET https://huggingface.co/api/models/sentence-transformers/all-MiniLM-L6-v2/tree/main/additional_chat_templates?recursive=false&expand=false "HTTP/1.1 404 Not Found"
HTTP Request: GET https://huggingface.co/api/models/sentence-transformers/all-MiniLM-L6-v2/tree/main?recursive=true&expand=false "HTTP/1.1 200 OK"
HTTP Request: HEAD https://huggingface.co/sentence-transformers/all-MiniLM-L6-v2/resolve/main/1_Pooling/config.json "HTTP/1.1 307 Temporary Redirect"
HTTP Request: HEAD https://huggingface.co/api/resolve-cache/models/sentence-transformers/all-MiniLM-L6-v2/c9745ed1d9f207416be6d2e6f8de32d1f16199bf/1_Pooling%2Fconfig.json "HTTP/1.1 200 OK"
HTTP Request: GET https://huggingface.co/api/models/sentence-transformers/all-MiniLM-L6-v2 "HTTP/1.1 200 OK"
HTTP Request: HEAD https://huggingface.co/sentence-transformers/all-MiniLM-L6-v2/resolve/main/modules.json "HTTP/1.1 307 Temporary Redirect"
HTTP Request: HEAD https://huggingface.co/api/resolve-cache/models/sentence-transformers/all-MiniLM-L6-v2/c9745ed1d9f207416be6d2e6f8de32d1f16199bf/modules.json "HTTP/1.1 200 OK"
HTTP Request: HEAD https://huggingface.co/sentence-transformers/all-MiniLM-L6-v2/resolve/main/config_sentence_transformers.json "HTTP/1.1 307 Temporary Redirect"
HTTP Request: HEAD https://huggingface.co/api/resolve-cache/models/sentence-transformers/all-MiniLM-L6-v2/c9745ed1d9f207416be6d2e6f8de32d1f16199bf/config_sentence_transformers.json "HTTP/1.1 200 OK"
Loading SentenceTransformer model from sentence-transformers/all-MiniLM-L6-v2.
HTTP Request: HEAD https://huggingface.co/sentence-transformers/all-MiniLM-L6-v2/resolve/main/config_sentence_transformers.json "HTTP/1.1 307 Temporary Redirect"
HTTP Request: HEAD https://huggingface.co/api/resolve-cache/models/sentence-transformers/all-MiniLM-L6-v2/c9745ed1d9f207416be6d2e6f8de32d1f16199bf/config_sentence_transformers.json "HTTP/1.1 200 OK"
HTTP Request: HEAD https://huggingface.co/sentence-transformers/all-MiniLM-L6-v2/resolve/main/README.md "HTTP/1.1 307 Temporary Redirect"
HTTP Request: HEAD https://huggingface.co/api/resolve-cache/models/sentence-transformers/all-MiniLM-L6-v2/c9745ed1d9f207416be6d2e6f8de32d1f16199bf/README.md "HTTP/1.1 200 OK"
HTTP Request: HEAD https://huggingface.co/sentence-transformers/all-MiniLM-L6-v2/resolve/main/modules.json "HTTP/1.1 307 Temporary Redirect"
HTTP Request: HEAD https://huggingface.co/api/resolve-cache/models/sentence-transformers/all-MiniLM-L6-v2/c9745ed1d9f207416be6d2e6f8de32d1f16199bf/modules.json "HTTP/1.1 200 OK"
HTTP Request: HEAD https://huggingface.co/sentence-transformers/all-MiniLM-L6-v2/resolve/main/sentence_bert_config.json "HTTP/1.1 307 Temporary Redirect"
HTTP Request: HEAD https://huggingface.co/api/resolve-cache/models/sentence-transformers/all-MiniLM-L6-v2/c9745ed1d9f207416be6d2e6f8de32d1f16199bf/sentence_bert_config.json "HTTP/1.1 200 OK"
HTTP Request: HEAD https://huggingface.co/sentence-transformers/all-MiniLM-L6-v2/resolve/main/adapter_config.json "HTTP/1.1 404 Not Found"
HTTP Request: HEAD https://huggingface.co/sentence-transformers/all-MiniLM-L6-v2/resolve/main/config.json "HTTP/1.1 307 Temporary Redirect"
HTTP Request: HEAD https://huggingface.co/api/resolve-cache/models/sentence-transformers/all-MiniLM-L6-v2/c9745ed1d9f207416be6d2e6f8de32d1f16199bf/config.json "HTTP/1.1 200 OK"
HTTP Request: HEAD https://huggingface.co/sentence-transformers/all-MiniLM-L6-v2/resolve/main/processor_config.json "HTTP/1.1 404 Not Found"
HTTP Request: HEAD https://huggingface.co/sentence-transformers/all-MiniLM-L6-v2/resolve/main/preprocessor_config.json "HTTP/1.1 404 Not Found"
HTTP Request: HEAD https://huggingface.co/sentence-transformers/all-MiniLM-L6-v2/resolve/main/video_preprocessor_config.json "HTTP/1.1 404 Not Found"
HTTP Request: HEAD https://huggingface.co/sentence-transformers/all-MiniLM-L6-v2/resolve/main/preprocessor_config.json "HTTP/1.1 404 Not Found"
HTTP Request: HEAD https://huggingface.co/sentence-transformers/all-MiniLM-L6-v2/resolve/main/tokenizer_config.json "HTTP/1.1 307 Temporary Redirect"
HTTP Request: HEAD https://huggingface.co/api/resolve-cache/models/sentence-transformers/all-MiniLM-L6-v2/c9745ed1d9f207416be6d2e6f8de32d1f16199bf/tokenizer_config.json "HTTP/1.1 200 OK"
HTTP Request: HEAD https://huggingface.co/sentence-transformers/all-MiniLM-L6-v2/resolve/main/config.json "HTTP/1.1 307 Temporary Redirect"
HTTP Request: HEAD https://huggingface.co/api/resolve-cache/models/sentence-transformers/all-MiniLM-L6-v2/c9745ed1d9f207416be6d2e6f8de32d1f16199bf/config.json "HTTP/1.1 200 OK"
HTTP Request: HEAD https://huggingface.co/sentence-transformers/all-MiniLM-L6-v2/resolve/main/config.json "HTTP/1.1 307 Temporary Redirect"
HTTP Request: HEAD https://huggingface.co/api/resolve-cache/models/sentence-transformers/all-MiniLM-L6-v2/c9745ed1d9f207416be6d2e6f8de32d1f16199bf/config.json "HTTP/1.1 200 OK"
HTTP Request: HEAD https://huggingface.co/sentence-transformers/all-MiniLM-L6-v2/resolve/main/tokenizer_config.json "HTTP/1.1 307 Temporary Redirect"
HTTP Request: HEAD https://huggingface.co/api/resolve-cache/models/sentence-transformers/all-MiniLM-L6-v2/c9745ed1d9f207416be6d2e6f8de32d1f16199bf/tokenizer_config.json "HTTP/1.1 200 OK"
HTTP Request: GET https://huggingface.co/api/models/sentence-transformers/all-MiniLM-L6-v2/tree/main/additional_chat_templates?recursive=false&expand=false "HTTP/1.1 404 Not Found"
HTTP Request: GET https://huggingface.co/api/models/sentence-transformers/all-MiniLM-L6-v2/tree/main?recursive=true&expand=false "HTTP/1.1 200 OK"
HTTP Request: HEAD https://huggingface.co/sentence-transformers/all-MiniLM-L6-v2/resolve/main/1_Pooling/config.json "HTTP/1.1 307 Temporary Redirect"
HTTP Request: HEAD https://huggingface.co/api/resolve-cache/models/sentence-transformers/all-MiniLM-L6-v2/c9745ed1d9f207416be6d2e6f8de32d1f16199bf/1_Pooling%2Fconfig.json "HTTP/1.1 200 OK"
HTTP Request: GET https://huggingface.co/api/models/sentence-transformers/all-MiniLM-L6-v2 "HTTP/1.1 200 OK"
Detector failing_detector failed: Test error
HTTP Request: HEAD https://huggingface.co/sentence-transformers/all-MiniLM-L6-v2/resolve/main/modules.json "HTTP/1.1 307 Temporary Redirect"
Warning: You are sending unauthenticated requests to the HF Hub. Please set a HF_TOKEN to enable higher rate limits and faster downloads.
HTTP Request: HEAD https://huggingface.co/api/resolve-cache/models/sentence-transformers/all-MiniLM-L6-v2/c9745ed1d9f207416be6d2e6f8de32d1f16199bf/modules.json "HTTP/1.1 200 OK"
HTTP Request: HEAD https://huggingface.co/sentence-transformers/all-MiniLM-L6-v2/resolve/main/config_sentence_transformers.json "HTTP/1.1 307 Temporary Redirect"
HTTP Request: HEAD https://huggingface.co/api/resolve-cache/models/sentence-transformers/all-MiniLM-L6-v2/c9745ed1d9f207416be6d2e6f8de32d1f16199bf/config_sentence_transformers.json "HTTP/1.1 200 OK"
Loading SentenceTransformer model from sentence-transformers/all-MiniLM-L6-v2.
HTTP Request: HEAD https://huggingface.co/sentence-transformers/all-MiniLM-L6-v2/resolve/main/config_sentence_transformers.json "HTTP/1.1 307 Temporary Redirect"
HTTP Request: HEAD https://huggingface.co/api/resolve-cache/models/sentence-transformers/all-MiniLM-L6-v2/c9745ed1d9f207416be6d2e6f8de32d1f16199bf/config_sentence_transformers.json "HTTP/1.1 200 OK"
HTTP Request: HEAD https://huggingface.co/sentence-transformers/all-MiniLM-L6-v2/resolve/main/README.md "HTTP/1.1 307 Temporary Redirect"
HTTP Request: HEAD https://huggingface.co/api/resolve-cache/models/sentence-transformers/all-MiniLM-L6-v2/c9745ed1d9f207416be6d2e6f8de32d1f16199bf/README.md "HTTP/1.1 200 OK"
HTTP Request: HEAD https://huggingface.co/sentence-transformers/all-MiniLM-L6-v2/resolve/main/modules.json "HTTP/1.1 307 Temporary Redirect"
HTTP Request: HEAD https://huggingface.co/api/resolve-cache/models/sentence-transformers/all-MiniLM-L6-v2/c9745ed1d9f207416be6d2e6f8de32d1f16199bf/modules.json "HTTP/1.1 200 OK"
HTTP Request: HEAD https://huggingface.co/sentence-transformers/all-MiniLM-L6-v2/resolve/main/sentence_bert_config.json "HTTP/1.1 307 Temporary Redirect"
HTTP Request: HEAD https://huggingface.co/api/resolve-cache/models/sentence-transformers/all-MiniLM-L6-v2/c9745ed1d9f207416be6d2e6f8de32d1f16199bf/sentence_bert_config.json "HTTP/1.1 200 OK"
HTTP Request: HEAD https://huggingface.co/sentence-transformers/all-MiniLM-L6-v2/resolve/main/adapter_config.json "HTTP/1.1 404 Not Found"
HTTP Request: HEAD https://huggingface.co/sentence-transformers/all-MiniLM-L6-v2/resolve/main/config.json "HTTP/1.1 307 Temporary Redirect"
HTTP Request: HEAD https://huggingface.co/api/resolve-cache/models/sentence-transformers/all-MiniLM-L6-v2/c9745ed1d9f207416be6d2e6f8de32d1f16199bf/config.json "HTTP/1.1 200 OK"
HTTP Request: HEAD https://huggingface.co/sentence-transformers/all-MiniLM-L6-v2/resolve/main/processor_config.json "HTTP/1.1 404 Not Found"
HTTP Request: HEAD https://huggingface.co/sentence-transformers/all-MiniLM-L6-v2/resolve/main/preprocessor_config.json "HTTP/1.1 404 Not Found"
HTTP Request: HEAD https://huggingface.co/sentence-transformers/all-MiniLM-L6-v2/resolve/main/video_preprocessor_config.json "HTTP/1.1 404 Not Found"
HTTP Request: HEAD https://huggingface.co/sentence-transformers/all-MiniLM-L6-v2/resolve/main/preprocessor_config.json "HTTP/1.1 404 Not Found"
HTTP Request: HEAD https://huggingface.co/sentence-transformers/all-MiniLM-L6-v2/resolve/main/tokenizer_config.json "HTTP/1.1 307 Temporary Redirect"
HTTP Request: HEAD https://huggingface.co/api/resolve-cache/models/sentence-transformers/all-MiniLM-L6-v2/c9745ed1d9f207416be6d2e6f8de32d1f16199bf/tokenizer_config.json "HTTP/1.1 200 OK"
HTTP Request: HEAD https://huggingface.co/sentence-transformers/all-MiniLM-L6-v2/resolve/main/config.json "HTTP/1.1 307 Temporary Redirect"
HTTP Request: HEAD https://huggingface.co/api/resolve-cache/models/sentence-transformers/all-MiniLM-L6-v2/c9745ed1d9f207416be6d2e6f8de32d1f16199bf/config.json "HTTP/1.1 200 OK"
HTTP Request: HEAD https://huggingface.co/sentence-transformers/all-MiniLM-L6-v2/resolve/main/config.json "HTTP/1.1 307 Temporary Redirect"
HTTP Request: HEAD https://huggingface.co/api/resolve-cache/models/sentence-transformers/all-MiniLM-L6-v2/c9745ed1d9f207416be6d2e6f8de32d1f16199bf/config.json "HTTP/1.1 200 OK"
HTTP Request: HEAD https://huggingface.co/sentence-transformers/all-MiniLM-L6-v2/resolve/main/tokenizer_config.json "HTTP/1.1 307 Temporary Redirect"
HTTP Request: HEAD https://huggingface.co/api/resolve-cache/models/sentence-transformers/all-MiniLM-L6-v2/c9745ed1d9f207416be6d2e6f8de32d1f16199bf/tokenizer_config.json "HTTP/1.1 200 OK"
HTTP Request: GET https://huggingface.co/api/models/sentence-transformers/all-MiniLM-L6-v2/tree/main/additional_chat_templates?recursive=false&expand=false "HTTP/1.1 404 Not Found"
HTTP Request: GET https://huggingface.co/api/models/sentence-transformers/all-MiniLM-L6-v2/tree/main?recursive=true&expand=false "HTTP/1.1 200 OK"
HTTP Request: HEAD https://huggingface.co/sentence-transformers/all-MiniLM-L6-v2/resolve/main/1_Pooling/config.json "HTTP/1.1 307 Temporary Redirect"
HTTP Request: HEAD https://huggingface.co/api/resolve-cache/models/sentence-transformers/all-MiniLM-L6-v2/c9745ed1d9f207416be6d2e6f8de32d1f16199bf/1_Pooling%2Fconfig.json "HTTP/1.1 200 OK"
HTTP Request: GET https://huggingface.co/api/models/sentence-transformers/all-MiniLM-L6-v2 "HTTP/1.1 200 OK"
HTTP Request: HEAD https://huggingface.co/sentence-transformers/all-MiniLM-L6-v2/resolve/main/modules.json "HTTP/1.1 307 Temporary Redirect"
HTTP Request: HEAD https://huggingface.co/api/resolve-cache/models/sentence-transformers/all-MiniLM-L6-v2/c9745ed1d9f207416be6d2e6f8de32d1f16199bf/modules.json "HTTP/1.1 200 OK"
HTTP Request: HEAD https://huggingface.co/sentence-transformers/all-MiniLM-L6-v2/resolve/main/config_sentence_transformers.json "HTTP/1.1 307 Temporary Redirect"
HTTP Request: HEAD https://huggingface.co/api/resolve-cache/models/sentence-transformers/all-MiniLM-L6-v2/c9745ed1d9f207416be6d2e6f8de32d1f16199bf/config_sentence_transformers.json "HTTP/1.1 200 OK"
Loading SentenceTransformer model from sentence-transformers/all-MiniLM-L6-v2.
HTTP Request: HEAD https://huggingface.co/sentence-transformers/all-MiniLM-L6-v2/resolve/main/config_sentence_transformers.json "HTTP/1.1 307 Temporary Redirect"
HTTP Request: HEAD https://huggingface.co/api/resolve-cache/models/sentence-transformers/all-MiniLM-L6-v2/c9745ed1d9f207416be6d2e6f8de32d1f16199bf/config_sentence_transformers.json "HTTP/1.1 200 OK"
HTTP Request: HEAD https://huggingface.co/sentence-transformers/all-MiniLM-L6-v2/resolve/main/README.md "HTTP/1.1 307 Temporary Redirect"
HTTP Request: HEAD https://huggingface.co/api/resolve-cache/models/sentence-transformers/all-MiniLM-L6-v2/c9745ed1d9f207416be6d2e6f8de32d1f16199bf/README.md "HTTP/1.1 200 OK"
HTTP Request: HEAD https://huggingface.co/sentence-transformers/all-MiniLM-L6-v2/resolve/main/modules.json "HTTP/1.1 307 Temporary Redirect"
HTTP Request: HEAD https://huggingface.co/api/resolve-cache/models/sentence-transformers/all-MiniLM-L6-v2/c9745ed1d9f207416be6d2e6f8de32d1f16199bf/modules.json "HTTP/1.1 200 OK"
HTTP Request: HEAD https://huggingface.co/sentence-transformers/all-MiniLM-L6-v2/resolve/main/sentence_bert_config.json "HTTP/1.1 307 Temporary Redirect"
HTTP Request: HEAD https://huggingface.co/api/resolve-cache/models/sentence-transformers/all-MiniLM-L6-v2/c9745ed1d9f207416be6d2e6f8de32d1f16199bf/sentence_bert_config.json "HTTP/1.1 200 OK"
HTTP Request: HEAD https://huggingface.co/sentence-transformers/all-MiniLM-L6-v2/resolve/main/adapter_config.json "HTTP/1.1 404 Not Found"
HTTP Request: HEAD https://huggingface.co/sentence-transformers/all-MiniLM-L6-v2/resolve/main/config.json "HTTP/1.1 307 Temporary Redirect"
HTTP Request: HEAD https://huggingface.co/api/resolve-cache/models/sentence-transformers/all-MiniLM-L6-v2/c9745ed1d9f207416be6d2e6f8de32d1f16199bf/config.json "HTTP/1.1 200 OK"
HTTP Request: HEAD https://huggingface.co/sentence-transformers/all-MiniLM-L6-v2/resolve/main/processor_config.json "HTTP/1.1 404 Not Found"
HTTP Request: HEAD https://huggingface.co/sentence-transformers/all-MiniLM-L6-v2/resolve/main/preprocessor_config.json "HTTP/1.1 404 Not Found"
HTTP Request: HEAD https://huggingface.co/sentence-transformers/all-MiniLM-L6-v2/resolve/main/video_preprocessor_config.json "HTTP/1.1 404 Not Found"
HTTP Request: HEAD https://huggingface.co/sentence-transformers/all-MiniLM-L6-v2/resolve/main/preprocessor_config.json "HTTP/1.1 404 Not Found"
HTTP Request: HEAD https://huggingface.co/sentence-transformers/all-MiniLM-L6-v2/resolve/main/tokenizer_config.json "HTTP/1.1 307 Temporary Redirect"
HTTP Request: HEAD https://huggingface.co/api/resolve-cache/models/sentence-transformers/all-MiniLM-L6-v2/c9745ed1d9f207416be6d2e6f8de32d1f16199bf/tokenizer_config.json "HTTP/1.1 200 OK"
HTTP Request: HEAD https://huggingface.co/sentence-transformers/all-MiniLM-L6-v2/resolve/main/config.json "HTTP/1.1 307 Temporary Redirect"
HTTP Request: HEAD https://huggingface.co/api/resolve-cache/models/sentence-transformers/all-MiniLM-L6-v2/c9745ed1d9f207416be6d2e6f8de32d1f16199bf/config.json "HTTP/1.1 200 OK"
HTTP Request: HEAD https://huggingface.co/sentence-transformers/all-MiniLM-L6-v2/resolve/main/config.json "HTTP/1.1 307 Temporary Redirect"
HTTP Request: HEAD https://huggingface.co/api/resolve-cache/models/sentence-transformers/all-MiniLM-L6-v2/c9745ed1d9f207416be6d2e6f8de32d1f16199bf/config.json "HTTP/1.1 200 OK"
HTTP Request: HEAD https://huggingface.co/sentence-transformers/all-MiniLM-L6-v2/resolve/main/tokenizer_config.json "HTTP/1.1 307 Temporary Redirect"
HTTP Request: HEAD https://huggingface.co/api/resolve-cache/models/sentence-transformers/all-MiniLM-L6-v2/c9745ed1d9f207416be6d2e6f8de32d1f16199bf/tokenizer_config.json "HTTP/1.1 200 OK"
HTTP Request: GET https://huggingface.co/api/models/sentence-transformers/all-MiniLM-L6-v2/tree/main/additional_chat_templates?recursive=false&expand=false "HTTP/1.1 404 Not Found"
HTTP Request: GET https://huggingface.co/api/models/sentence-transformers/all-MiniLM-L6-v2/tree/main?recursive=true&expand=false "HTTP/1.1 200 OK"
HTTP Request: HEAD https://huggingface.co/sentence-transformers/all-MiniLM-L6-v2/resolve/main/1_Pooling/config.json "HTTP/1.1 307 Temporary Redirect"
HTTP Request: HEAD https://huggingface.co/api/resolve-cache/models/sentence-transformers/all-MiniLM-L6-v2/c9745ed1d9f207416be6d2e6f8de32d1f16199bf/1_Pooling%2Fconfig.json "HTTP/1.1 200 OK"
HTTP Request: GET https://huggingface.co/api/models/sentence-transformers/all-MiniLM-L6-v2 "HTTP/1.1 200 OK"
HTTP Request: HEAD https://huggingface.co/sentence-transformers/all-MiniLM-L6-v2/resolve/main/modules.json "HTTP/1.1 307 Temporary Redirect"
HTTP Request: HEAD https://huggingface.co/api/resolve-cache/models/sentence-transformers/all-MiniLM-L6-v2/c9745ed1d9f207416be6d2e6f8de32d1f16199bf/modules.json "HTTP/1.1 200 OK"
HTTP Request: HEAD https://huggingface.co/sentence-transformers/all-MiniLM-L6-v2/resolve/main/config_sentence_transformers.json "HTTP/1.1 307 Temporary Redirect"
HTTP Request: HEAD https://huggingface.co/api/resolve-cache/models/sentence-transformers/all-MiniLM-L6-v2/c9745ed1d9f207416be6d2e6f8de32d1f16199bf/config_sentence_transformers.json "HTTP/1.1 200 OK"
Loading SentenceTransformer model from sentence-transformers/all-MiniLM-L6-v2.
HTTP Request: HEAD https://huggingface.co/sentence-transformers/all-MiniLM-L6-v2/resolve/main/config_sentence_transformers.json "HTTP/1.1 307 Temporary Redirect"
HTTP Request: HEAD https://huggingface.co/api/resolve-cache/models/sentence-transformers/all-MiniLM-L6-v2/c9745ed1d9f207416be6d2e6f8de32d1f16199bf/config_sentence_transformers.json "HTTP/1.1 200 OK"
HTTP Request: HEAD https://huggingface.co/sentence-transformers/all-MiniLM-L6-v2/resolve/main/README.md "HTTP/1.1 307 Temporary Redirect"
HTTP Request: HEAD https://huggingface.co/api/resolve-cache/models/sentence-transformers/all-MiniLM-L6-v2/c9745ed1d9f207416be6d2e6f8de32d1f16199bf/README.md "HTTP/1.1 200 OK"
HTTP Request: HEAD https://huggingface.co/sentence-transformers/all-MiniLM-L6-v2/resolve/main/modules.json "HTTP/1.1 307 Temporary Redirect"
HTTP Request: HEAD https://huggingface.co/api/resolve-cache/models/sentence-transformers/all-MiniLM-L6-v2/c9745ed1d9f207416be6d2e6f8de32d1f16199bf/modules.json "HTTP/1.1 200 OK"
HTTP Request: HEAD https://huggingface.co/sentence-transformers/all-MiniLM-L6-v2/resolve/main/sentence_bert_config.json "HTTP/1.1 307 Temporary Redirect"
HTTP Request: HEAD https://huggingface.co/api/resolve-cache/models/sentence-transformers/all-MiniLM-L6-v2/c9745ed1d9f207416be6d2e6f8de32d1f16199bf/sentence_bert_config.json "HTTP/1.1 200 OK"
HTTP Request: HEAD https://huggingface.co/sentence-transformers/all-MiniLM-L6-v2/resolve/main/adapter_config.json "HTTP/1.1 404 Not Found"
HTTP Request: HEAD https://huggingface.co/sentence-transformers/all-MiniLM-L6-v2/resolve/main/config.json "HTTP/1.1 307 Temporary Redirect"
HTTP Request: HEAD https://huggingface.co/api/resolve-cache/models/sentence-transformers/all-MiniLM-L6-v2/c9745ed1d9f207416be6d2e6f8de32d1f16199bf/config.json "HTTP/1.1 200 OK"
HTTP Request: HEAD https://huggingface.co/sentence-transformers/all-MiniLM-L6-v2/resolve/main/processor_config.json "HTTP/1.1 404 Not Found"
HTTP Request: HEAD https://huggingface.co/sentence-transformers/all-MiniLM-L6-v2/resolve/main/preprocessor_config.json "HTTP/1.1 404 Not Found"
HTTP Request: HEAD https://huggingface.co/sentence-transformers/all-MiniLM-L6-v2/resolve/main/video_preprocessor_config.json "HTTP/1.1 404 Not Found"
HTTP Request: HEAD https://huggingface.co/sentence-transformers/all-MiniLM-L6-v2/resolve/main/preprocessor_config.json "HTTP/1.1 404 Not Found"
HTTP Request: HEAD https://huggingface.co/sentence-transformers/all-MiniLM-L6-v2/resolve/main/tokenizer_config.json "HTTP/1.1 307 Temporary Redirect"
HTTP Request: HEAD https://huggingface.co/api/resolve-cache/models/sentence-transformers/all-MiniLM-L6-v2/c9745ed1d9f207416be6d2e6f8de32d1f16199bf/tokenizer_config.json "HTTP/1.1 200 OK"
HTTP Request: HEAD https://huggingface.co/sentence-transformers/all-MiniLM-L6-v2/resolve/main/config.json "HTTP/1.1 307 Temporary Redirect"
HTTP Request: HEAD https://huggingface.co/api/resolve-cache/models/sentence-transformers/all-MiniLM-L6-v2/c9745ed1d9f207416be6d2e6f8de32d1f16199bf/config.json "HTTP/1.1 200 OK"
HTTP Request: HEAD https://huggingface.co/sentence-transformers/all-MiniLM-L6-v2/resolve/main/config.json "HTTP/1.1 307 Temporary Redirect"
HTTP Request: HEAD https://huggingface.co/api/resolve-cache/models/sentence-transformers/all-MiniLM-L6-v2/c9745ed1d9f207416be6d2e6f8de32d1f16199bf/config.json "HTTP/1.1 200 OK"
HTTP Request: HEAD https://huggingface.co/sentence-transformers/all-MiniLM-L6-v2/resolve/main/tokenizer_config.json "HTTP/1.1 307 Temporary Redirect"
HTTP Request: HEAD https://huggingface.co/api/resolve-cache/models/sentence-transformers/all-MiniLM-L6-v2/c9745ed1d9f207416be6d2e6f8de32d1f16199bf/tokenizer_config.json "HTTP/1.1 200 OK"
HTTP Request: GET https://huggingface.co/api/models/sentence-transformers/all-MiniLM-L6-v2/tree/main/additional_chat_templates?recursive=false&expand=false "HTTP/1.1 404 Not Found"
HTTP Request: GET https://huggingface.co/api/models/sentence-transformers/all-MiniLM-L6-v2/tree/main?recursive=true&expand=false "HTTP/1.1 200 OK"
HTTP Request: HEAD https://huggingface.co/sentence-transformers/all-MiniLM-L6-v2/resolve/main/1_Pooling/config.json "HTTP/1.1 307 Temporary Redirect"
HTTP Request: HEAD https://huggingface.co/api/resolve-cache/models/sentence-transformers/all-MiniLM-L6-v2/c9745ed1d9f207416be6d2e6f8de32d1f16199bf/1_Pooling%2Fconfig.json "HTTP/1.1 200 OK"
HTTP Request: GET https://huggingface.co/api/models/sentence-transformers/all-MiniLM-L6-v2 "HTTP/1.1 200 OK"
HTTP Request: HEAD https://huggingface.co/sentence-transformers/all-MiniLM-L6-v2/resolve/main/modules.json "HTTP/1.1 307 Temporary Redirect"
HTTP Request: HEAD https://huggingface.co/api/resolve-cache/models/sentence-transformers/all-MiniLM-L6-v2/c9745ed1d9f207416be6d2e6f8de32d1f16199bf/modules.json "HTTP/1.1 200 OK"
HTTP Request: HEAD https://huggingface.co/sentence-transformers/all-MiniLM-L6-v2/resolve/main/config_sentence_transformers.json "HTTP/1.1 307 Temporary Redirect"
HTTP Request: HEAD https://huggingface.co/api/resolve-cache/models/sentence-transformers/all-MiniLM-L6-v2/c9745ed1d9f207416be6d2e6f8de32d1f16199bf/config_sentence_transformers.json "HTTP/1.1 200 OK"
Loading SentenceTransformer model from sentence-transformers/all-MiniLM-L6-v2.
HTTP Request: HEAD https://huggingface.co/sentence-transformers/all-MiniLM-L6-v2/resolve/main/config_sentence_transformers.json "HTTP/1.1 307 Temporary Redirect"
HTTP Request: HEAD https://huggingface.co/api/resolve-cache/models/sentence-transformers/all-MiniLM-L6-v2/c9745ed1d9f207416be6d2e6f8de32d1f16199bf/config_sentence_transformers.json "HTTP/1.1 200 OK"
HTTP Request: HEAD https://huggingface.co/sentence-transformers/all-MiniLM-L6-v2/resolve/main/README.md "HTTP/1.1 307 Temporary Redirect"
HTTP Request: HEAD https://huggingface.co/api/resolve-cache/models/sentence-transformers/all-MiniLM-L6-v2/c9745ed1d9f207416be6d2e6f8de32d1f16199bf/README.md "HTTP/1.1 200 OK"
HTTP Request: HEAD https://huggingface.co/sentence-transformers/all-MiniLM-L6-v2/resolve/main/modules.json "HTTP/1.1 307 Temporary Redirect"
HTTP Request: HEAD https://huggingface.co/api/resolve-cache/models/sentence-transformers/all-MiniLM-L6-v2/c9745ed1d9f207416be6d2e6f8de32d1f16199bf/modules.json "HTTP/1.1 200 OK"
HTTP Request: HEAD https://huggingface.co/sentence-transformers/all-MiniLM-L6-v2/resolve/main/sentence_bert_config.json "HTTP/1.1 307 Temporary Redirect"
HTTP Request: HEAD https://huggingface.co/api/resolve-cache/models/sentence-transformers/all-MiniLM-L6-v2/c9745ed1d9f207416be6d2e6f8de32d1f16199bf/sentence_bert_config.json "HTTP/1.1 200 OK"
HTTP Request: HEAD https://huggingface.co/sentence-transformers/all-MiniLM-L6-v2/resolve/main/adapter_config.json "HTTP/1.1 404 Not Found"
HTTP Request: HEAD https://huggingface.co/sentence-transformers/all-MiniLM-L6-v2/resolve/main/config.json "HTTP/1.1 307 Temporary Redirect"
HTTP Request: HEAD https://huggingface.co/api/resolve-cache/models/sentence-transformers/all-MiniLM-L6-v2/c9745ed1d9f207416be6d2e6f8de32d1f16199bf/config.json "HTTP/1.1 200 OK"
HTTP Request: HEAD https://huggingface.co/sentence-transformers/all-MiniLM-L6-v2/resolve/main/processor_config.json "HTTP/1.1 404 Not Found"
HTTP Request: HEAD https://huggingface.co/sentence-transformers/all-MiniLM-L6-v2/resolve/main/preprocessor_config.json "HTTP/1.1 404 Not Found"
HTTP Request: HEAD https://huggingface.co/sentence-transformers/all-MiniLM-L6-v2/resolve/main/video_preprocessor_config.json "HTTP/1.1 404 Not Found"
HTTP Request: HEAD https://huggingface.co/sentence-transformers/all-MiniLM-L6-v2/resolve/main/preprocessor_config.json "HTTP/1.1 404 Not Found"
HTTP Request: HEAD https://huggingface.co/sentence-transformers/all-MiniLM-L6-v2/resolve/main/tokenizer_config.json "HTTP/1.1 307 Temporary Redirect"
HTTP Request: HEAD https://huggingface.co/api/resolve-cache/models/sentence-transformers/all-MiniLM-L6-v2/c9745ed1d9f207416be6d2e6f8de32d1f16199bf/tokenizer_config.json "HTTP/1.1 200 OK"
HTTP Request: HEAD https://huggingface.co/sentence-transformers/all-MiniLM-L6-v2/resolve/main/config.json "HTTP/1.1 307 Temporary Redirect"
HTTP Request: HEAD https://huggingface.co/api/resolve-cache/models/sentence-transformers/all-MiniLM-L6-v2/c9745ed1d9f207416be6d2e6f8de32d1f16199bf/config.json "HTTP/1.1 200 OK"
HTTP Request: HEAD https://huggingface.co/sentence-transformers/all-MiniLM-L6-v2/resolve/main/config.json "HTTP/1.1 307 Temporary Redirect"
HTTP Request: HEAD https://huggingface.co/api/resolve-cache/models/sentence-transformers/all-MiniLM-L6-v2/c9745ed1d9f207416be6d2e6f8de32d1f16199bf/config.json "HTTP/1.1 200 OK"
HTTP Request: HEAD https://huggingface.co/sentence-transformers/all-MiniLM-L6-v2/resolve/main/tokenizer_config.json "HTTP/1.1 307 Temporary Redirect"
HTTP Request: HEAD https://huggingface.co/api/resolve-cache/models/sentence-transformers/all-MiniLM-L6-v2/c9745ed1d9f207416be6d2e6f8de32d1f16199bf/tokenizer_config.json "HTTP/1.1 200 OK"
HTTP Request: GET https://huggingface.co/api/models/sentence-transformers/all-MiniLM-L6-v2/tree/main/additional_chat_templates?recursive=false&expand=false "HTTP/1.1 404 Not Found"
HTTP Request: GET https://huggingface.co/api/models/sentence-transformers/all-MiniLM-L6-v2/tree/main?recursive=true&expand=false "HTTP/1.1 200 OK"
HTTP Request: HEAD https://huggingface.co/sentence-transformers/all-MiniLM-L6-v2/resolve/main/1_Pooling/config.json "HTTP/1.1 307 Temporary Redirect"
HTTP Request: HEAD https://huggingface.co/api/resolve-cache/models/sentence-transformers/all-MiniLM-L6-v2/c9745ed1d9f207416be6d2e6f8de32d1f16199bf/1_Pooling%2Fconfig.json "HTTP/1.1 200 OK"
HTTP Request: GET https://huggingface.co/api/models/sentence-transformers/all-MiniLM-L6-v2 "HTTP/1.1 200 OK"
HTTP Request: GET https://example.com "HTTP/1.1 200 OK"
HTTP Request: GET https://example.com "HTTP/1.1 200 OK"
HTTP Request: HEAD https://huggingface.co/sentence-transformers/all-MiniLM-L6-v2/resolve/main/modules.json "HTTP/1.1 307 Temporary Redirect"
Warning: You are sending unauthenticated requests to the HF Hub. Please set a HF_TOKEN to enable higher rate limits and faster downloads.
HTTP Request: HEAD https://huggingface.co/api/resolve-cache/models/sentence-transformers/all-MiniLM-L6-v2/c9745ed1d9f207416be6d2e6f8de32d1f16199bf/modules.json "HTTP/1.1 200 OK"
HTTP Request: HEAD https://huggingface.co/sentence-transformers/all-MiniLM-L6-v2/resolve/main/config_sentence_transformers.json "HTTP/1.1 307 Temporary Redirect"
HTTP Request: HEAD https://huggingface.co/api/resolve-cache/models/sentence-transformers/all-MiniLM-L6-v2/c9745ed1d9f207416be6d2e6f8de32d1f16199bf/config_sentence_transformers.json "HTTP/1.1 200 OK"
Loading SentenceTransformer model from sentence-transformers/all-MiniLM-L6-v2.
HTTP Request: HEAD https://huggingface.co/sentence-transformers/all-MiniLM-L6-v2/resolve/main/config_sentence_transformers.json "HTTP/1.1 307 Temporary Redirect"
HTTP Request: HEAD https://huggingface.co/api/resolve-cache/models/sentence-transformers/all-MiniLM-L6-v2/c9745ed1d9f207416be6d2e6f8de32d1f16199bf/config_sentence_transformers.json "HTTP/1.1 200 OK"
HTTP Request: HEAD https://huggingface.co/sentence-transformers/all-MiniLM-L6-v2/resolve/main/README.md "HTTP/1.1 307 Temporary Redirect"
HTTP Request: HEAD https://huggingface.co/api/resolve-cache/models/sentence-transformers/all-MiniLM-L6-v2/c9745ed1d9f207416be6d2e6f8de32d1f16199bf/README.md "HTTP/1.1 200 OK"
HTTP Request: HEAD https://huggingface.co/sentence-transformers/all-MiniLM-L6-v2/resolve/main/modules.json "HTTP/1.1 307 Temporary Redirect"
HTTP Request: HEAD https://huggingface.co/api/resolve-cache/models/sentence-transformers/all-MiniLM-L6-v2/c9745ed1d9f207416be6d2e6f8de32d1f16199bf/modules.json "HTTP/1.1 200 OK"
HTTP Request: HEAD https://huggingface.co/sentence-transformers/all-MiniLM-L6-v2/resolve/main/sentence_bert_config.json "HTTP/1.1 307 Temporary Redirect"
HTTP Request: HEAD https://huggingface.co/api/resolve-cache/models/sentence-transformers/all-MiniLM-L6-v2/c9745ed1d9f207416be6d2e6f8de32d1f16199bf/sentence_bert_config.json "HTTP/1.1 200 OK"
HTTP Request: HEAD https://huggingface.co/sentence-transformers/all-MiniLM-L6-v2/resolve/main/adapter_config.json "HTTP/1.1 404 Not Found"
HTTP Request: HEAD https://huggingface.co/sentence-transformers/all-MiniLM-L6-v2/resolve/main/config.json "HTTP/1.1 307 Temporary Redirect"
HTTP Request: HEAD https://huggingface.co/api/resolve-cache/models/sentence-transformers/all-MiniLM-L6-v2/c9745ed1d9f207416be6d2e6f8de32d1f16199bf/config.json "HTTP/1.1 200 OK"
HTTP Request: HEAD https://huggingface.co/sentence-transformers/all-MiniLM-L6-v2/resolve/main/processor_config.json "HTTP/1.1 404 Not Found"
HTTP Request: HEAD https://huggingface.co/sentence-transformers/all-MiniLM-L6-v2/resolve/main/preprocessor_config.json "HTTP/1.1 404 Not Found"
HTTP Request: HEAD https://huggingface.co/sentence-transformers/all-MiniLM-L6-v2/resolve/main/video_preprocessor_config.json "HTTP/1.1 404 Not Found"
HTTP Request: HEAD https://huggingface.co/sentence-transformers/all-MiniLM-L6-v2/resolve/main/preprocessor_config.json "HTTP/1.1 404 Not Found"
HTTP Request: HEAD https://huggingface.co/sentence-transformers/all-MiniLM-L6-v2/resolve/main/tokenizer_config.json "HTTP/1.1 307 Temporary Redirect"
HTTP Request: HEAD https://huggingface.co/api/resolve-cache/models/sentence-transformers/all-MiniLM-L6-v2/c9745ed1d9f207416be6d2e6f8de32d1f16199bf/tokenizer_config.json "HTTP/1.1 200 OK"
HTTP Request: HEAD https://huggingface.co/sentence-transformers/all-MiniLM-L6-v2/resolve/main/config.json "HTTP/1.1 307 Temporary Redirect"
HTTP Request: HEAD https://huggingface.co/api/resolve-cache/models/sentence-transformers/all-MiniLM-L6-v2/c9745ed1d9f207416be6d2e6f8de32d1f16199bf/config.json "HTTP/1.1 200 OK"
HTTP Request: HEAD https://huggingface.co/sentence-transformers/all-MiniLM-L6-v2/resolve/main/config.json "HTTP/1.1 307 Temporary Redirect"
HTTP Request: HEAD https://huggingface.co/api/resolve-cache/models/sentence-transformers/all-MiniLM-L6-v2/c9745ed1d9f207416be6d2e6f8de32d1f16199bf/config.json "HTTP/1.1 200 OK"
HTTP Request: HEAD https://huggingface.co/sentence-transformers/all-MiniLM-L6-v2/resolve/main/tokenizer_config.json "HTTP/1.1 307 Temporary Redirect"
HTTP Request: HEAD https://huggingface.co/api/resolve-cache/models/sentence-transformers/all-MiniLM-L6-v2/c9745ed1d9f207416be6d2e6f8de32d1f16199bf/tokenizer_config.json "HTTP/1.1 200 OK"
HTTP Request: GET https://huggingface.co/api/models/sentence-transformers/all-MiniLM-L6-v2/tree/main/additional_chat_templates?recursive=false&expand=false "HTTP/1.1 404 Not Found"
HTTP Request: GET https://huggingface.co/api/models/sentence-transformers/all-MiniLM-L6-v2/tree/main?recursive=true&expand=false "HTTP/1.1 200 OK"
HTTP Request: HEAD https://huggingface.co/sentence-transformers/all-MiniLM-L6-v2/resolve/main/1_Pooling/config.json "HTTP/1.1 307 Temporary Redirect"
HTTP Request: HEAD https://huggingface.co/api/resolve-cache/models/sentence-transformers/all-MiniLM-L6-v2/c9745ed1d9f207416be6d2e6f8de32d1f16199bf/1_Pooling%2Fconfig.json "HTTP/1.1 200 OK"
HTTP Request: GET https://huggingface.co/api/models/sentence-transformers/all-MiniLM-L6-v2 "HTTP/1.1 200 OK"
HTTP Request: HEAD https://huggingface.co/sentence-transformers/all-MiniLM-L6-v2/resolve/main/modules.json "HTTP/1.1 307 Temporary Redirect"
HTTP Request: HEAD https://huggingface.co/api/resolve-cache/models/sentence-transformers/all-MiniLM-L6-v2/c9745ed1d9f207416be6d2e6f8de32d1f16199bf/modules.json "HTTP/1.1 200 OK"
HTTP Request: HEAD https://huggingface.co/sentence-transformers/all-MiniLM-L6-v2/resolve/main/config_sentence_transformers.json "HTTP/1.1 307 Temporary Redirect"
HTTP Request: HEAD https://huggingface.co/api/resolve-cache/models/sentence-transformers/all-MiniLM-L6-v2/c9745ed1d9f207416be6d2e6f8de32d1f16199bf/config_sentence_transformers.json "HTTP/1.1 200 OK"
Loading SentenceTransformer model from sentence-transformers/all-MiniLM-L6-v2.
HTTP Request: HEAD https://huggingface.co/sentence-transformers/all-MiniLM-L6-v2/resolve/main/config_sentence_transformers.json "HTTP/1.1 307 Temporary Redirect"
HTTP Request: HEAD https://huggingface.co/api/resolve-cache/models/sentence-transformers/all-MiniLM-L6-v2/c9745ed1d9f207416be6d2e6f8de32d1f16199bf/config_sentence_transformers.json "HTTP/1.1 200 OK"
HTTP Request: HEAD https://huggingface.co/sentence-transformers/all-MiniLM-L6-v2/resolve/main/README.md "HTTP/1.1 307 Temporary Redirect"
HTTP Request: HEAD https://huggingface.co/api/resolve-cache/models/sentence-transformers/all-MiniLM-L6-v2/c9745ed1d9f207416be6d2e6f8de32d1f16199bf/README.md "HTTP/1.1 200 OK"
HTTP Request: HEAD https://huggingface.co/sentence-transformers/all-MiniLM-L6-v2/resolve/main/modules.json "HTTP/1.1 307 Temporary Redirect"
HTTP Request: HEAD https://huggingface.co/api/resolve-cache/models/sentence-transformers/all-MiniLM-L6-v2/c9745ed1d9f207416be6d2e6f8de32d1f16199bf/modules.json "HTTP/1.1 200 OK"
HTTP Request: HEAD https://huggingface.co/sentence-transformers/all-MiniLM-L6-v2/resolve/main/sentence_bert_config.json "HTTP/1.1 307 Temporary Redirect"
HTTP Request: HEAD https://huggingface.co/api/resolve-cache/models/sentence-transformers/all-MiniLM-L6-v2/c9745ed1d9f207416be6d2e6f8de32d1f16199bf/sentence_bert_config.json "HTTP/1.1 200 OK"
HTTP Request: HEAD https://huggingface.co/sentence-transformers/all-MiniLM-L6-v2/resolve/main/adapter_config.json "HTTP/1.1 404 Not Found"
HTTP Request: HEAD https://huggingface.co/sentence-transformers/all-MiniLM-L6-v2/resolve/main/config.json "HTTP/1.1 307 Temporary Redirect"
HTTP Request: HEAD https://huggingface.co/api/resolve-cache/models/sentence-transformers/all-MiniLM-L6-v2/c9745ed1d9f207416be6d2e6f8de32d1f16199bf/config.json "HTTP/1.1 200 OK"
HTTP Request: HEAD https://huggingface.co/sentence-transformers/all-MiniLM-L6-v2/resolve/main/processor_config.json "HTTP/1.1 404 Not Found"
HTTP Request: HEAD https://huggingface.co/sentence-transformers/all-MiniLM-L6-v2/resolve/main/preprocessor_config.json "HTTP/1.1 404 Not Found"
HTTP Request: HEAD https://huggingface.co/sentence-transformers/all-MiniLM-L6-v2/resolve/main/video_preprocessor_config.json "HTTP/1.1 404 Not Found"
HTTP Request: HEAD https://huggingface.co/sentence-transformers/all-MiniLM-L6-v2/resolve/main/preprocessor_config.json "HTTP/1.1 404 Not Found"
HTTP Request: HEAD https://huggingface.co/sentence-transformers/all-MiniLM-L6-v2/resolve/main/tokenizer_config.json "HTTP/1.1 307 Temporary Redirect"
HTTP Request: HEAD https://huggingface.co/api/resolve-cache/models/sentence-transformers/all-MiniLM-L6-v2/c9745ed1d9f207416be6d2e6f8de32d1f16199bf/tokenizer_config.json "HTTP/1.1 200 OK"
HTTP Request: HEAD https://huggingface.co/sentence-transformers/all-MiniLM-L6-v2/resolve/main/config.json "HTTP/1.1 307 Temporary Redirect"
HTTP Request: HEAD https://huggingface.co/api/resolve-cache/models/sentence-transformers/all-MiniLM-L6-v2/c9745ed1d9f207416be6d2e6f8de32d1f16199bf/config.json "HTTP/1.1 200 OK"
HTTP Request: HEAD https://huggingface.co/sentence-transformers/all-MiniLM-L6-v2/resolve/main/config.json "HTTP/1.1 307 Temporary Redirect"
HTTP Request: HEAD https://huggingface.co/api/resolve-cache/models/sentence-transformers/all-MiniLM-L6-v2/c9745ed1d9f207416be6d2e6f8de32d1f16199bf/config.json "HTTP/1.1 200 OK"
HTTP Request: HEAD https://huggingface.co/sentence-transformers/all-MiniLM-L6-v2/resolve/main/tokenizer_config.json "HTTP/1.1 307 Temporary Redirect"
HTTP Request: HEAD https://huggingface.co/api/resolve-cache/models/sentence-transformers/all-MiniLM-L6-v2/c9745ed1d9f207416be6d2e6f8de32d1f16199bf/tokenizer_config.json "HTTP/1.1 200 OK"
HTTP Request: GET https://huggingface.co/api/models/sentence-transformers/all-MiniLM-L6-v2/tree/main/additional_chat_templates?recursive=false&expand=false "HTTP/1.1 404 Not Found"
HTTP Request: GET https://huggingface.co/api/models/sentence-transformers/all-MiniLM-L6-v2/tree/main?recursive=true&expand=false "HTTP/1.1 200 OK"
HTTP Request: HEAD https://huggingface.co/sentence-transformers/all-MiniLM-L6-v2/resolve/main/1_Pooling/config.json "HTTP/1.1 307 Temporary Redirect"
HTTP Request: HEAD https://huggingface.co/api/resolve-cache/models/sentence-transformers/all-MiniLM-L6-v2/c9745ed1d9f207416be6d2e6f8de32d1f16199bf/1_Pooling%2Fconfig.json "HTTP/1.1 200 OK"
HTTP Request: GET https://huggingface.co/api/models/sentence-transformers/all-MiniLM-L6-v2 "HTTP/1.1 200 OK"
HTTP Request: HEAD https://huggingface.co/sentence-transformers/all-MiniLM-L6-v2/resolve/main/modules.json "HTTP/1.1 307 Temporary Redirect"
HTTP Request: HEAD https://huggingface.co/api/resolve-cache/models/sentence-transformers/all-MiniLM-L6-v2/c9745ed1d9f207416be6d2e6f8de32d1f16199bf/modules.json "HTTP/1.1 200 OK"
HTTP Request: HEAD https://huggingface.co/sentence-transformers/all-MiniLM-L6-v2/resolve/main/config_sentence_transformers.json "HTTP/1.1 307 Temporary Redirect"
HTTP Request: HEAD https://huggingface.co/api/resolve-cache/models/sentence-transformers/all-MiniLM-L6-v2/c9745ed1d9f207416be6d2e6f8de32d1f16199bf/config_sentence_transformers.json "HTTP/1.1 200 OK"
Loading SentenceTransformer model from sentence-transformers/all-MiniLM-L6-v2.
HTTP Request: HEAD https://huggingface.co/sentence-transformers/all-MiniLM-L6-v2/resolve/main/config_sentence_transformers.json "HTTP/1.1 307 Temporary Redirect"
HTTP Request: HEAD https://huggingface.co/api/resolve-cache/models/sentence-transformers/all-MiniLM-L6-v2/c9745ed1d9f207416be6d2e6f8de32d1f16199bf/config_sentence_transformers.json "HTTP/1.1 200 OK"
HTTP Request: HEAD https://huggingface.co/sentence-transformers/all-MiniLM-L6-v2/resolve/main/README.md "HTTP/1.1 307 Temporary Redirect"
HTTP Request: HEAD https://huggingface.co/api/resolve-cache/models/sentence-transformers/all-MiniLM-L6-v2/c9745ed1d9f207416be6d2e6f8de32d1f16199bf/README.md "HTTP/1.1 200 OK"
HTTP Request: HEAD https://huggingface.co/sentence-transformers/all-MiniLM-L6-v2/resolve/main/modules.json "HTTP/1.1 307 Temporary Redirect"
HTTP Request: HEAD https://huggingface.co/api/resolve-cache/models/sentence-transformers/all-MiniLM-L6-v2/c9745ed1d9f207416be6d2e6f8de32d1f16199bf/modules.json "HTTP/1.1 200 OK"
HTTP Request: HEAD https://huggingface.co/sentence-transformers/all-MiniLM-L6-v2/resolve/main/sentence_bert_config.json "HTTP/1.1 307 Temporary Redirect"
HTTP Request: HEAD https://huggingface.co/api/resolve-cache/models/sentence-transformers/all-MiniLM-L6-v2/c9745ed1d9f207416be6d2e6f8de32d1f16199bf/sentence_bert_config.json "HTTP/1.1 200 OK"
HTTP Request: HEAD https://huggingface.co/sentence-transformers/all-MiniLM-L6-v2/resolve/main/adapter_config.json "HTTP/1.1 404 Not Found"
HTTP Request: HEAD https://huggingface.co/sentence-transformers/all-MiniLM-L6-v2/resolve/main/config.json "HTTP/1.1 307 Temporary Redirect"
HTTP Request: HEAD https://huggingface.co/api/resolve-cache/models/sentence-transformers/all-MiniLM-L6-v2/c9745ed1d9f207416be6d2e6f8de32d1f16199bf/config.json "HTTP/1.1 200 OK"
HTTP Request: HEAD https://huggingface.co/sentence-transformers/all-MiniLM-L6-v2/resolve/main/processor_config.json "HTTP/1.1 404 Not Found"
HTTP Request: HEAD https://huggingface.co/sentence-transformers/all-MiniLM-L6-v2/resolve/main/preprocessor_config.json "HTTP/1.1 404 Not Found"
HTTP Request: HEAD https://huggingface.co/sentence-transformers/all-MiniLM-L6-v2/resolve/main/video_preprocessor_config.json "HTTP/1.1 404 Not Found"
HTTP Request: HEAD https://huggingface.co/sentence-transformers/all-MiniLM-L6-v2/resolve/main/preprocessor_config.json "HTTP/1.1 404 Not Found"
HTTP Request: HEAD https://huggingface.co/sentence-transformers/all-MiniLM-L6-v2/resolve/main/tokenizer_config.json "HTTP/1.1 307 Temporary Redirect"
HTTP Request: HEAD https://huggingface.co/api/resolve-cache/models/sentence-transformers/all-MiniLM-L6-v2/c9745ed1d9f207416be6d2e6f8de32d1f16199bf/tokenizer_config.json "HTTP/1.1 200 OK"
HTTP Request: HEAD https://huggingface.co/sentence-transformers/all-MiniLM-L6-v2/resolve/main/config.json "HTTP/1.1 307 Temporary Redirect"
HTTP Request: HEAD https://huggingface.co/api/resolve-cache/models/sentence-transformers/all-MiniLM-L6-v2/c9745ed1d9f207416be6d2e6f8de32d1f16199bf/config.json "HTTP/1.1 200 OK"
HTTP Request: HEAD https://huggingface.co/sentence-transformers/all-MiniLM-L6-v2/resolve/main/config.json "HTTP/1.1 307 Temporary Redirect"
HTTP Request: HEAD https://huggingface.co/api/resolve-cache/models/sentence-transformers/all-MiniLM-L6-v2/c9745ed1d9f207416be6d2e6f8de32d1f16199bf/config.json "HTTP/1.1 200 OK"
HTTP Request: HEAD https://huggingface.co/sentence-transformers/all-MiniLM-L6-v2/resolve/main/tokenizer_config.json "HTTP/1.1 307 Temporary Redirect"
HTTP Request: HEAD https://huggingface.co/api/resolve-cache/models/sentence-transformers/all-MiniLM-L6-v2/c9745ed1d9f207416be6d2e6f8de32d1f16199bf/tokenizer_config.json "HTTP/1.1 200 OK"
HTTP Request: GET https://huggingface.co/api/models/sentence-transformers/all-MiniLM-L6-v2/tree/main/additional_chat_templates?recursive=false&expand=false "HTTP/1.1 404 Not Found"
HTTP Request: GET https://huggingface.co/api/models/sentence-transformers/all-MiniLM-L6-v2/tree/main?recursive=true&expand=false "HTTP/1.1 200 OK"
HTTP Request: HEAD https://huggingface.co/sentence-transformers/all-MiniLM-L6-v2/resolve/main/1_Pooling/config.json "HTTP/1.1 307 Temporary Redirect"
HTTP Request: HEAD https://huggingface.co/api/resolve-cache/models/sentence-transformers/all-MiniLM-L6-v2/c9745ed1d9f207416be6d2e6f8de32d1f16199bf/1_Pooling%2Fconfig.json "HTTP/1.1 200 OK"
HTTP Request: GET https://huggingface.co/api/models/sentence-transformers/all-MiniLM-L6-v2 "HTTP/1.1 200 OK"
HTTP Request: HEAD https://huggingface.co/sentence-transformers/all-MiniLM-L6-v2/resolve/main/modules.json "HTTP/1.1 307 Temporary Redirect"
HTTP Request: HEAD https://huggingface.co/api/resolve-cache/models/sentence-transformers/all-MiniLM-L6-v2/c9745ed1d9f207416be6d2e6f8de32d1f16199bf/modules.json "HTTP/1.1 200 OK"
HTTP Request: HEAD https://huggingface.co/sentence-transformers/all-MiniLM-L6-v2/resolve/main/config_sentence_transformers.json "HTTP/1.1 307 Temporary Redirect"
HTTP Request: HEAD https://huggingface.co/api/resolve-cache/models/sentence-transformers/all-MiniLM-L6-v2/c9745ed1d9f207416be6d2e6f8de32d1f16199bf/config_sentence_transformers.json "HTTP/1.1 200 OK"
Loading SentenceTransformer model from sentence-transformers/all-MiniLM-L6-v2.
HTTP Request: HEAD https://huggingface.co/sentence-transformers/all-MiniLM-L6-v2/resolve/main/config_sentence_transformers.json "HTTP/1.1 307 Temporary Redirect"
Warning: You are sending unauthenticated requests to the HF Hub. Please set a HF_TOKEN to enable higher rate limits and faster downloads.
HTTP Request: HEAD https://huggingface.co/api/resolve-cache/models/sentence-transformers/all-MiniLM-L6-v2/c9745ed1d9f207416be6d2e6f8de32d1f16199bf/config_sentence_transformers.json "HTTP/1.1 200 OK"
HTTP Request: HEAD https://huggingface.co/sentence-transformers/all-MiniLM-L6-v2/resolve/main/README.md "HTTP/1.1 307 Temporary Redirect"
HTTP Request: HEAD https://huggingface.co/api/resolve-cache/models/sentence-transformers/all-MiniLM-L6-v2/c9745ed1d9f207416be6d2e6f8de32d1f16199bf/README.md "HTTP/1.1 200 OK"
HTTP Request: HEAD https://huggingface.co/sentence-transformers/all-MiniLM-L6-v2/resolve/main/modules.json "HTTP/1.1 307 Temporary Redirect"
HTTP Request: HEAD https://huggingface.co/api/resolve-cache/models/sentence-transformers/all-MiniLM-L6-v2/c9745ed1d9f207416be6d2e6f8de32d1f16199bf/modules.json "HTTP/1.1 200 OK"
HTTP Request: HEAD https://huggingface.co/sentence-transformers/all-MiniLM-L6-v2/resolve/main/sentence_bert_config.json "HTTP/1.1 307 Temporary Redirect"
HTTP Request: HEAD https://huggingface.co/api/resolve-cache/models/sentence-transformers/all-MiniLM-L6-v2/c9745ed1d9f207416be6d2e6f8de32d1f16199bf/sentence_bert_config.json "HTTP/1.1 200 OK"
HTTP Request: HEAD https://huggingface.co/sentence-transformers/all-MiniLM-L6-v2/resolve/main/adapter_config.json "HTTP/1.1 404 Not Found"
HTTP Request: HEAD https://huggingface.co/sentence-transformers/all-MiniLM-L6-v2/resolve/main/config.json "HTTP/1.1 307 Temporary Redirect"
HTTP Request: HEAD https://huggingface.co/api/resolve-cache/models/sentence-transformers/all-MiniLM-L6-v2/c9745ed1d9f207416be6d2e6f8de32d1f16199bf/config.json "HTTP/1.1 200 OK"
HTTP Request: HEAD https://huggingface.co/sentence-transformers/all-MiniLM-L6-v2/resolve/main/processor_config.json "HTTP/1.1 404 Not Found"
HTTP Request: HEAD https://huggingface.co/sentence-transformers/all-MiniLM-L6-v2/resolve/main/preprocessor_config.json "HTTP/1.1 404 Not Found"
HTTP Request: HEAD https://huggingface.co/sentence-transformers/all-MiniLM-L6-v2/resolve/main/video_preprocessor_config.json "HTTP/1.1 404 Not Found"
HTTP Request: HEAD https://huggingface.co/sentence-transformers/all-MiniLM-L6-v2/resolve/main/preprocessor_config.json "HTTP/1.1 404 Not Found"
HTTP Request: HEAD https://huggingface.co/sentence-transformers/all-MiniLM-L6-v2/resolve/main/tokenizer_config.json "HTTP/1.1 307 Temporary Redirect"
HTTP Request: HEAD https://huggingface.co/api/resolve-cache/models/sentence-transformers/all-MiniLM-L6-v2/c9745ed1d9f207416be6d2e6f8de32d1f16199bf/tokenizer_config.json "HTTP/1.1 200 OK"
HTTP Request: HEAD https://huggingface.co/sentence-transformers/all-MiniLM-L6-v2/resolve/main/config.json "HTTP/1.1 307 Temporary Redirect"
HTTP Request: HEAD https://huggingface.co/api/resolve-cache/models/sentence-transformers/all-MiniLM-L6-v2/c9745ed1d9f207416be6d2e6f8de32d1f16199bf/config.json "HTTP/1.1 200 OK"
HTTP Request: HEAD https://huggingface.co/sentence-transformers/all-MiniLM-L6-v2/resolve/main/config.json "HTTP/1.1 307 Temporary Redirect"
HTTP Request: HEAD https://huggingface.co/api/resolve-cache/models/sentence-transformers/all-MiniLM-L6-v2/c9745ed1d9f207416be6d2e6f8de32d1f16199bf/config.json "HTTP/1.1 200 OK"
HTTP Request: HEAD https://huggingface.co/sentence-transformers/all-MiniLM-L6-v2/resolve/main/tokenizer_config.json "HTTP/1.1 307 Temporary Redirect"
HTTP Request: HEAD https://huggingface.co/api/resolve-cache/models/sentence-transformers/all-MiniLM-L6-v2/c9745ed1d9f207416be6d2e6f8de32d1f16199bf/tokenizer_config.json "HTTP/1.1 200 OK"
HTTP Request: GET https://huggingface.co/api/models/sentence-transformers/all-MiniLM-L6-v2/tree/main/additional_chat_templates?recursive=false&expand=false "HTTP/1.1 404 Not Found"
HTTP Request: GET https://huggingface.co/api/models/sentence-transformers/all-MiniLM-L6-v2/tree/main?recursive=true&expand=false "HTTP/1.1 200 OK"
HTTP Request: HEAD https://huggingface.co/sentence-transformers/all-MiniLM-L6-v2/resolve/main/1_Pooling/config.json "HTTP/1.1 307 Temporary Redirect"
HTTP Request: HEAD https://huggingface.co/api/resolve-cache/models/sentence-transformers/all-MiniLM-L6-v2/c9745ed1d9f207416be6d2e6f8de32d1f16199bf/1_Pooling%2Fconfig.json "HTTP/1.1 200 OK"
HTTP Request: GET https://huggingface.co/api/models/sentence-transformers/all-MiniLM-L6-v2 "HTTP/1.1 200 OK"
HTTP Request: HEAD https://huggingface.co/sentence-transformers/all-MiniLM-L6-v2/resolve/main/modules.json "HTTP/1.1 307 Temporary Redirect"
Warning: You are sending unauthenticated requests to the HF Hub. Please set a HF_TOKEN to enable higher rate limits and faster downloads.
HTTP Request: HEAD https://huggingface.co/api/resolve-cache/models/sentence-transformers/all-MiniLM-L6-v2/c9745ed1d9f207416be6d2e6f8de32d1f16199bf/modules.json "HTTP/1.1 200 OK"
HTTP Request: HEAD https://huggingface.co/sentence-transformers/all-MiniLM-L6-v2/resolve/main/config_sentence_transformers.json "HTTP/1.1 307 Temporary Redirect"
HTTP Request: HEAD https://huggingface.co/api/resolve-cache/models/sentence-transformers/all-MiniLM-L6-v2/c9745ed1d9f207416be6d2e6f8de32d1f16199bf/config_sentence_transformers.json "HTTP/1.1 200 OK"
Loading SentenceTransformer model from sentence-transformers/all-MiniLM-L6-v2.
HTTP Request: HEAD https://huggingface.co/sentence-transformers/all-MiniLM-L6-v2/resolve/main/config_sentence_transformers.json "HTTP/1.1 307 Temporary Redirect"
HTTP Request: HEAD https://huggingface.co/api/resolve-cache/models/sentence-transformers/all-MiniLM-L6-v2/c9745ed1d9f207416be6d2e6f8de32d1f16199bf/config_sentence_transformers.json "HTTP/1.1 200 OK"
HTTP Request: HEAD https://huggingface.co/sentence-transformers/all-MiniLM-L6-v2/resolve/main/README.md "HTTP/1.1 307 Temporary Redirect"
HTTP Request: HEAD https://huggingface.co/api/resolve-cache/models/sentence-transformers/all-MiniLM-L6-v2/c9745ed1d9f207416be6d2e6f8de32d1f16199bf/README.md "HTTP/1.1 200 OK"
HTTP Request: HEAD https://huggingface.co/sentence-transformers/all-MiniLM-L6-v2/resolve/main/modules.json "HTTP/1.1 307 Temporary Redirect"
HTTP Request: HEAD https://huggingface.co/api/resolve-cache/models/sentence-transformers/all-MiniLM-L6-v2/c9745ed1d9f207416be6d2e6f8de32d1f16199bf/modules.json "HTTP/1.1 200 OK"
HTTP Request: HEAD https://huggingface.co/sentence-transformers/all-MiniLM-L6-v2/resolve/main/sentence_bert_config.json "HTTP/1.1 307 Temporary Redirect"
HTTP Request: HEAD https://huggingface.co/api/resolve-cache/models/sentence-transformers/all-MiniLM-L6-v2/c9745ed1d9f207416be6d2e6f8de32d1f16199bf/sentence_bert_config.json "HTTP/1.1 200 OK"
HTTP Request: HEAD https://huggingface.co/sentence-transformers/all-MiniLM-L6-v2/resolve/main/adapter_config.json "HTTP/1.1 404 Not Found"
HTTP Request: HEAD https://huggingface.co/sentence-transformers/all-MiniLM-L6-v2/resolve/main/config.json "HTTP/1.1 307 Temporary Redirect"
HTTP Request: HEAD https://huggingface.co/api/resolve-cache/models/sentence-transformers/all-MiniLM-L6-v2/c9745ed1d9f207416be6d2e6f8de32d1f16199bf/config.json "HTTP/1.1 200 OK"
HTTP Request: HEAD https://huggingface.co/sentence-transformers/all-MiniLM-L6-v2/resolve/main/processor_config.json "HTTP/1.1 404 Not Found"
HTTP Request: HEAD https://huggingface.co/sentence-transformers/all-MiniLM-L6-v2/resolve/main/preprocessor_config.json "HTTP/1.1 404 Not Found"
HTTP Request: HEAD https://huggingface.co/sentence-transformers/all-MiniLM-L6-v2/resolve/main/video_preprocessor_config.json "HTTP/1.1 404 Not Found"
HTTP Request: HEAD https://huggingface.co/sentence-transformers/all-MiniLM-L6-v2/resolve/main/preprocessor_config.json "HTTP/1.1 404 Not Found"
HTTP Request: HEAD https://huggingface.co/sentence-transformers/all-MiniLM-L6-v2/resolve/main/tokenizer_config.json "HTTP/1.1 307 Temporary Redirect"
HTTP Request: HEAD https://huggingface.co/api/resolve-cache/models/sentence-transformers/all-MiniLM-L6-v2/c9745ed1d9f207416be6d2e6f8de32d1f16199bf/tokenizer_config.json "HTTP/1.1 200 OK"
HTTP Request: HEAD https://huggingface.co/sentence-transformers/all-MiniLM-L6-v2/resolve/main/config.json "HTTP/1.1 307 Temporary Redirect"
HTTP Request: HEAD https://huggingface.co/api/resolve-cache/models/sentence-transformers/all-MiniLM-L6-v2/c9745ed1d9f207416be6d2e6f8de32d1f16199bf/config.json "HTTP/1.1 200 OK"
HTTP Request: HEAD https://huggingface.co/sentence-transformers/all-MiniLM-L6-v2/resolve/main/config.json "HTTP/1.1 307 Temporary Redirect"
HTTP Request: HEAD https://huggingface.co/api/resolve-cache/models/sentence-transformers/all-MiniLM-L6-v2/c9745ed1d9f207416be6d2e6f8de32d1f16199bf/config.json "HTTP/1.1 200 OK"
HTTP Request: HEAD https://huggingface.co/sentence-transformers/all-MiniLM-L6-v2/resolve/main/tokenizer_config.json "HTTP/1.1 307 Temporary Redirect"
HTTP Request: HEAD https://huggingface.co/api/resolve-cache/models/sentence-transformers/all-MiniLM-L6-v2/c9745ed1d9f207416be6d2e6f8de32d1f16199bf/tokenizer_config.json "HTTP/1.1 200 OK"
HTTP Request: GET https://huggingface.co/api/models/sentence-transformers/all-MiniLM-L6-v2/tree/main/additional_chat_templates?recursive=false&expand=false "HTTP/1.1 404 Not Found"
HTTP Request: GET https://huggingface.co/api/models/sentence-transformers/all-MiniLM-L6-v2/tree/main?recursive=true&expand=false "HTTP/1.1 200 OK"
HTTP Request: HEAD https://huggingface.co/sentence-transformers/all-MiniLM-L6-v2/resolve/main/1_Pooling/config.json "HTTP/1.1 307 Temporary Redirect"
HTTP Request: HEAD https://huggingface.co/api/resolve-cache/models/sentence-transformers/all-MiniLM-L6-v2/c9745ed1d9f207416be6d2e6f8de32d1f16199bf/1_Pooling%2Fconfig.json "HTTP/1.1 200 OK"
HTTP Request: GET https://huggingface.co/api/models/sentence-transformers/all-MiniLM-L6-v2 "HTTP/1.1 200 OK"
HTTP Request: HEAD https://huggingface.co/sentence-transformers/all-MiniLM-L6-v2/resolve/main/modules.json "HTTP/1.1 307 Temporary Redirect"
HTTP Request: HEAD https://huggingface.co/api/resolve-cache/models/sentence-transformers/all-MiniLM-L6-v2/c9745ed1d9f207416be6d2e6f8de32d1f16199bf/modules.json "HTTP/1.1 200 OK"
HTTP Request: HEAD https://huggingface.co/sentence-transformers/all-MiniLM-L6-v2/resolve/main/config_sentence_transformers.json "HTTP/1.1 307 Temporary Redirect"
HTTP Request: HEAD https://huggingface.co/api/resolve-cache/models/sentence-transformers/all-MiniLM-L6-v2/c9745ed1d9f207416be6d2e6f8de32d1f16199bf/config_sentence_transformers.json "HTTP/1.1 200 OK"
Loading SentenceTransformer model from sentence-transformers/all-MiniLM-L6-v2.
HTTP Request: HEAD https://huggingface.co/sentence-transformers/all-MiniLM-L6-v2/resolve/main/config_sentence_transformers.json "HTTP/1.1 307 Temporary Redirect"
HTTP Request: HEAD https://huggingface.co/api/resolve-cache/models/sentence-transformers/all-MiniLM-L6-v2/c9745ed1d9f207416be6d2e6f8de32d1f16199bf/config_sentence_transformers.json "HTTP/1.1 200 OK"
HTTP Request: HEAD https://huggingface.co/sentence-transformers/all-MiniLM-L6-v2/resolve/main/README.md "HTTP/1.1 307 Temporary Redirect"
Warning: You are sending unauthenticated requests to the HF Hub. Please set a HF_TOKEN to enable higher rate limits and faster downloads.
HTTP Request: HEAD https://huggingface.co/api/resolve-cache/models/sentence-transformers/all-MiniLM-L6-v2/c9745ed1d9f207416be6d2e6f8de32d1f16199bf/README.md "HTTP/1.1 200 OK"
HTTP Request: HEAD https://huggingface.co/sentence-transformers/all-MiniLM-L6-v2/resolve/main/modules.json "HTTP/1.1 307 Temporary Redirect"
HTTP Request: HEAD https://huggingface.co/api/resolve-cache/models/sentence-transformers/all-MiniLM-L6-v2/c9745ed1d9f207416be6d2e6f8de32d1f16199bf/modules.json "HTTP/1.1 200 OK"
HTTP Request: HEAD https://huggingface.co/sentence-transformers/all-MiniLM-L6-v2/resolve/main/sentence_bert_config.json "HTTP/1.1 307 Temporary Redirect"
HTTP Request: HEAD https://huggingface.co/api/resolve-cache/models/sentence-transformers/all-MiniLM-L6-v2/c9745ed1d9f207416be6d2e6f8de32d1f16199bf/sentence_bert_config.json "HTTP/1.1 200 OK"
HTTP Request: HEAD https://huggingface.co/sentence-transformers/all-MiniLM-L6-v2/resolve/main/adapter_config.json "HTTP/1.1 404 Not Found"
HTTP Request: HEAD https://huggingface.co/sentence-transformers/all-MiniLM-L6-v2/resolve/main/config.json "HTTP/1.1 307 Temporary Redirect"
HTTP Request: HEAD https://huggingface.co/api/resolve-cache/models/sentence-transformers/all-MiniLM-L6-v2/c9745ed1d9f207416be6d2e6f8de32d1f16199bf/config.json "HTTP/1.1 200 OK"
HTTP Request: HEAD https://huggingface.co/sentence-transformers/all-MiniLM-L6-v2/resolve/main/processor_config.json "HTTP/1.1 404 Not Found"
HTTP Request: HEAD https://huggingface.co/sentence-transformers/all-MiniLM-L6-v2/resolve/main/preprocessor_config.json "HTTP/1.1 404 Not Found"
HTTP Request: HEAD https://huggingface.co/sentence-transformers/all-MiniLM-L6-v2/resolve/main/video_preprocessor_config.json "HTTP/1.1 404 Not Found"
HTTP Request: HEAD https://huggingface.co/sentence-transformers/all-MiniLM-L6-v2/resolve/main/preprocessor_config.json "HTTP/1.1 404 Not Found"
HTTP Request: HEAD https://huggingface.co/sentence-transformers/all-MiniLM-L6-v2/resolve/main/tokenizer_config.json "HTTP/1.1 307 Temporary Redirect"
HTTP Request: HEAD https://huggingface.co/api/resolve-cache/models/sentence-transformers/all-MiniLM-L6-v2/c9745ed1d9f207416be6d2e6f8de32d1f16199bf/tokenizer_config.json "HTTP/1.1 200 OK"
HTTP Request: HEAD https://huggingface.co/sentence-transformers/all-MiniLM-L6-v2/resolve/main/config.json "HTTP/1.1 307 Temporary Redirect"
HTTP Request: HEAD https://huggingface.co/api/resolve-cache/models/sentence-transformers/all-MiniLM-L6-v2/c9745ed1d9f207416be6d2e6f8de32d1f16199bf/config.json "HTTP/1.1 200 OK"
HTTP Request: HEAD https://huggingface.co/sentence-transformers/all-MiniLM-L6-v2/resolve/main/config.json "HTTP/1.1 307 Temporary Redirect"
HTTP Request: HEAD https://huggingface.co/api/resolve-cache/models/sentence-transformers/all-MiniLM-L6-v2/c9745ed1d9f207416be6d2e6f8de32d1f16199bf/config.json "HTTP/1.1 200 OK"
HTTP Request: HEAD https://huggingface.co/sentence-transformers/all-MiniLM-L6-v2/resolve/main/tokenizer_config.json "HTTP/1.1 307 Temporary Redirect"
HTTP Request: HEAD https://huggingface.co/api/resolve-cache/models/sentence-transformers/all-MiniLM-L6-v2/c9745ed1d9f207416be6d2e6f8de32d1f16199bf/tokenizer_config.json "HTTP/1.1 200 OK"
HTTP Request: GET https://huggingface.co/api/models/sentence-transformers/all-MiniLM-L6-v2/tree/main/additional_chat_templates?recursive=false&expand=false "HTTP/1.1 404 Not Found"
HTTP Request: GET https://huggingface.co/api/models/sentence-transformers/all-MiniLM-L6-v2/tree/main?recursive=true&expand=false "HTTP/1.1 200 OK"
HTTP Request: HEAD https://huggingface.co/sentence-transformers/all-MiniLM-L6-v2/resolve/main/1_Pooling/config.json "HTTP/1.1 307 Temporary Redirect"
HTTP Request: HEAD https://huggingface.co/api/resolve-cache/models/sentence-transformers/all-MiniLM-L6-v2/c9745ed1d9f207416be6d2e6f8de32d1f16199bf/1_Pooling%2Fconfig.json "HTTP/1.1 200 OK"
HTTP Request: GET https://huggingface.co/api/models/sentence-transformers/all-MiniLM-L6-v2 "HTTP/1.1 200 OK"
HTTP Request: HEAD https://huggingface.co/sentence-transformers/all-MiniLM-L6-v2/resolve/main/modules.json "HTTP/1.1 307 Temporary Redirect"
HTTP Request: HEAD https://huggingface.co/api/resolve-cache/models/sentence-transformers/all-MiniLM-L6-v2/c9745ed1d9f207416be6d2e6f8de32d1f16199bf/modules.json "HTTP/1.1 200 OK"
HTTP Request: HEAD https://huggingface.co/sentence-transformers/all-MiniLM-L6-v2/resolve/main/config_sentence_transformers.json "HTTP/1.1 307 Temporary Redirect"
HTTP Request: HEAD https://huggingface.co/api/resolve-cache/models/sentence-transformers/all-MiniLM-L6-v2/c9745ed1d9f207416be6d2e6f8de32d1f16199bf/config_sentence_transformers.json "HTTP/1.1 200 OK"
Loading SentenceTransformer model from sentence-transformers/all-MiniLM-L6-v2.
HTTP Request: HEAD https://huggingface.co/sentence-transformers/all-MiniLM-L6-v2/resolve/main/config_sentence_transformers.json "HTTP/1.1 307 Temporary Redirect"
Warning: You are sending unauthenticated requests to the HF Hub. Please set a HF_TOKEN to enable higher rate limits and faster downloads.
HTTP Request: HEAD https://huggingface.co/api/resolve-cache/models/sentence-transformers/all-MiniLM-L6-v2/c9745ed1d9f207416be6d2e6f8de32d1f16199bf/config_sentence_transformers.json "HTTP/1.1 200 OK"
HTTP Request: HEAD https://huggingface.co/sentence-transformers/all-MiniLM-L6-v2/resolve/main/README.md "HTTP/1.1 307 Temporary Redirect"
HTTP Request: HEAD https://huggingface.co/api/resolve-cache/models/sentence-transformers/all-MiniLM-L6-v2/c9745ed1d9f207416be6d2e6f8de32d1f16199bf/README.md "HTTP/1.1 200 OK"
HTTP Request: HEAD https://huggingface.co/sentence-transformers/all-MiniLM-L6-v2/resolve/main/modules.json "HTTP/1.1 307 Temporary Redirect"
HTTP Request: HEAD https://huggingface.co/api/resolve-cache/models/sentence-transformers/all-MiniLM-L6-v2/c9745ed1d9f207416be6d2e6f8de32d1f16199bf/modules.json "HTTP/1.1 200 OK"
HTTP Request: HEAD https://huggingface.co/sentence-transformers/all-MiniLM-L6-v2/resolve/main/sentence_bert_config.json "HTTP/1.1 307 Temporary Redirect"
HTTP Request: HEAD https://huggingface.co/api/resolve-cache/models/sentence-transformers/all-MiniLM-L6-v2/c9745ed1d9f207416be6d2e6f8de32d1f16199bf/sentence_bert_config.json "HTTP/1.1 200 OK"
HTTP Request: HEAD https://huggingface.co/sentence-transformers/all-MiniLM-L6-v2/resolve/main/adapter_config.json "HTTP/1.1 404 Not Found"
HTTP Request: HEAD https://huggingface.co/sentence-transformers/all-MiniLM-L6-v2/resolve/main/config.json "HTTP/1.1 307 Temporary Redirect"
HTTP Request: HEAD https://huggingface.co/api/resolve-cache/models/sentence-transformers/all-MiniLM-L6-v2/c9745ed1d9f207416be6d2e6f8de32d1f16199bf/config.json "HTTP/1.1 200 OK"
HTTP Request: HEAD https://huggingface.co/sentence-transformers/all-MiniLM-L6-v2/resolve/main/processor_config.json "HTTP/1.1 404 Not Found"
HTTP Request: HEAD https://huggingface.co/sentence-transformers/all-MiniLM-L6-v2/resolve/main/preprocessor_config.json "HTTP/1.1 404 Not Found"
HTTP Request: HEAD https://huggingface.co/sentence-transformers/all-MiniLM-L6-v2/resolve/main/video_preprocessor_config.json "HTTP/1.1 404 Not Found"
HTTP Request: HEAD https://huggingface.co/sentence-transformers/all-MiniLM-L6-v2/resolve/main/preprocessor_config.json "HTTP/1.1 404 Not Found"
HTTP Request: HEAD https://huggingface.co/sentence-transformers/all-MiniLM-L6-v2/resolve/main/tokenizer_config.json "HTTP/1.1 307 Temporary Redirect"
HTTP Request: HEAD https://huggingface.co/api/resolve-cache/models/sentence-transformers/all-MiniLM-L6-v2/c9745ed1d9f207416be6d2e6f8de32d1f16199bf/tokenizer_config.json "HTTP/1.1 200 OK"
HTTP Request: HEAD https://huggingface.co/sentence-transformers/all-MiniLM-L6-v2/resolve/main/config.json "HTTP/1.1 307 Temporary Redirect"
HTTP Request: HEAD https://huggingface.co/api/resolve-cache/models/sentence-transformers/all-MiniLM-L6-v2/c9745ed1d9f207416be6d2e6f8de32d1f16199bf/config.json "HTTP/1.1 200 OK"
HTTP Request: HEAD https://huggingface.co/sentence-transformers/all-MiniLM-L6-v2/resolve/main/config.json "HTTP/1.1 307 Temporary Redirect"
HTTP Request: HEAD https://huggingface.co/api/resolve-cache/models/sentence-transformers/all-MiniLM-L6-v2/c9745ed1d9f207416be6d2e6f8de32d1f16199bf/config.json "HTTP/1.1 200 OK"
HTTP Request: HEAD https://huggingface.co/sentence-transformers/all-MiniLM-L6-v2/resolve/main/tokenizer_config.json "HTTP/1.1 307 Temporary Redirect"
HTTP Request: HEAD https://huggingface.co/api/resolve-cache/models/sentence-transformers/all-MiniLM-L6-v2/c9745ed1d9f207416be6d2e6f8de32d1f16199bf/tokenizer_config.json "HTTP/1.1 200 OK"
HTTP Request: GET https://huggingface.co/api/models/sentence-transformers/all-MiniLM-L6-v2/tree/main/additional_chat_templates?recursive=false&expand=false "HTTP/1.1 404 Not Found"
HTTP Request: GET https://huggingface.co/api/models/sentence-transformers/all-MiniLM-L6-v2/tree/main?recursive=true&expand=false "HTTP/1.1 200 OK"
HTTP Request: HEAD https://huggingface.co/sentence-transformers/all-MiniLM-L6-v2/resolve/main/1_Pooling/config.json "HTTP/1.1 307 Temporary Redirect"
HTTP Request: HEAD https://huggingface.co/api/resolve-cache/models/sentence-transformers/all-MiniLM-L6-v2/c9745ed1d9f207416be6d2e6f8de32d1f16199bf/1_Pooling%2Fconfig.json "HTTP/1.1 200 OK"
HTTP Request: GET https://huggingface.co/api/models/sentence-transformers/all-MiniLM-L6-v2 "HTTP/1.1 200 OK"
HTTP Request: HEAD https://huggingface.co/sentence-transformers/all-MiniLM-L6-v2/resolve/main/modules.json "HTTP/1.1 307 Temporary Redirect"
Warning: You are sending unauthenticated requests to the HF Hub. Please set a HF_TOKEN to enable higher rate limits and faster downloads.
HTTP Request: HEAD https://huggingface.co/api/resolve-cache/models/sentence-transformers/all-MiniLM-L6-v2/c9745ed1d9f207416be6d2e6f8de32d1f16199bf/modules.json "HTTP/1.1 200 OK"
HTTP Request: HEAD https://huggingface.co/sentence-transformers/all-MiniLM-L6-v2/resolve/main/config_sentence_transformers.json "HTTP/1.1 307 Temporary Redirect"
HTTP Request: HEAD https://huggingface.co/api/resolve-cache/models/sentence-transformers/all-MiniLM-L6-v2/c9745ed1d9f207416be6d2e6f8de32d1f16199bf/config_sentence_transformers.json "HTTP/1.1 200 OK"
Loading SentenceTransformer model from sentence-transformers/all-MiniLM-L6-v2.
HTTP Request: HEAD https://huggingface.co/sentence-transformers/all-MiniLM-L6-v2/resolve/main/config_sentence_transformers.json "HTTP/1.1 307 Temporary Redirect"
HTTP Request: HEAD https://huggingface.co/api/resolve-cache/models/sentence-transformers/all-MiniLM-L6-v2/c9745ed1d9f207416be6d2e6f8de32d1f16199bf/config_sentence_transformers.json "HTTP/1.1 200 OK"
HTTP Request: HEAD https://huggingface.co/sentence-transformers/all-MiniLM-L6-v2/resolve/main/README.md "HTTP/1.1 307 Temporary Redirect"
HTTP Request: HEAD https://huggingface.co/api/resolve-cache/models/sentence-transformers/all-MiniLM-L6-v2/c9745ed1d9f207416be6d2e6f8de32d1f16199bf/README.md "HTTP/1.1 200 OK"
HTTP Request: HEAD https://huggingface.co/sentence-transformers/all-MiniLM-L6-v2/resolve/main/modules.json "HTTP/1.1 307 Temporary Redirect"
HTTP Request: HEAD https://huggingface.co/api/resolve-cache/models/sentence-transformers/all-MiniLM-L6-v2/c9745ed1d9f207416be6d2e6f8de32d1f16199bf/modules.json "HTTP/1.1 200 OK"
HTTP Request: HEAD https://huggingface.co/sentence-transformers/all-MiniLM-L6-v2/resolve/main/sentence_bert_config.json "HTTP/1.1 307 Temporary Redirect"
HTTP Request: HEAD https://huggingface.co/api/resolve-cache/models/sentence-transformers/all-MiniLM-L6-v2/c9745ed1d9f207416be6d2e6f8de32d1f16199bf/sentence_bert_config.json "HTTP/1.1 200 OK"
HTTP Request: HEAD https://huggingface.co/sentence-transformers/all-MiniLM-L6-v2/resolve/main/adapter_config.json "HTTP/1.1 404 Not Found"
HTTP Request: HEAD https://huggingface.co/sentence-transformers/all-MiniLM-L6-v2/resolve/main/config.json "HTTP/1.1 307 Temporary Redirect"
HTTP Request: HEAD https://huggingface.co/api/resolve-cache/models/sentence-transformers/all-MiniLM-L6-v2/c9745ed1d9f207416be6d2e6f8de32d1f16199bf/config.json "HTTP/1.1 200 OK"
HTTP Request: HEAD https://huggingface.co/sentence-transformers/all-MiniLM-L6-v2/resolve/main/processor_config.json "HTTP/1.1 404 Not Found"
HTTP Request: HEAD https://huggingface.co/sentence-transformers/all-MiniLM-L6-v2/resolve/main/preprocessor_config.json "HTTP/1.1 404 Not Found"
HTTP Request: HEAD https://huggingface.co/sentence-transformers/all-MiniLM-L6-v2/resolve/main/video_preprocessor_config.json "HTTP/1.1 404 Not Found"
HTTP Request: HEAD https://huggingface.co/sentence-transformers/all-MiniLM-L6-v2/resolve/main/preprocessor_config.json "HTTP/1.1 404 Not Found"
HTTP Request: HEAD https://huggingface.co/sentence-transformers/all-MiniLM-L6-v2/resolve/main/tokenizer_config.json "HTTP/1.1 307 Temporary Redirect"
HTTP Request: HEAD https://huggingface.co/api/resolve-cache/models/sentence-transformers/all-MiniLM-L6-v2/c9745ed1d9f207416be6d2e6f8de32d1f16199bf/tokenizer_config.json "HTTP/1.1 200 OK"
HTTP Request: HEAD https://huggingface.co/sentence-transformers/all-MiniLM-L6-v2/resolve/main/config.json "HTTP/1.1 307 Temporary Redirect"
HTTP Request: HEAD https://huggingface.co/api/resolve-cache/models/sentence-transformers/all-MiniLM-L6-v2/c9745ed1d9f207416be6d2e6f8de32d1f16199bf/config.json "HTTP/1.1 200 OK"
HTTP Request: HEAD https://huggingface.co/sentence-transformers/all-MiniLM-L6-v2/resolve/main/config.json "HTTP/1.1 307 Temporary Redirect"
HTTP Request: HEAD https://huggingface.co/api/resolve-cache/models/sentence-transformers/all-MiniLM-L6-v2/c9745ed1d9f207416be6d2e6f8de32d1f16199bf/config.json "HTTP/1.1 200 OK"
HTTP Request: HEAD https://huggingface.co/sentence-transformers/all-MiniLM-L6-v2/resolve/main/tokenizer_config.json "HTTP/1.1 307 Temporary Redirect"
HTTP Request: HEAD https://huggingface.co/api/resolve-cache/models/sentence-transformers/all-MiniLM-L6-v2/c9745ed1d9f207416be6d2e6f8de32d1f16199bf/tokenizer_config.json "HTTP/1.1 200 OK"
HTTP Request: GET https://huggingface.co/api/models/sentence-transformers/all-MiniLM-L6-v2/tree/main/additional_chat_templates?recursive=false&expand=false "HTTP/1.1 404 Not Found"
HTTP Request: GET https://huggingface.co/api/models/sentence-transformers/all-MiniLM-L6-v2/tree/main?recursive=true&expand=false "HTTP/1.1 200 OK"
HTTP Request: HEAD https://huggingface.co/sentence-transformers/all-MiniLM-L6-v2/resolve/main/1_Pooling/config.json "HTTP/1.1 307 Temporary Redirect"
HTTP Request: HEAD https://huggingface.co/api/resolve-cache/models/sentence-transformers/all-MiniLM-L6-v2/c9745ed1d9f207416be6d2e6f8de32d1f16199bf/1_Pooling%2Fconfig.json "HTTP/1.1 200 OK"
HTTP Request: GET https://huggingface.co/api/models/sentence-transformers/all-MiniLM-L6-v2 "HTTP/1.1 200 OK"
HTTP Request: HEAD https://huggingface.co/sentence-transformers/all-MiniLM-L6-v2/resolve/main/modules.json "HTTP/1.1 307 Temporary Redirect"
HTTP Request: HEAD https://huggingface.co/api/resolve-cache/models/sentence-transformers/all-MiniLM-L6-v2/c9745ed1d9f207416be6d2e6f8de32d1f16199bf/modules.json "HTTP/1.1 200 OK"
HTTP Request: HEAD https://huggingface.co/sentence-transformers/all-MiniLM-L6-v2/resolve/main/config_sentence_transformers.json "HTTP/1.1 307 Temporary Redirect"
Warning: You are sending unauthenticated requests to the HF Hub. Please set a HF_TOKEN to enable higher rate limits and faster downloads.
HTTP Request: HEAD https://huggingface.co/api/resolve-cache/models/sentence-transformers/all-MiniLM-L6-v2/c9745ed1d9f207416be6d2e6f8de32d1f16199bf/config_sentence_transformers.json "HTTP/1.1 200 OK"
Loading SentenceTransformer model from sentence-transformers/all-MiniLM-L6-v2.
HTTP Request: HEAD https://huggingface.co/sentence-transformers/all-MiniLM-L6-v2/resolve/main/config_sentence_transformers.json "HTTP/1.1 307 Temporary Redirect"
HTTP Request: HEAD https://huggingface.co/api/resolve-cache/models/sentence-transformers/all-MiniLM-L6-v2/c9745ed1d9f207416be6d2e6f8de32d1f16199bf/config_sentence_transformers.json "HTTP/1.1 200 OK"
HTTP Request: HEAD https://huggingface.co/sentence-transformers/all-MiniLM-L6-v2/resolve/main/README.md "HTTP/1.1 307 Temporary Redirect"
HTTP Request: HEAD https://huggingface.co/api/resolve-cache/models/sentence-transformers/all-MiniLM-L6-v2/c9745ed1d9f207416be6d2e6f8de32d1f16199bf/README.md "HTTP/1.1 200 OK"
HTTP Request: HEAD https://huggingface.co/sentence-transformers/all-MiniLM-L6-v2/resolve/main/modules.json "HTTP/1.1 307 Temporary Redirect"
HTTP Request: HEAD https://huggingface.co/api/resolve-cache/models/sentence-transformers/all-MiniLM-L6-v2/c9745ed1d9f207416be6d2e6f8de32d1f16199bf/modules.json "HTTP/1.1 200 OK"
HTTP Request: HEAD https://huggingface.co/sentence-transformers/all-MiniLM-L6-v2/resolve/main/sentence_bert_config.json "HTTP/1.1 307 Temporary Redirect"
HTTP Request: HEAD https://huggingface.co/api/resolve-cache/models/sentence-transformers/all-MiniLM-L6-v2/c9745ed1d9f207416be6d2e6f8de32d1f16199bf/sentence_bert_config.json "HTTP/1.1 200 OK"
HTTP Request: HEAD https://huggingface.co/sentence-transformers/all-MiniLM-L6-v2/resolve/main/adapter_config.json "HTTP/1.1 404 Not Found"
HTTP Request: HEAD https://huggingface.co/sentence-transformers/all-MiniLM-L6-v2/resolve/main/config.json "HTTP/1.1 307 Temporary Redirect"
HTTP Request: HEAD https://huggingface.co/api/resolve-cache/models/sentence-transformers/all-MiniLM-L6-v2/c9745ed1d9f207416be6d2e6f8de32d1f16199bf/config.json "HTTP/1.1 200 OK"
HTTP Request: HEAD https://huggingface.co/sentence-transformers/all-MiniLM-L6-v2/resolve/main/processor_config.json "HTTP/1.1 404 Not Found"
HTTP Request: HEAD https://huggingface.co/sentence-transformers/all-MiniLM-L6-v2/resolve/main/preprocessor_config.json "HTTP/1.1 404 Not Found"
HTTP Request: HEAD https://huggingface.co/sentence-transformers/all-MiniLM-L6-v2/resolve/main/video_preprocessor_config.json "HTTP/1.1 404 Not Found"
HTTP Request: HEAD https://huggingface.co/sentence-transformers/all-MiniLM-L6-v2/resolve/main/preprocessor_config.json "HTTP/1.1 404 Not Found"
HTTP Request: HEAD https://huggingface.co/sentence-transformers/all-MiniLM-L6-v2/resolve/main/tokenizer_config.json "HTTP/1.1 307 Temporary Redirect"
HTTP Request: HEAD https://huggingface.co/api/resolve-cache/models/sentence-transformers/all-MiniLM-L6-v2/c9745ed1d9f207416be6d2e6f8de32d1f16199bf/tokenizer_config.json "HTTP/1.1 200 OK"
HTTP Request: HEAD https://huggingface.co/sentence-transformers/all-MiniLM-L6-v2/resolve/main/config.json "HTTP/1.1 307 Temporary Redirect"
HTTP Request: HEAD https://huggingface.co/api/resolve-cache/models/sentence-transformers/all-MiniLM-L6-v2/c9745ed1d9f207416be6d2e6f8de32d1f16199bf/config.json "HTTP/1.1 200 OK"
HTTP Request: HEAD https://huggingface.co/sentence-transformers/all-MiniLM-L6-v2/resolve/main/config.json "HTTP/1.1 307 Temporary Redirect"
HTTP Request: HEAD https://huggingface.co/api/resolve-cache/models/sentence-transformers/all-MiniLM-L6-v2/c9745ed1d9f207416be6d2e6f8de32d1f16199bf/config.json "HTTP/1.1 200 OK"
HTTP Request: HEAD https://huggingface.co/sentence-transformers/all-MiniLM-L6-v2/resolve/main/tokenizer_config.json "HTTP/1.1 307 Temporary Redirect"
HTTP Request: HEAD https://huggingface.co/api/resolve-cache/models/sentence-transformers/all-MiniLM-L6-v2/c9745ed1d9f207416be6d2e6f8de32d1f16199bf/tokenizer_config.json "HTTP/1.1 200 OK"
HTTP Request: GET https://huggingface.co/api/models/sentence-transformers/all-MiniLM-L6-v2/tree/main/additional_chat_templates?recursive=false&expand=false "HTTP/1.1 404 Not Found"
HTTP Request: GET https://huggingface.co/api/models/sentence-transformers/all-MiniLM-L6-v2/tree/main?recursive=true&expand=false "HTTP/1.1 200 OK"
HTTP Request: HEAD https://huggingface.co/sentence-transformers/all-MiniLM-L6-v2/resolve/main/1_Pooling/config.json "HTTP/1.1 307 Temporary Redirect"
HTTP Request: HEAD https://huggingface.co/api/resolve-cache/models/sentence-transformers/all-MiniLM-L6-v2/c9745ed1d9f207416be6d2e6f8de32d1f16199bf/1_Pooling%2Fconfig.json "HTTP/1.1 200 OK"
HTTP Request: GET https://huggingface.co/api/models/sentence-transformers/all-MiniLM-L6-v2 "HTTP/1.1 200 OK"
Prescan complete in 0.0s: specialization=стоматология city=Москва revenue=None seo=70 rating=4.5 reviews=50 errors=0
Prescan SEO thread failed: SEO scan crashed
Prescan complete in 0.0s: specialization=косметология city=Казань revenue=None seo=0 rating=4.5 reviews=50 errors=1
Prescan complete in 0.0s: specialization=стоматология city=Москва revenue=None seo=70 rating=4.5 reviews=50 errors=0
HTTP Request: GET http://test/api/company-profiles/by-url?url=https%3A%2F%2Fno-such-clinic.ru "HTTP/1.1 404 Not Found"
HTTP Request: POST http://test/api/company-profiles/upsert "HTTP/1.1 400 Bad Request"
HTTP Request: GET http://test/api/company-profiles/by-url?url= "HTTP/1.1 400 Bad Request"
HTTP Request: POST http://test/api/company-profiles/upsert "HTTP/1.1 201 Created"
HTTP Request: POST http://test/api/company-profiles/upsert "HTTP/1.1 201 Created"
HTTP Request: POST http://test/api/company-profiles/upsert "HTTP/1.1 200 OK"
HTTP Request: POST http://test/api/company-profiles/upsert "HTTP/1.1 201 Created"
HTTP Request: GET http://test/api/company-profiles/by-url?url=https%3A%2F%2Ftest-clinic.ru "HTTP/1.1 200 OK"
HTTP Request: GET http://test/api/company-profiles/by-url?url=https%3A%2F%2Fno-such-clinic.ru "HTTP/1.1 404 Not Found"
HTTP Request: POST http://test/api/company-profiles/upsert "HTTP/1.1 201 Created"
HTTP Request: GET http://test/api/company-profiles/by-url?url=https%3A%2F%2Ftest-clinic.ru "HTTP/1.1 200 OK"
HTTP Request: GET http://test/api/company-profiles/by-url?url=https%3A%2F%2Ftest-clinic.ru "HTTP/1.1 200 OK"
HTTP Request: POST http://test/api/company-profiles/upsert "HTTP/1.1 201 Created"
HTTP Request: POST http://test/api/company-profiles/upsert "HTTP/1.1 201 Created"
HTTP Request: GET http://test/api/company-profiles/by-url?url=https%3A%2F%2Ftest-clinic.ru "HTTP/1.1 200 OK"
HTTP Request: GET http://test/api/company-profiles/by-url?url=https%3A%2F%2Ftest-clinic.ru&inn=1111111111 "HTTP/1.1 200 OK"
HTTP Request: POST http://test/api/company-profiles/upsert "HTTP/1.1 400 Bad Request"
HTTP Request: GET http://test/api/company-profiles/by-url?url= "HTTP/1.1 400 Bad Request"
HTTP Request: POST http://test/api/company-profiles/upsert "HTTP/1.1 201 Created"
HTTP Request: POST http://test/api/company-profiles/upsert "HTTP/1.1 201 Created"
HTTP Request: GET https://test-clinic.ru "HTTP/1.1 200 OK"
HTTP Request: GET https://test-clinic.ru/sitemap.xml "HTTP/1.1 301 Moved Permanently"
HTTP Request: GET https://test-clinic.ru/sitemap_index.xml "HTTP/1.1 200 OK"
HTTP Request: GET https://roszdravnadzor.gov.ru/services/licenses?inn=1234567890 "HTTP/1.1 200 OK"
Roszdravnadzor: found 0 license(s) for Тестовая Клиника
setup plugin alembic.autogenerate.schemas
setup plugin alembic.autogenerate.tables
setup plugin alembic.autogenerate.types
setup plugin alembic.autogenerate.constraints
setup plugin alembic.autogenerate.defaults
setup plugin alembic.autogenerate.comments
HermesOrchestrator initialized
HTTP Request: GET https://yutskovskaya.ru "HTTP/1.1 200 OK"
HTTP Request: GET https://yutskovskaya.ru/policy/ "HTTP/1.1 200 OK"
Service extraction: url=https://yutskovskaya.ru services=['терапия', 'хирургия', 'косметология', 'дерматология', 'гинекология', 'урология', 'эндокринология', 'диагностика', 'пластическая хирургия', 'аллергология', 'реабилитация'] specialization=косметология city=Москва structure_departments=40
HTTP Request: GET https://bo.nalog.gov.ru/advanced-search/organizations/search?query=9717023304&page=0&size=20 "HTTP/1.1 200 "
HTTP Request: GET https://bo.nalog.gov.ru/nbo/organizations/9725527/bfo/ "HTTP/1.1 200 "
HTTP Request: GET https://yutskovskaya.ru "HTTP/1.1 200 OK"
HTTP Request: GET https://roszdravnadzor.gov.ru/services/licenses?inn=9717023304 "HTTP/1.1 200 OK"
Roszdravnadzor: found 0 license(s) for 
HTTP Request: GET https://yutskovskaya.ru "HTTP/1.1 200 OK"
HTTP Request: GET https://yutskovskaya.ru/sitemap.xml "HTTP/1.1 200 OK"
HTTP Request: GET https://yutskovskaya.ru "HTTP/1.1 200 OK"
HTTP Request: GET https://yutskovskaya.ru "HTTP/1.1 200 OK"
HTTP Request: GET https://bo.nalog.gov.ru/advanced-search/organizations/search?query=9717023304&page=0&size=20 "HTTP/1.1 200 "
HTTP Request: GET https://bo.nalog.gov.ru/nbo/organizations/9725527/bfo/ "HTTP/1.1 200 "
HTTP Request: GET https://yutskovskaya.ru "HTTP/1.1 200 OK"
HTTP Request: GET https://yutskovskaya.ru/sitemap.xml "HTTP/1.1 200 OK"
HTTP Request: GET https://yutskovskaya.ru "HTTP/1.1 200 OK"
HTTP Request: GET https://yutskovskaya.ru/policy/ "HTTP/1.1 200 OK"
Service extraction: url=https://yutskovskaya.ru services=['терапия', 'хирургия', 'косметология', 'дерматология', 'гинекология', 'урология', 'эндокринология', 'диагностика', 'пластическая хирургия', 'аллергология', 'реабилитация'] specialization=косметология city=Москва structure_departments=40
CompetitorMatcher: client profile — ClientProfile(url='https://yutskovskaya.ru', specialization='косметология', city='Москва', services=['терапия', 'хирургия', 'косметология', 'дерматология', 'гинекология', 'урология', 'эндокринология', 'диагностика', 'пластическая хирургия', 'аллергология', 'реабилитация'], estimated_revenue=20000000, company_name='Клиника профессора Юцковской', inn=None, city_lat=None, city_lon=None)
HTTP Request: GET https://bo.nalog.gov.ru/advanced-search/organizations/search?query=9717023304&page=0&size=20 "HTTP/1.1 200 "
HTTP Request: GET https://bo.nalog.gov.ru/nbo/organizations/9725527/bfo/ "HTTP/1.1 200 "
CompetitorMatcher: client revenue from nalog = 242176000 ₽ (INN 9717023304)
HTTP Request: GET https://nominatim.openstreetmap.org/search?q=%D0%9C%D0%BE%D1%81%D0%BA%D0%B2%D0%B0%2C+%D0%A0%D0%BE%D1%81%D1%81%D0%B8%D1%8F&format=json&limit=1 "HTTP/1.1 200 OK"
CompetitorMatcher: city center Москва = (55.6256, 37.6064)
CompetitorMatcher: extract_profile=0.7s, geocode=0.5s
HTTP Request: GET https://yutskovskaya.ru "HTTP/1.1 200 OK"
HTTP Request: GET https://yutskovskaya.ru/policy/ "HTTP/1.1 200 OK"
Service extraction: url=https://yutskovskaya.ru services=['терапия', 'хирургия', 'косметология', 'дерматология', 'гинекология', 'урология', 'эндокринология', 'диагностика', 'пластическая хирургия', 'аллергология', 'реабилитация'] specialization=косметология city=Москва structure_departments=40
HTTP Request: GET https://bo.nalog.gov.ru/advanced-search/organizations/search?query=9717023304&page=0&size=20 "HTTP/1.1 200 "
HTTP Request: GET https://bo.nalog.gov.ru/nbo/organizations/9725527/bfo/ "HTTP/1.1 200 "
HTTP Request: GET https://yutskovskaya.ru "HTTP/1.1 200 OK"
HTTP Request: GET https://roszdravnadzor.gov.ru/services/licenses?inn=9717023304 "HTTP/1.1 200 OK"
Roszdravnadzor: found 0 license(s) for 
HTTP Request: GET https://yutskovskaya.ru "HTTP/1.1 200 OK"
HTTP Request: GET https://yutskovskaya.ru/sitemap.xml "HTTP/1.1 200 OK"
HTTP Request: GET https://yutskovskaya.ru "HTTP/1.1 200 OK"
HTTP Request: GET https://yutskovskaya.ru "HTTP/1.1 200 OK"
HTTP Request: GET https://bo.nalog.gov.ru/advanced-search/organizations/search?query=9717023304&page=0&size=20 "HTTP/1.1 200 "
HTTP Request: GET https://bo.nalog.gov.ru/nbo/organizations/9725527/bfo/ "HTTP/1.1 200 "
HTTP Request: GET https://yutskovskaya.ru "HTTP/1.1 200 OK"
HTTP Request: GET https://yutskovskaya.ru/sitemap.xml "HTTP/1.1 200 OK"
HTTP Request: GET https://yutskovskaya.ru "HTTP/1.1 200 OK"
HTTP Request: GET https://yutskovskaya.ru/policy/ "HTTP/1.1 200 OK"
Service extraction: url=https://yutskovskaya.ru services=['терапия', 'хирургия', 'косметология', 'дерматология', 'гинекология', 'урология', 'эндокринология', 'диагностика', 'пластическая хирургия', 'аллергология', 'реабилитация'] specialization=косметология city=Москва structure_departments=40
CompetitorMatcher: client profile — ClientProfile(url='https://yutskovskaya.ru', specialization='косметология', city='Москва', services=['терапия', 'хирургия', 'косметология', 'дерматология', 'гинекология', 'урология', 'эндокринология', 'диагностика', 'пластическая хирургия', 'аллергология', 'реабилитация'], estimated_revenue=20000000, company_name='Клиника профессора Юцковской', inn=None, city_lat=None, city_lon=None)
HTTP Request: GET https://bo.nalog.gov.ru/advanced-search/organizations/search?query=9717023304&page=0&size=20 "HTTP/1.1 200 "
HTTP Request: GET https://bo.nalog.gov.ru/nbo/organizations/9725527/bfo/ "HTTP/1.1 200 "
CompetitorMatcher: client revenue from nalog = 242176000 ₽ (INN 9717023304)
HTTP Request: GET https://nominatim.openstreetmap.org/search?q=%D0%9C%D0%BE%D1%81%D0%BA%D0%B2%D0%B0%2C+%D0%A0%D0%BE%D1%81%D1%81%D0%B8%D1%8F&format=json&limit=1 "HTTP/1.1 200 OK"
CompetitorMatcher: city center Москва = (55.6256, 37.6064)
CompetitorMatcher: extract_profile=0.8s, geocode=0.2s
setup plugin alembic.autogenerate.schemas
setup plugin alembic.autogenerate.tables
setup plugin alembic.autogenerate.types
setup plugin alembic.autogenerate.constraints
setup plugin alembic.autogenerate.defaults
setup plugin alembic.autogenerate.comments
setup plugin alembic.autogenerate.schemas
setup plugin alembic.autogenerate.tables
setup plugin alembic.autogenerate.types
setup plugin alembic.autogenerate.constraints
setup plugin alembic.autogenerate.defaults
setup plugin alembic.autogenerate.comments
setup plugin alembic.autogenerate.schemas
setup plugin alembic.autogenerate.tables
setup plugin alembic.autogenerate.types
setup plugin alembic.autogenerate.constraints
setup plugin alembic.autogenerate.defaults
setup plugin alembic.autogenerate.comments
setup plugin alembic.autogenerate.schemas
setup plugin alembic.autogenerate.tables
setup plugin alembic.autogenerate.types
setup plugin alembic.autogenerate.constraints
setup plugin alembic.autogenerate.defaults
setup plugin alembic.autogenerate.comments
Project status fetched for: {} → not_found (source: none)
setup plugin alembic.autogenerate.schemas
setup plugin alembic.autogenerate.tables
setup plugin alembic.autogenerate.types
setup plugin alembic.autogenerate.constraints
setup plugin alembic.autogenerate.defaults
setup plugin alembic.autogenerate.comments
