2026/06/04 12:31:14 [emerg] 1#1: host not found in upstream "frontend:3099" in /etc/nginx/conf.d/default.conf:6
2026/06/04 12:31:14 [emerg] 1#1: host not found in upstream "frontend:3099" in /etc/nginx/conf.d/default.conf:6
2026/06/04 12:31:14 [emerg] 1#1: host not found in upstream "frontend:3099" in /etc/nginx/conf.d/default.conf:6
2026/06/04 12:31:15 [emerg] 1#1: host not found in upstream "frontend:3099" in /etc/nginx/conf.d/default.conf:6
2026/06/04 12:31:16 [emerg] 1#1: host not found in upstream "frontend:3099" in /etc/nginx/conf.d/default.conf:6
2026/06/04 12:31:18 [emerg] 1#1: host not found in upstream "frontend:3099" in /etc/nginx/conf.d/default.conf:6
2026/06/04 12:31:21 [emerg] 1#1: host not found in upstream "frontend:3099" in /etc/nginx/conf.d/default.conf:6
2026/06/04 12:31:27 [emerg] 1#1: host not found in upstream "frontend:3099" in /etc/nginx/conf.d/default.conf:6
2026/06/04 12:31:40 [emerg] 1#1: host not found in upstream "frontend:3099" in /etc/nginx/conf.d/default.conf:6
2026/06/04 12:32:06 [emerg] 1#1: host not found in upstream "frontend:3099" in /etc/nginx/conf.d/default.conf:6
2026/06/04 12:32:57 [emerg] 1#1: host not found in upstream "frontend:3099" in /etc/nginx/conf.d/default.conf:6
2026/06/04 12:33:57 [emerg] 1#1: host not found in upstream "frontend:3099" in /etc/nginx/conf.d/default.conf:6
2026/06/04 12:34:58 [emerg] 1#1: host not found in upstream "frontend:3099" in /etc/nginx/conf.d/default.conf:6
2026/06/04 12:35:58 [emerg] 1#1: host not found in upstream "frontend:3099" in /etc/nginx/conf.d/default.conf:6
2026/06/04 12:36:58 [emerg] 1#1: host not found in upstream "frontend:3099" in /etc/nginx/conf.d/default.conf:6
2026/06/04 12:37:58 [emerg] 1#1: host not found in upstream "frontend:3099" in /etc/nginx/conf.d/default.conf:6
2026/06/04 12:38:58 [emerg] 1#1: host not found in upstream "frontend:3099" in /etc/nginx/conf.d/default.conf:6
2026/06/04 12:39:58 [emerg] 1#1: host not found in upstream "frontend:3099" in /etc/nginx/conf.d/default.conf:6
2026/06/04 12:40:58 [emerg] 1#1: host not found in upstream "frontend:3099" in /etc/nginx/conf.d/default.conf:6
2026/06/04 12:41:59 [emerg] 1#1: host not found in upstream "frontend:3099" in /etc/nginx/conf.d/default.conf:6
2026/06/04 12:42:59 [emerg] 1#1: host not found in upstream "frontend:3099" in /etc/nginx/conf.d/default.conf:6
2026/06/04 12:43:59 [emerg] 1#1: host not found in upstream "frontend:3099" in /etc/nginx/conf.d/default.conf:6
2026/06/04 12:44:59 [emerg] 1#1: host not found in upstream "frontend:3099" in /etc/nginx/conf.d/default.conf:6
2026/06/04 12:45:59 [emerg] 1#1: host not found in upstream "frontend:3099" in /etc/nginx/conf.d/default.conf:6
2026/06/04 12:46:59 [emerg] 1#1: host not found in upstream "frontend:3099" in /etc/nginx/conf.d/default.conf:6
2026/06/04 12:48:00 [emerg] 1#1: host not found in upstream "frontend:3099" in /etc/nginx/conf.d/default.conf:6
2026/06/04 12:49:00 [emerg] 1#1: host not found in upstream "frontend:3099" in /etc/nginx/conf.d/default.conf:6
2026/06/04 12:50:00 [emerg] 1#1: host not found in upstream "frontend:3099" in /etc/nginx/conf.d/default.conf:6
2026/06/04 12:51:00 [emerg] 1#1: host not found in upstream "aim_frontend" in /etc/nginx/conf.d/default.conf:46
2026/06/04 12:52:01 [emerg] 1#1: host not found in upstream "aim_frontend" in /etc/nginx/conf.d/default.conf:46
2026/06/04 12:52:49 [emerg] 1#1: cannot load certificate "/etc/letsencrypt/live/iamaim.ru/fullchain.pem": BIO_new_file() failed (SSL: error:80000002:system library::No such file or directory:calling fopen(/etc/letsencrypt/live/iamaim.ru/fullchain.pem, r) error:10000080:BIO routines::no such file)
2026/06/04 12:52:49 [emerg] 1#1: cannot load certificate "/etc/letsencrypt/live/iamaim.ru/fullchain.pem": BIO_new_file() failed (SSL: error:80000002:system library::No such file or directory:calling fopen(/etc/letsencrypt/live/iamaim.ru/fullchain.pem, r) error:10000080:BIO routines::no such file)
2026/06/04 12:52:49 [emerg] 1#1: cannot load certificate "/etc/letsencrypt/live/iamaim.ru/fullchain.pem": BIO_new_file() failed (SSL: error:80000002:system library::No such file or directory:calling fopen(/etc/letsencrypt/live/iamaim.ru/fullchain.pem, r) error:10000080:BIO routines::no such file)
2026/06/04 12:52:50 [emerg] 1#1: cannot load certificate "/etc/letsencrypt/live/iamaim.ru/fullchain.pem": BIO_new_file() failed (SSL: error:80000002:system library::No such file or directory:calling fopen(/etc/letsencrypt/live/iamaim.ru/fullchain.pem, r) error:10000080:BIO routines::no such file)
2026/06/04 12:52:51 [emerg] 1#1: cannot load certificate "/etc/letsencrypt/live/iamaim.ru/fullchain.pem": BIO_new_file() failed (SSL: error:80000002:system library::No such file or directory:calling fopen(/etc/letsencrypt/live/iamaim.ru/fullchain.pem, r) error:10000080:BIO routines::no such file)
2026/06/04 12:52:53 [emerg] 1#1: cannot load certificate "/etc/letsencrypt/live/iamaim.ru/fullchain.pem": BIO_new_file() failed (SSL: error:80000002:system library::No such file or directory:calling fopen(/etc/letsencrypt/live/iamaim.ru/fullchain.pem, r) error:10000080:BIO routines::no such file)
2026/06/04 12:52:56 [emerg] 1#1: cannot load certificate "/etc/letsencrypt/live/iamaim.ru/fullchain.pem": BIO_new_file() failed (SSL: error:80000002:system library::No such file or directory:calling fopen(/etc/letsencrypt/live/iamaim.ru/fullchain.pem, r) error:10000080:BIO routines::no such file)
2026/06/04 12:53:02 [emerg] 1#1: cannot load certificate "/etc/letsencrypt/live/iamaim.ru/fullchain.pem": BIO_new_file() failed (SSL: error:80000002:system library::No such file or directory:calling fopen(/etc/letsencrypt/live/iamaim.ru/fullchain.pem, r) error:10000080:BIO routines::no such file)
2026/06/04 12:53:15 [emerg] 1#1: cannot load certificate "/etc/letsencrypt/live/iamaim.ru/fullchain.pem": BIO_new_file() failed (SSL: error:80000002:system library::No such file or directory:calling fopen(/etc/letsencrypt/live/iamaim.ru/fullchain.pem, r) error:10000080:BIO routines::no such file)
2026/06/04 12:53:41 [emerg] 1#1: cannot load certificate "/etc/letsencrypt/live/iamaim.ru/fullchain.pem": BIO_new_file() failed (SSL: error:80000002:system library::No such file or directory:calling fopen(/etc/letsencrypt/live/iamaim.ru/fullchain.pem, r) error:10000080:BIO routines::no such file)
2026/06/04 12:54:10 [notice] 1#1: using the "epoll" event method
2026/06/04 12:54:10 [notice] 1#1: nginx/1.31.1
2026/06/04 12:54:10 [notice] 1#1: built by gcc 15.2.0 (Alpine 15.2.0) 
2026/06/04 12:54:10 [notice] 1#1: OS: Linux 6.8.0-100-generic
2026/06/04 12:54:10 [notice] 1#1: getrlimit(RLIMIT_NOFILE): 1024:524288
2026/06/04 12:54:10 [notice] 1#1: start worker processes
2026/06/04 12:54:10 [notice] 1#1: start worker process 21
2026/06/04 12:54:10 [notice] 1#1: start worker process 22
2026/06/04 12:54:10 [notice] 1#1: start worker process 23
2026/06/04 12:54:10 [notice] 1#1: start worker process 24
2026/06/04 12:54:40 [notice] 1#1: signal 17 (SIGCHLD) received from 31
2026/06/04 12:54:40 [notice] 1#1: unknown process 31 exited with code 0
2026/06/04 12:55:10 [notice] 1#1: signal 17 (SIGCHLD) received from 38
2026/06/04 12:55:10 [notice] 1#1: unknown process 38 exited with code 0
2026/06/04 12:55:40 [notice] 1#1: signal 17 (SIGCHLD) received from 45
2026/06/04 12:55:40 [notice] 1#1: unknown process 45 exited with code 0
2026/06/04 12:56:10 [notice] 1#1: signal 17 (SIGCHLD) received from 52
2026/06/04 12:56:10 [notice] 1#1: unknown process 52 exited with code 0
2026/06/04 12:56:40 [notice] 1#1: signal 17 (SIGCHLD) received from 59
2026/06/04 12:56:40 [notice] 1#1: unknown process 59 exited with code 0
2026/06/04 12:57:10 [notice] 1#1: signal 17 (SIGCHLD) received from 66
2026/06/04 12:57:10 [notice] 1#1: unknown process 66 exited with code 0
2026/06/04 12:57:40 [notice] 1#1: signal 17 (SIGCHLD) received from 73
2026/06/04 12:57:40 [notice] 1#1: unknown process 73 exited with code 0
2026/06/04 12:58:10 [notice] 1#1: signal 17 (SIGCHLD) received from 80
2026/06/04 12:58:10 [notice] 1#1: unknown process 80 exited with code 0
2026/06/04 12:58:41 [notice] 1#1: signal 17 (SIGCHLD) received from 87
2026/06/04 12:58:41 [notice] 1#1: unknown process 87 exited with code 0
2026/06/04 12:59:11 [notice] 1#1: signal 17 (SIGCHLD) received from 94
2026/06/04 12:59:11 [notice] 1#1: unknown process 94 exited with code 0
2026/06/04 12:59:41 [notice] 1#1: signal 17 (SIGCHLD) received from 101
2026/06/04 12:59:41 [notice] 1#1: unknown process 101 exited with code 0
2026/06/04 13:00:11 [notice] 1#1: signal 17 (SIGCHLD) received from 108
2026/06/04 13:00:11 [notice] 1#1: unknown process 108 exited with code 0
2026/06/04 13:00:41 [notice] 1#1: signal 17 (SIGCHLD) received from 115
2026/06/04 13:00:41 [notice] 1#1: unknown process 115 exited with code 0
2026/06/04 13:01:11 [notice] 1#1: signal 17 (SIGCHLD) received from 122
2026/06/04 13:01:11 [notice] 1#1: unknown process 122 exited with code 0
2026/06/04 13:01:41 [notice] 1#1: signal 17 (SIGCHLD) received from 129
2026/06/04 13:01:41 [notice] 1#1: unknown process 129 exited with code 0
2026/06/04 13:02:11 [notice] 1#1: signal 17 (SIGCHLD) received from 136
2026/06/04 13:02:11 [notice] 1#1: unknown process 136 exited with code 0
2026/06/04 13:02:41 [notice] 1#1: signal 17 (SIGCHLD) received from 143
2026/06/04 13:02:41 [notice] 1#1: unknown process 143 exited with code 0
2026/06/04 13:03:11 [notice] 1#1: signal 17 (SIGCHLD) received from 150
2026/06/04 13:03:11 [notice] 1#1: unknown process 150 exited with code 0
2026/06/04 13:03:41 [notice] 1#1: signal 17 (SIGCHLD) received from 157
2026/06/04 13:03:41 [notice] 1#1: unknown process 157 exited with code 0
2026/06/04 13:04:11 [notice] 1#1: signal 17 (SIGCHLD) received from 164
2026/06/04 13:04:11 [notice] 1#1: unknown process 164 exited with code 0
2026/06/04 13:04:42 [notice] 1#1: signal 17 (SIGCHLD) received from 171
2026/06/04 13:04:42 [notice] 1#1: unknown process 171 exited with code 0
2026/06/04 13:05:12 [notice] 1#1: signal 17 (SIGCHLD) received from 178
2026/06/04 13:05:12 [notice] 1#1: unknown process 178 exited with code 0
2026/06/04 13:05:42 [notice] 1#1: signal 17 (SIGCHLD) received from 185
2026/06/04 13:05:42 [notice] 1#1: unknown process 185 exited with code 0
2026/06/04 13:06:12 [notice] 1#1: signal 17 (SIGCHLD) received from 192
2026/06/04 13:06:12 [notice] 1#1: unknown process 192 exited with code 0
2026/06/04 13:06:42 [notice] 1#1: signal 17 (SIGCHLD) received from 199
2026/06/04 13:06:42 [notice] 1#1: unknown process 199 exited with code 0
2026/06/04 13:07:12 [notice] 1#1: signal 17 (SIGCHLD) received from 206
2026/06/04 13:07:12 [notice] 1#1: unknown process 206 exited with code 0
2026/06/04 13:07:42 [notice] 1#1: signal 17 (SIGCHLD) received from 213
2026/06/04 13:07:42 [notice] 1#1: unknown process 213 exited with code 0
2026/06/04 13:08:12 [notice] 1#1: signal 17 (SIGCHLD) received from 220
2026/06/04 13:08:12 [notice] 1#1: unknown process 220 exited with code 0
2026/06/04 13:08:42 [notice] 1#1: signal 17 (SIGCHLD) received from 227
2026/06/04 13:08:42 [notice] 1#1: unknown process 227 exited with code 0
2026/06/04 13:09:12 [notice] 1#1: signal 17 (SIGCHLD) received from 234
2026/06/04 13:09:12 [notice] 1#1: unknown process 234 exited with code 0
2026/06/04 13:09:42 [notice] 1#1: signal 17 (SIGCHLD) received from 241
2026/06/04 13:09:42 [notice] 1#1: unknown process 241 exited with code 0
2026/06/04 13:10:12 [notice] 1#1: signal 17 (SIGCHLD) received from 248
2026/06/04 13:10:12 [notice] 1#1: unknown process 248 exited with code 0
2026/06/04 13:10:43 [notice] 1#1: signal 17 (SIGCHLD) received from 255
2026/06/04 13:10:43 [notice] 1#1: unknown process 255 exited with code 0
2026/06/04 13:11:13 [notice] 1#1: signal 17 (SIGCHLD) received from 262
2026/06/04 13:11:13 [notice] 1#1: unknown process 262 exited with code 0
2026/06/04 13:11:43 [notice] 1#1: signal 17 (SIGCHLD) received from 269
2026/06/04 13:11:43 [notice] 1#1: unknown process 269 exited with code 0
2026/06/04 13:12:13 [notice] 1#1: signal 17 (SIGCHLD) received from 276
2026/06/04 13:12:13 [notice] 1#1: unknown process 276 exited with code 0
2026/06/04 13:12:43 [notice] 1#1: signal 17 (SIGCHLD) received from 283
2026/06/04 13:12:43 [notice] 1#1: unknown process 283 exited with code 0
2026/06/04 13:12:48 [notice] 1#1: signal 3 (SIGQUIT) received, shutting down
2026/06/04 13:12:48 [notice] 21#21: gracefully shutting down
2026/06/04 13:12:48 [notice] 24#24: gracefully shutting down
2026/06/04 13:12:48 [notice] 22#22: gracefully shutting down
2026/06/04 13:12:48 [notice] 23#23: gracefully shutting down
2026/06/04 13:12:48 [notice] 21#21: exiting
2026/06/04 13:12:48 [notice] 22#22: exiting
2026/06/04 13:12:48 [notice] 24#24: exiting
2026/06/04 13:12:48 [notice] 23#23: exiting
2026/06/04 13:12:48 [notice] 21#21: exit
2026/06/04 13:12:48 [notice] 22#22: exit
2026/06/04 13:12:48 [notice] 23#23: exit
2026/06/04 13:12:48 [notice] 24#24: exit
2026/06/04 13:12:48 [notice] 1#1: signal 17 (SIGCHLD) received from 24
2026/06/04 13:12:48 [notice] 1#1: worker process 24 exited with code 0
2026/06/04 13:12:48 [notice] 1#1: signal 29 (SIGIO) received
2026/06/04 13:12:48 [notice] 1#1: signal 17 (SIGCHLD) received from 23
2026/06/04 13:12:48 [notice] 1#1: worker process 21 exited with code 0
2026/06/04 13:12:48 [notice] 1#1: worker process 22 exited with code 0
2026/06/04 13:12:48 [notice] 1#1: worker process 23 exited with code 0
2026/06/04 13:12:48 [notice] 1#1: exit
2026/06/04 13:12:48 [notice] 1#1: using the "epoll" event method
2026/06/04 13:12:48 [notice] 1#1: nginx/1.31.1
2026/06/04 13:12:48 [notice] 1#1: built by gcc 15.2.0 (Alpine 15.2.0) 
2026/06/04 13:12:48 [notice] 1#1: OS: Linux 6.8.0-100-generic
2026/06/04 13:12:48 [notice] 1#1: getrlimit(RLIMIT_NOFILE): 1024:524288
2026/06/04 13:12:48 [notice] 1#1: start worker processes
2026/06/04 13:12:48 [notice] 1#1: start worker process 21
2026/06/04 13:12:48 [notice] 1#1: start worker process 22
2026/06/04 13:12:48 [notice] 1#1: start worker process 23
2026/06/04 13:12:48 [notice] 1#1: start worker process 24
2026/06/12 22:36:03 [emerg] 1#1: host not found in upstream "wp" in /etc/nginx/conf.d/default.conf:37
2026/06/12 22:36:14 [emerg] 1#1: host not found in upstream "wp" in /etc/nginx/conf.d/default.conf:37
2026/06/12 22:36:14 [emerg] 1#1: host not found in upstream "wp" in /etc/nginx/conf.d/default.conf:37
2026/06/12 22:36:15 [emerg] 1#1: host not found in upstream "wp" in /etc/nginx/conf.d/default.conf:37
2026/06/12 22:36:15 [emerg] 1#1: host not found in upstream "wp" in /etc/nginx/conf.d/default.conf:37
2026/06/12 22:36:16 [emerg] 1#1: host not found in upstream "wp" in /etc/nginx/conf.d/default.conf:37
2026/06/12 22:36:18 [emerg] 1#1: host not found in upstream "wp" in /etc/nginx/conf.d/default.conf:37
2026/06/12 22:36:21 [emerg] 1#1: host not found in upstream "wp" in /etc/nginx/conf.d/default.conf:37
2026/06/12 22:36:28 [emerg] 1#1: host not found in upstream "wp" in /etc/nginx/conf.d/default.conf:37
2026/06/12 22:36:41 [emerg] 1#1: host not found in upstream "wp" in /etc/nginx/conf.d/default.conf:37
2026/06/12 22:37:07 [emerg] 1#1: host not found in upstream "wp" in /etc/nginx/conf.d/default.conf:37
2026/06/12 22:37:58 [emerg] 1#1: host not found in upstream "wp" in /etc/nginx/conf.d/default.conf:37
2026/06/12 22:38:58 [emerg] 1#1: host not found in upstream "wp" in /etc/nginx/conf.d/default.conf:37
2026/06/12 22:39:59 [emerg] 1#1: host not found in upstream "wp" in /etc/nginx/conf.d/default.conf:37
2026/06/12 22:40:59 [emerg] 1#1: host not found in upstream "wp" in /etc/nginx/conf.d/default.conf:37
2026/06/12 22:41:59 [emerg] 1#1: host not found in upstream "wp" in /etc/nginx/conf.d/default.conf:37
2026/06/12 22:42:59 [emerg] 1#1: host not found in upstream "wp" in /etc/nginx/conf.d/default.conf:37
2026/06/12 22:43:59 [emerg] 1#1: host not found in upstream "wp" in /etc/nginx/conf.d/default.conf:37
2026/06/12 22:45:00 [emerg] 1#1: host not found in upstream "wp" in /etc/nginx/conf.d/default.conf:37
2026/06/12 22:46:00 [emerg] 1#1: host not found in upstream "wp" in /etc/nginx/conf.d/default.conf:37
2026/06/12 22:47:00 [emerg] 1#1: host not found in upstream "wp" in /etc/nginx/conf.d/default.conf:37
2026/06/12 22:48:00 [emerg] 1#1: host not found in upstream "wp" in /etc/nginx/conf.d/default.conf:37
2026/06/12 22:49:01 [emerg] 1#1: host not found in upstream "wp" in /etc/nginx/conf.d/default.conf:37
2026/06/12 22:50:01 [emerg] 1#1: host not found in upstream "wp" in /etc/nginx/conf.d/default.conf:37
2026/06/12 22:51:01 [emerg] 1#1: host not found in upstream "wp" in /etc/nginx/conf.d/default.conf:37
2026/06/12 22:52:04 [emerg] 1#1: host not found in upstream "wp" in /etc/nginx/conf.d/default.conf:37
2026/06/12 22:53:06 [emerg] 1#1: host not found in upstream "wp" in /etc/nginx/conf.d/default.conf:37
2026/06/12 22:54:07 [emerg] 1#1: host not found in upstream "wp" in /etc/nginx/conf.d/default.conf:37
2026/06/12 22:55:08 [emerg] 1#1: host not found in upstream "wp" in /etc/nginx/conf.d/default.conf:37
2026/06/12 22:56:09 [emerg] 1#1: host not found in upstream "wp" in /etc/nginx/conf.d/default.conf:37
2026/06/12 22:57:10 [emerg] 1#1: host not found in upstream "wp" in /etc/nginx/conf.d/default.conf:37
2026/06/12 22:58:11 [emerg] 1#1: host not found in upstream "wp" in /etc/nginx/conf.d/default.conf:37
2026/06/12 22:59:12 [emerg] 1#1: host not found in upstream "wp" in /etc/nginx/conf.d/default.conf:37
2026/06/12 23:00:14 [emerg] 1#1: host not found in upstream "wp" in /etc/nginx/conf.d/default.conf:37
2026/06/12 23:01:18 [emerg] 1#1: host not found in upstream "wp" in /etc/nginx/conf.d/default.conf:37
2026/06/12 23:02:18 [emerg] 1#1: host not found in upstream "wp" in /etc/nginx/conf.d/default.conf:37
2026/06/12 23:03:18 [emerg] 1#1: host not found in upstream "wp" in /etc/nginx/conf.d/default.conf:37
2026/06/12 23:04:19 [emerg] 1#1: host not found in upstream "wp" in /etc/nginx/conf.d/default.conf:37
2026/06/12 23:05:19 [emerg] 1#1: host not found in upstream "wp" in /etc/nginx/conf.d/default.conf:37
2026/06/12 23:06:20 [emerg] 1#1: host not found in upstream "wp" in /etc/nginx/conf.d/default.conf:37
2026/06/12 23:07:20 [emerg] 1#1: host not found in upstream "wp" in /etc/nginx/conf.d/default.conf:37
2026/06/12 23:08:21 [emerg] 1#1: host not found in upstream "wp" in /etc/nginx/conf.d/default.conf:37
2026/06/12 23:09:26 [emerg] 1#1: host not found in upstream "wp" in /etc/nginx/conf.d/default.conf:37
2026/06/12 23:10:27 [emerg] 1#1: host not found in upstream "wp" in /etc/nginx/conf.d/default.conf:37
2026/06/12 23:11:27 [emerg] 1#1: host not found in upstream "wp" in /etc/nginx/conf.d/default.conf:37
2026/06/12 23:12:28 [emerg] 1#1: host not found in upstream "wp" in /etc/nginx/conf.d/default.conf:37
2026/06/12 23:13:28 [emerg] 1#1: host not found in upstream "wp" in /etc/nginx/conf.d/default.conf:37
2026/06/12 23:14:28 [emerg] 1#1: host not found in upstream "wp" in /etc/nginx/conf.d/default.conf:37
2026/06/12 23:15:29 [emerg] 1#1: host not found in upstream "wp" in /etc/nginx/conf.d/default.conf:37
2026/06/12 23:16:31 [emerg] 1#1: host not found in upstream "wp" in /etc/nginx/conf.d/default.conf:37
2026/06/12 23:17:31 [emerg] 1#1: host not found in upstream "wp" in /etc/nginx/conf.d/default.conf:37
2026/06/12 23:18:33 [emerg] 1#1: host not found in upstream "wp" in /etc/nginx/conf.d/default.conf:37
2026/06/12 23:19:33 [emerg] 1#1: host not found in upstream "wp" in /etc/nginx/conf.d/default.conf:37
2026/06/12 23:20:34 [emerg] 1#1: host not found in upstream "wp" in /etc/nginx/conf.d/default.conf:37
2026/06/12 23:21:34 [emerg] 1#1: host not found in upstream "wp" in /etc/nginx/conf.d/default.conf:37
2026/06/12 23:22:36 [emerg] 1#1: host not found in upstream "wp" in /etc/nginx/conf.d/default.conf:37
2026/06/12 23:23:36 [emerg] 1#1: host not found in upstream "wp" in /etc/nginx/conf.d/default.conf:37
2026/06/12 23:24:36 [emerg] 1#1: host not found in upstream "wp" in /etc/nginx/conf.d/default.conf:37
2026/06/12 23:25:37 [emerg] 1#1: host not found in upstream "wp" in /etc/nginx/conf.d/default.conf:37
2026/06/12 23:26:37 [emerg] 1#1: host not found in upstream "wp" in /etc/nginx/conf.d/default.conf:37
2026/06/12 23:27:38 [emerg] 1#1: host not found in upstream "wp" in /etc/nginx/conf.d/default.conf:37
2026/06/12 23:28:38 [emerg] 1#1: host not found in upstream "wp" in /etc/nginx/conf.d/default.conf:37
2026/06/12 23:29:41 [emerg] 1#1: host not found in upstream "wp" in /etc/nginx/conf.d/default.conf:37
2026/06/12 23:30:42 [emerg] 1#1: host not found in upstream "wp" in /etc/nginx/conf.d/default.conf:37
2026/06/12 23:31:42 [emerg] 1#1: host not found in upstream "wp" in /etc/nginx/conf.d/default.conf:37
2026/06/12 23:32:43 [emerg] 1#1: host not found in upstream "wp" in /etc/nginx/conf.d/default.conf:37
2026/06/12 23:33:43 [emerg] 1#1: host not found in upstream "wp" in /etc/nginx/conf.d/default.conf:37
2026/06/12 23:34:45 [emerg] 1#1: host not found in upstream "wp" in /etc/nginx/conf.d/default.conf:37
2026/06/12 23:35:46 [emerg] 1#1: host not found in upstream "wp" in /etc/nginx/conf.d/default.conf:37
2026/06/12 23:36:47 [emerg] 1#1: host not found in upstream "wp" in /etc/nginx/conf.d/default.conf:37
2026/06/12 23:37:48 [emerg] 1#1: host not found in upstream "wp" in /etc/nginx/conf.d/default.conf:37
2026/06/12 23:38:48 [emerg] 1#1: host not found in upstream "wp" in /etc/nginx/conf.d/default.conf:37
2026/06/12 23:39:48 [emerg] 1#1: host not found in upstream "wp" in /etc/nginx/conf.d/default.conf:37
2026/06/12 23:40:49 [emerg] 1#1: host not found in upstream "wp" in /etc/nginx/conf.d/default.conf:37
2026/06/12 23:41:49 [emerg] 1#1: host not found in upstream "wp" in /etc/nginx/conf.d/default.conf:37
2026/06/12 23:42:49 [emerg] 1#1: host not found in upstream "wp" in /etc/nginx/conf.d/default.conf:37
2026/06/12 23:43:49 [emerg] 1#1: host not found in upstream "wp" in /etc/nginx/conf.d/default.conf:37
2026/06/12 23:44:50 [emerg] 1#1: host not found in upstream "wp" in /etc/nginx/conf.d/default.conf:37
2026/06/12 23:45:50 [emerg] 1#1: host not found in upstream "wp" in /etc/nginx/conf.d/default.conf:37
2026/06/12 23:46:51 [emerg] 1#1: host not found in upstream "wp" in /etc/nginx/conf.d/default.conf:37
2026/06/12 23:47:51 [emerg] 1#1: host not found in upstream "wp" in /etc/nginx/conf.d/default.conf:37
2026/06/12 23:48:51 [emerg] 1#1: host not found in upstream "wp" in /etc/nginx/conf.d/default.conf:37
2026/06/12 23:49:51 [emerg] 1#1: host not found in upstream "wp" in /etc/nginx/conf.d/default.conf:37
2026/06/12 23:50:52 [emerg] 1#1: host not found in upstream "wp" in /etc/nginx/conf.d/default.conf:37
2026/06/12 23:51:52 [emerg] 1#1: host not found in upstream "wp" in /etc/nginx/conf.d/default.conf:37
2026/06/12 23:52:52 [emerg] 1#1: host not found in upstream "wp" in /etc/nginx/conf.d/default.conf:37
2026/06/12 23:53:52 [emerg] 1#1: host not found in upstream "wp" in /etc/nginx/conf.d/default.conf:37
2026/06/12 23:54:52 [emerg] 1#1: host not found in upstream "wp" in /etc/nginx/conf.d/default.conf:37
2026/06/12 23:55:53 [emerg] 1#1: host not found in upstream "wp" in /etc/nginx/conf.d/default.conf:37
2026/06/12 23:56:53 [emerg] 1#1: host not found in upstream "wp" in /etc/nginx/conf.d/default.conf:37
2026/06/12 23:57:53 [emerg] 1#1: host not found in upstream "wp" in /etc/nginx/conf.d/default.conf:37
2026/06/12 23:58:53 [emerg] 1#1: host not found in upstream "wp" in /etc/nginx/conf.d/default.conf:37
2026/06/12 23:59:54 [emerg] 1#1: host not found in upstream "wp" in /etc/nginx/conf.d/default.conf:37
2026/06/13 00:00:54 [emerg] 1#1: host not found in upstream "wp" in /etc/nginx/conf.d/default.conf:37
2026/06/13 00:01:55 [emerg] 1#1: host not found in upstream "wp" in /etc/nginx/conf.d/default.conf:37
2026/06/13 00:02:55 [emerg] 1#1: host not found in upstream "wp" in /etc/nginx/conf.d/default.conf:37
2026/06/13 00:03:55 [emerg] 1#1: host not found in upstream "wp" in /etc/nginx/conf.d/default.conf:37
2026/06/13 00:04:56 [emerg] 1#1: host not found in upstream "wp" in /etc/nginx/conf.d/default.conf:37
2026/06/13 00:05:56 [emerg] 1#1: host not found in upstream "wp" in /etc/nginx/conf.d/default.conf:37
2026/06/13 00:06:56 [emerg] 1#1: host not found in upstream "wp" in /etc/nginx/conf.d/default.conf:37
2026/06/13 00:07:57 [emerg] 1#1: host not found in upstream "wp" in /etc/nginx/conf.d/default.conf:37
2026/06/13 00:08:57 [emerg] 1#1: host not found in upstream "wp" in /etc/nginx/conf.d/default.conf:37
2026/06/13 00:09:58 [emerg] 1#1: host not found in upstream "wp" in /etc/nginx/conf.d/default.conf:37
2026/06/13 00:10:58 [emerg] 1#1: host not found in upstream "wp" in /etc/nginx/conf.d/default.conf:37
2026/06/13 00:11:59 [emerg] 1#1: host not found in upstream "wp" in /etc/nginx/conf.d/default.conf:37
2026/06/13 00:13:00 [emerg] 1#1: host not found in upstream "wp" in /etc/nginx/conf.d/default.conf:37
2026/06/13 00:14:09 [emerg] 1#1: host not found in upstream "wp" in /etc/nginx/conf.d/default.conf:37
2026/06/13 00:15:09 [emerg] 1#1: host not found in upstream "wp" in /etc/nginx/conf.d/default.conf:37
2026/06/13 00:16:10 [emerg] 1#1: host not found in upstream "wp" in /etc/nginx/conf.d/default.conf:37
2026/06/13 00:17:11 [emerg] 1#1: host not found in upstream "wp" in /etc/nginx/conf.d/default.conf:37
2026/06/13 00:18:12 [emerg] 1#1: host not found in upstream "wp" in /etc/nginx/conf.d/default.conf:37
2026/06/13 00:19:12 [emerg] 1#1: host not found in upstream "wp" in /etc/nginx/conf.d/default.conf:37
2026/06/13 00:20:12 [emerg] 1#1: host not found in upstream "wp" in /etc/nginx/conf.d/default.conf:37
2026/06/13 00:21:14 [emerg] 1#1: host not found in upstream "wp" in /etc/nginx/conf.d/default.conf:37
2026/06/13 00:22:14 [emerg] 1#1: host not found in upstream "wp" in /etc/nginx/conf.d/default.conf:37
2026/06/13 00:23:15 [emerg] 1#1: host not found in upstream "wp" in /etc/nginx/conf.d/default.conf:37
2026/06/13 00:24:15 [emerg] 1#1: host not found in upstream "wp" in /etc/nginx/conf.d/default.conf:37
2026/06/13 00:25:16 [emerg] 1#1: host not found in upstream "wp" in /etc/nginx/conf.d/default.conf:37
2026/06/13 00:26:17 [emerg] 1#1: host not found in upstream "wp" in /etc/nginx/conf.d/default.conf:37
2026/06/13 00:27:17 [emerg] 1#1: host not found in upstream "wp" in /etc/nginx/conf.d/default.conf:37
2026/06/13 00:28:18 [emerg] 1#1: host not found in upstream "wp" in /etc/nginx/conf.d/default.conf:37
2026/06/13 00:29:19 [emerg] 1#1: host not found in upstream "wp" in /etc/nginx/conf.d/default.conf:37
2026/06/13 00:30:19 [emerg] 1#1: host not found in upstream "wp" in /etc/nginx/conf.d/default.conf:37
2026/06/13 00:31:19 [emerg] 1#1: host not found in upstream "wp" in /etc/nginx/conf.d/default.conf:37
2026/06/13 00:32:19 [emerg] 1#1: host not found in upstream "wp" in /etc/nginx/conf.d/default.conf:37
2026/06/13 00:33:20 [emerg] 1#1: host not found in upstream "wp" in /etc/nginx/conf.d/default.conf:37
2026/06/13 00:34:20 [emerg] 1#1: host not found in upstream "wp" in /etc/nginx/conf.d/default.conf:37
2026/06/13 00:35:20 [emerg] 1#1: host not found in upstream "wp" in /etc/nginx/conf.d/default.conf:37
2026/06/13 00:36:20 [emerg] 1#1: host not found in upstream "wp" in /etc/nginx/conf.d/default.conf:37
2026/06/13 00:37:20 [emerg] 1#1: host not found in upstream "wp" in /etc/nginx/conf.d/default.conf:37
2026/06/13 00:38:20 [emerg] 1#1: host not found in upstream "wp" in /etc/nginx/conf.d/default.conf:37
2026/06/13 00:39:20 [emerg] 1#1: host not found in upstream "wp" in /etc/nginx/conf.d/default.conf:37
2026/06/13 00:40:20 [emerg] 1#1: host not found in upstream "wp" in /etc/nginx/conf.d/default.conf:37
2026/06/13 00:41:21 [emerg] 1#1: host not found in upstream "wp" in /etc/nginx/conf.d/default.conf:37
2026/06/13 00:42:21 [emerg] 1#1: host not found in upstream "wp" in /etc/nginx/conf.d/default.conf:37
2026/06/13 00:43:21 [emerg] 1#1: host not found in upstream "wp" in /etc/nginx/conf.d/default.conf:37
2026/06/13 00:44:21 [emerg] 1#1: host not found in upstream "wp" in /etc/nginx/conf.d/default.conf:37
2026/06/13 00:45:21 [emerg] 1#1: host not found in upstream "wp" in /etc/nginx/conf.d/default.conf:37
2026/06/13 00:46:21 [emerg] 1#1: host not found in upstream "wp" in /etc/nginx/conf.d/default.conf:37
2026/06/13 00:47:21 [emerg] 1#1: host not found in upstream "wp" in /etc/nginx/conf.d/default.conf:37
2026/06/13 00:48:21 [emerg] 1#1: host not found in upstream "wp" in /etc/nginx/conf.d/default.conf:37
2026/06/13 00:49:21 [emerg] 1#1: host not found in upstream "wp" in /etc/nginx/conf.d/default.conf:37
2026/06/13 00:50:22 [emerg] 1#1: host not found in upstream "wp" in /etc/nginx/conf.d/default.conf:37
2026/06/13 00:51:22 [emerg] 1#1: host not found in upstream "wp" in /etc/nginx/conf.d/default.conf:37
2026/06/13 00:52:22 [emerg] 1#1: host not found in upstream "wp" in /etc/nginx/conf.d/default.conf:37
2026/06/13 00:53:22 [emerg] 1#1: host not found in upstream "wp" in /etc/nginx/conf.d/default.conf:37
2026/06/13 00:54:22 [emerg] 1#1: host not found in upstream "wp" in /etc/nginx/conf.d/default.conf:37
2026/06/13 00:55:22 [emerg] 1#1: host not found in upstream "wp" in /etc/nginx/conf.d/default.conf:37
2026/06/13 00:56:22 [emerg] 1#1: host not found in upstream "wp" in /etc/nginx/conf.d/default.conf:37
2026/06/13 00:57:22 [emerg] 1#1: host not found in upstream "wp" in /etc/nginx/conf.d/default.conf:37
2026/06/13 00:58:22 [emerg] 1#1: host not found in upstream "wp" in /etc/nginx/conf.d/default.conf:37
2026/06/13 00:59:23 [emerg] 1#1: host not found in upstream "wp" in /etc/nginx/conf.d/default.conf:37
2026/06/13 01:00:23 [emerg] 1#1: host not found in upstream "wp" in /etc/nginx/conf.d/default.conf:37
2026/06/13 01:01:23 [emerg] 1#1: host not found in upstream "wp" in /etc/nginx/conf.d/default.conf:37
2026/06/13 01:02:23 [emerg] 1#1: host not found in upstream "wp" in /etc/nginx/conf.d/default.conf:37
2026/06/13 01:03:23 [emerg] 1#1: host not found in upstream "wp" in /etc/nginx/conf.d/default.conf:37
2026/06/13 01:04:23 [emerg] 1#1: host not found in upstream "wp" in /etc/nginx/conf.d/default.conf:37
2026/06/13 01:05:23 [emerg] 1#1: host not found in upstream "wp" in /etc/nginx/conf.d/default.conf:37
2026/06/13 01:06:23 [emerg] 1#1: host not found in upstream "wp" in /etc/nginx/conf.d/default.conf:37
2026/06/13 01:07:24 [emerg] 1#1: host not found in upstream "wp" in /etc/nginx/conf.d/default.conf:37
2026/06/13 01:08:24 [emerg] 1#1: host not found in upstream "wp" in /etc/nginx/conf.d/default.conf:37
2026/06/13 01:09:24 [emerg] 1#1: host not found in upstream "wp" in /etc/nginx/conf.d/default.conf:37
2026/06/13 01:10:24 [emerg] 1#1: host not found in upstream "wp" in /etc/nginx/conf.d/default.conf:37
2026/06/13 01:11:24 [emerg] 1#1: host not found in upstream "wp" in /etc/nginx/conf.d/default.conf:37
2026/06/13 01:12:24 [emerg] 1#1: host not found in upstream "wp" in /etc/nginx/conf.d/default.conf:37
2026/06/13 01:13:24 [emerg] 1#1: host not found in upstream "wp" in /etc/nginx/conf.d/default.conf:37
2026/06/13 01:14:24 [emerg] 1#1: host not found in upstream "wp" in /etc/nginx/conf.d/default.conf:37
2026/06/13 01:15:25 [emerg] 1#1: host not found in upstream "wp" in /etc/nginx/conf.d/default.conf:37
2026/06/13 01:16:25 [emerg] 1#1: host not found in upstream "wp" in /etc/nginx/conf.d/default.conf:37
2026/06/13 01:17:25 [emerg] 1#1: host not found in upstream "wp" in /etc/nginx/conf.d/default.conf:37
2026/06/13 01:18:25 [emerg] 1#1: host not found in upstream "wp" in /etc/nginx/conf.d/default.conf:37
2026/06/13 01:19:25 [emerg] 1#1: host not found in upstream "wp" in /etc/nginx/conf.d/default.conf:37
2026/06/13 01:20:25 [emerg] 1#1: host not found in upstream "wp" in /etc/nginx/conf.d/default.conf:37
2026/06/13 01:21:25 [emerg] 1#1: host not found in upstream "wp" in /etc/nginx/conf.d/default.conf:37
2026/06/13 01:22:25 [emerg] 1#1: host not found in upstream "wp" in /etc/nginx/conf.d/default.conf:37
2026/06/13 01:23:25 [emerg] 1#1: host not found in upstream "wp" in /etc/nginx/conf.d/default.conf:37
2026/06/13 01:24:26 [emerg] 1#1: host not found in upstream "wp" in /etc/nginx/conf.d/default.conf:37
2026/06/13 01:25:26 [emerg] 1#1: host not found in upstream "wp" in /etc/nginx/conf.d/default.conf:37
2026/06/13 01:26:26 [emerg] 1#1: host not found in upstream "wp" in /etc/nginx/conf.d/default.conf:37
2026/06/13 01:27:26 [emerg] 1#1: host not found in upstream "wp" in /etc/nginx/conf.d/default.conf:37
2026/06/13 01:28:26 [emerg] 1#1: host not found in upstream "wp" in /etc/nginx/conf.d/default.conf:37
2026/06/13 01:29:26 [emerg] 1#1: host not found in upstream "wp" in /etc/nginx/conf.d/default.conf:37
2026/06/13 01:30:26 [emerg] 1#1: host not found in upstream "wp" in /etc/nginx/conf.d/default.conf:37
2026/06/13 01:31:26 [emerg] 1#1: host not found in upstream "wp" in /etc/nginx/conf.d/default.conf:37
2026/06/13 01:32:27 [emerg] 1#1: host not found in upstream "wp" in /etc/nginx/conf.d/default.conf:37
2026/06/13 01:33:27 [emerg] 1#1: host not found in upstream "wp" in /etc/nginx/conf.d/default.conf:37
2026/06/13 01:34:27 [emerg] 1#1: host not found in upstream "wp" in /etc/nginx/conf.d/default.conf:37
2026/06/13 01:35:27 [emerg] 1#1: host not found in upstream "wp" in /etc/nginx/conf.d/default.conf:37
2026/06/13 01:36:27 [emerg] 1#1: host not found in upstream "wp" in /etc/nginx/conf.d/default.conf:37
2026/06/13 01:37:27 [emerg] 1#1: host not found in upstream "wp" in /etc/nginx/conf.d/default.conf:37
2026/06/13 01:38:27 [emerg] 1#1: host not found in upstream "wp" in /etc/nginx/conf.d/default.conf:37
2026/06/13 01:39:27 [emerg] 1#1: host not found in upstream "wp" in /etc/nginx/conf.d/default.conf:37
2026/06/13 01:40:27 [emerg] 1#1: host not found in upstream "wp" in /etc/nginx/conf.d/default.conf:37
2026/06/13 01:41:28 [emerg] 1#1: host not found in upstream "wp" in /etc/nginx/conf.d/default.conf:37
2026/06/13 01:42:28 [emerg] 1#1: host not found in upstream "wp" in /etc/nginx/conf.d/default.conf:37
2026/06/13 01:43:28 [emerg] 1#1: host not found in upstream "wp" in /etc/nginx/conf.d/default.conf:37
2026/06/13 01:44:28 [emerg] 1#1: host not found in upstream "wp" in /etc/nginx/conf.d/default.conf:37
2026/06/13 01:45:28 [emerg] 1#1: host not found in upstream "wp" in /etc/nginx/conf.d/default.conf:37
2026/06/13 01:46:28 [emerg] 1#1: host not found in upstream "wp" in /etc/nginx/conf.d/default.conf:37
2026/06/13 01:47:28 [emerg] 1#1: host not found in upstream "wp" in /etc/nginx/conf.d/default.conf:37
2026/06/13 01:48:28 [emerg] 1#1: host not found in upstream "wp" in /etc/nginx/conf.d/default.conf:37
2026/06/13 01:49:29 [emerg] 1#1: host not found in upstream "wp" in /etc/nginx/conf.d/default.conf:37
2026/06/13 01:50:29 [emerg] 1#1: host not found in upstream "wp" in /etc/nginx/conf.d/default.conf:37
2026/06/13 01:51:29 [emerg] 1#1: host not found in upstream "wp" in /etc/nginx/conf.d/default.conf:37
2026/06/13 01:52:29 [emerg] 1#1: host not found in upstream "wp" in /etc/nginx/conf.d/default.conf:37
2026/06/13 01:53:29 [emerg] 1#1: host not found in upstream "wp" in /etc/nginx/conf.d/default.conf:37
2026/06/13 01:54:29 [emerg] 1#1: host not found in upstream "wp" in /etc/nginx/conf.d/default.conf:37
2026/06/13 01:55:29 [emerg] 1#1: host not found in upstream "wp" in /etc/nginx/conf.d/default.conf:37
2026/06/13 01:56:29 [emerg] 1#1: host not found in upstream "wp" in /etc/nginx/conf.d/default.conf:37
2026/06/13 01:57:29 [emerg] 1#1: host not found in upstream "wp" in /etc/nginx/conf.d/default.conf:37
2026/06/13 01:58:30 [emerg] 1#1: host not found in upstream "wp" in /etc/nginx/conf.d/default.conf:37
2026/06/13 01:59:30 [emerg] 1#1: host not found in upstream "wp" in /etc/nginx/conf.d/default.conf:37
2026/06/13 02:00:30 [emerg] 1#1: host not found in upstream "wp" in /etc/nginx/conf.d/default.conf:37
2026/06/13 02:01:30 [emerg] 1#1: host not found in upstream "wp" in /etc/nginx/conf.d/default.conf:37
2026/06/13 02:02:30 [emerg] 1#1: host not found in upstream "wp" in /etc/nginx/conf.d/default.conf:37
2026/06/13 02:03:30 [emerg] 1#1: host not found in upstream "wp" in /etc/nginx/conf.d/default.conf:37
2026/06/13 02:04:30 [emerg] 1#1: host not found in upstream "wp" in /etc/nginx/conf.d/default.conf:37
2026/06/13 02:05:30 [emerg] 1#1: host not found in upstream "wp" in /etc/nginx/conf.d/default.conf:37
2026/06/13 02:06:31 [emerg] 1#1: host not found in upstream "wp" in /etc/nginx/conf.d/default.conf:37
2026/06/13 02:07:31 [emerg] 1#1: host not found in upstream "wp" in /etc/nginx/conf.d/default.conf:37
2026/06/13 02:08:31 [emerg] 1#1: host not found in upstream "wp" in /etc/nginx/conf.d/default.conf:37
2026/06/13 02:09:31 [emerg] 1#1: host not found in upstream "wp" in /etc/nginx/conf.d/default.conf:37
2026/06/13 02:10:31 [emerg] 1#1: host not found in upstream "wp" in /etc/nginx/conf.d/default.conf:37
2026/06/13 02:11:31 [emerg] 1#1: host not found in upstream "wp" in /etc/nginx/conf.d/default.conf:37
2026/06/13 02:12:31 [emerg] 1#1: host not found in upstream "wp" in /etc/nginx/conf.d/default.conf:37
2026/06/13 02:13:31 [emerg] 1#1: host not found in upstream "wp" in /etc/nginx/conf.d/default.conf:37
2026/06/13 02:14:31 [emerg] 1#1: host not found in upstream "wp" in /etc/nginx/conf.d/default.conf:37
2026/06/13 02:15:32 [emerg] 1#1: host not found in upstream "wp" in /etc/nginx/conf.d/default.conf:37
2026/06/13 02:16:32 [emerg] 1#1: host not found in upstream "wp" in /etc/nginx/conf.d/default.conf:37
2026/06/13 02:17:32 [emerg] 1#1: host not found in upstream "wp" in /etc/nginx/conf.d/default.conf:37
2026/06/13 02:18:32 [emerg] 1#1: host not found in upstream "wp" in /etc/nginx/conf.d/default.conf:37
2026/06/13 02:19:32 [emerg] 1#1: host not found in upstream "wp" in /etc/nginx/conf.d/default.conf:37
2026/06/13 02:20:32 [emerg] 1#1: host not found in upstream "wp" in /etc/nginx/conf.d/default.conf:37
2026/06/13 02:21:32 [emerg] 1#1: host not found in upstream "wp" in /etc/nginx/conf.d/default.conf:37
2026/06/13 02:22:32 [emerg] 1#1: host not found in upstream "wp" in /etc/nginx/conf.d/default.conf:37
2026/06/13 02:23:33 [emerg] 1#1: host not found in upstream "wp" in /etc/nginx/conf.d/default.conf:37
2026/06/13 02:24:33 [emerg] 1#1: host not found in upstream "wp" in /etc/nginx/conf.d/default.conf:37
2026/06/13 02:25:33 [emerg] 1#1: host not found in upstream "wp" in /etc/nginx/conf.d/default.conf:37
2026/06/13 02:26:33 [emerg] 1#1: host not found in upstream "wp" in /etc/nginx/conf.d/default.conf:37
2026/06/13 02:27:33 [emerg] 1#1: host not found in upstream "wp" in /etc/nginx/conf.d/default.conf:37
2026/06/13 02:28:33 [emerg] 1#1: host not found in upstream "wp" in /etc/nginx/conf.d/default.conf:37
2026/06/13 02:29:33 [emerg] 1#1: host not found in upstream "wp" in /etc/nginx/conf.d/default.conf:37
2026/06/13 02:30:33 [emerg] 1#1: host not found in upstream "wp" in /etc/nginx/conf.d/default.conf:37
2026/06/13 02:31:34 [emerg] 1#1: host not found in upstream "wp" in /etc/nginx/conf.d/default.conf:37
2026/06/13 02:32:34 [emerg] 1#1: host not found in upstream "wp" in /etc/nginx/conf.d/default.conf:37
2026/06/13 02:33:34 [emerg] 1#1: host not found in upstream "wp" in /etc/nginx/conf.d/default.conf:37
2026/06/13 02:34:34 [emerg] 1#1: host not found in upstream "wp" in /etc/nginx/conf.d/default.conf:37
2026/06/13 02:35:34 [emerg] 1#1: host not found in upstream "wp" in /etc/nginx/conf.d/default.conf:37
2026/06/13 02:36:34 [emerg] 1#1: host not found in upstream "wp" in /etc/nginx/conf.d/default.conf:37
2026/06/13 02:37:34 [emerg] 1#1: host not found in upstream "wp" in /etc/nginx/conf.d/default.conf:37
2026/06/13 02:38:34 [emerg] 1#1: host not found in upstream "wp" in /etc/nginx/conf.d/default.conf:37
2026/06/13 02:39:35 [emerg] 1#1: host not found in upstream "wp" in /etc/nginx/conf.d/default.conf:37
2026/06/13 02:40:35 [emerg] 1#1: host not found in upstream "wp" in /etc/nginx/conf.d/default.conf:37
2026/06/13 02:41:35 [emerg] 1#1: host not found in upstream "wp" in /etc/nginx/conf.d/default.conf:37
2026/06/13 02:42:35 [emerg] 1#1: host not found in upstream "wp" in /etc/nginx/conf.d/default.conf:37
2026/06/13 02:43:35 [emerg] 1#1: host not found in upstream "wp" in /etc/nginx/conf.d/default.conf:37
2026/06/13 02:44:35 [emerg] 1#1: host not found in upstream "wp" in /etc/nginx/conf.d/default.conf:37
2026/06/13 02:45:35 [emerg] 1#1: host not found in upstream "wp" in /etc/nginx/conf.d/default.conf:37
2026/06/13 02:46:35 [emerg] 1#1: host not found in upstream "wp" in /etc/nginx/conf.d/default.conf:37
2026/06/13 02:47:36 [emerg] 1#1: host not found in upstream "wp" in /etc/nginx/conf.d/default.conf:37
2026/06/13 02:48:36 [emerg] 1#1: host not found in upstream "wp" in /etc/nginx/conf.d/default.conf:37
2026/06/13 02:49:36 [emerg] 1#1: host not found in upstream "wp" in /etc/nginx/conf.d/default.conf:37
2026/06/13 02:50:36 [emerg] 1#1: host not found in upstream "wp" in /etc/nginx/conf.d/default.conf:37
2026/06/13 02:51:36 [emerg] 1#1: host not found in upstream "wp" in /etc/nginx/conf.d/default.conf:37
2026/06/13 02:52:36 [emerg] 1#1: host not found in upstream "wp" in /etc/nginx/conf.d/default.conf:37
2026/06/13 02:53:36 [emerg] 1#1: host not found in upstream "wp" in /etc/nginx/conf.d/default.conf:37
2026/06/13 02:54:36 [emerg] 1#1: host not found in upstream "wp" in /etc/nginx/conf.d/default.conf:37
2026/06/13 02:55:36 [emerg] 1#1: host not found in upstream "wp" in /etc/nginx/conf.d/default.conf:37
2026/06/13 02:56:37 [emerg] 1#1: host not found in upstream "wp" in /etc/nginx/conf.d/default.conf:37
2026/06/13 02:57:37 [emerg] 1#1: host not found in upstream "wp" in /etc/nginx/conf.d/default.conf:37
2026/06/13 02:58:37 [emerg] 1#1: host not found in upstream "wp" in /etc/nginx/conf.d/default.conf:37
2026/06/13 02:59:37 [emerg] 1#1: host not found in upstream "wp" in /etc/nginx/conf.d/default.conf:37
2026/06/13 03:00:37 [emerg] 1#1: host not found in upstream "wp" in /etc/nginx/conf.d/default.conf:37
2026/06/13 03:01:37 [emerg] 1#1: host not found in upstream "wp" in /etc/nginx/conf.d/default.conf:37
2026/06/13 03:02:37 [emerg] 1#1: host not found in upstream "wp" in /etc/nginx/conf.d/default.conf:37
2026/06/13 03:03:37 [emerg] 1#1: host not found in upstream "wp" in /etc/nginx/conf.d/default.conf:37
2026/06/13 03:04:37 [emerg] 1#1: host not found in upstream "wp" in /etc/nginx/conf.d/default.conf:37
2026/06/13 03:05:38 [emerg] 1#1: host not found in upstream "wp" in /etc/nginx/conf.d/default.conf:37
2026/06/13 03:06:38 [emerg] 1#1: host not found in upstream "wp" in /etc/nginx/conf.d/default.conf:37
2026/06/13 03:07:38 [emerg] 1#1: host not found in upstream "wp" in /etc/nginx/conf.d/default.conf:37
2026/06/13 03:08:38 [emerg] 1#1: host not found in upstream "wp" in /etc/nginx/conf.d/default.conf:37
2026/06/13 03:09:38 [emerg] 1#1: host not found in upstream "wp" in /etc/nginx/conf.d/default.conf:37
2026/06/13 03:10:38 [emerg] 1#1: host not found in upstream "wp" in /etc/nginx/conf.d/default.conf:37
2026/06/13 03:11:38 [emerg] 1#1: host not found in upstream "wp" in /etc/nginx/conf.d/default.conf:37
2026/06/13 03:12:39 [emerg] 1#1: host not found in upstream "wp" in /etc/nginx/conf.d/default.conf:37
2026/06/13 03:13:39 [emerg] 1#1: host not found in upstream "wp" in /etc/nginx/conf.d/default.conf:37
2026/06/13 03:14:39 [emerg] 1#1: host not found in upstream "wp" in /etc/nginx/conf.d/default.conf:37
2026/06/13 03:15:39 [emerg] 1#1: host not found in upstream "wp" in /etc/nginx/conf.d/default.conf:37
2026/06/13 03:16:39 [emerg] 1#1: host not found in upstream "wp" in /etc/nginx/conf.d/default.conf:37
2026/06/13 03:17:39 [emerg] 1#1: host not found in upstream "wp" in /etc/nginx/conf.d/default.conf:37
2026/06/13 03:18:39 [emerg] 1#1: host not found in upstream "wp" in /etc/nginx/conf.d/default.conf:37
2026/06/13 03:19:39 [emerg] 1#1: host not found in upstream "wp" in /etc/nginx/conf.d/default.conf:37
2026/06/13 03:20:39 [emerg] 1#1: host not found in upstream "wp" in /etc/nginx/conf.d/default.conf:37
2026/06/13 03:21:40 [emerg] 1#1: host not found in upstream "wp" in /etc/nginx/conf.d/default.conf:37
2026/06/13 03:22:40 [emerg] 1#1: host not found in upstream "wp" in /etc/nginx/conf.d/default.conf:37
2026/06/13 03:23:40 [emerg] 1#1: host not found in upstream "wp" in /etc/nginx/conf.d/default.conf:37
2026/06/13 03:24:40 [emerg] 1#1: host not found in upstream "wp" in /etc/nginx/conf.d/default.conf:37
2026/06/13 03:25:40 [emerg] 1#1: host not found in upstream "wp" in /etc/nginx/conf.d/default.conf:37
2026/06/13 03:26:40 [emerg] 1#1: host not found in upstream "wp" in /etc/nginx/conf.d/default.conf:37
2026/06/13 03:27:40 [emerg] 1#1: host not found in upstream "wp" in /etc/nginx/conf.d/default.conf:37
2026/06/13 03:28:40 [emerg] 1#1: host not found in upstream "wp" in /etc/nginx/conf.d/default.conf:37
2026/06/13 03:29:41 [emerg] 1#1: host not found in upstream "wp" in /etc/nginx/conf.d/default.conf:37
2026/06/13 03:30:41 [emerg] 1#1: host not found in upstream "wp" in /etc/nginx/conf.d/default.conf:37
2026/06/13 03:31:41 [emerg] 1#1: host not found in upstream "wp" in /etc/nginx/conf.d/default.conf:37
2026/06/13 03:32:41 [emerg] 1#1: host not found in upstream "wp" in /etc/nginx/conf.d/default.conf:37
2026/06/13 03:33:41 [emerg] 1#1: host not found in upstream "wp" in /etc/nginx/conf.d/default.conf:37
2026/06/13 03:34:41 [emerg] 1#1: host not found in upstream "wp" in /etc/nginx/conf.d/default.conf:37
2026/06/13 03:35:41 [emerg] 1#1: host not found in upstream "wp" in /etc/nginx/conf.d/default.conf:37
2026/06/13 03:36:41 [emerg] 1#1: host not found in upstream "wp" in /etc/nginx/conf.d/default.conf:37
2026/06/13 03:37:41 [emerg] 1#1: host not found in upstream "wp" in /etc/nginx/conf.d/default.conf:37
2026/06/13 03:38:42 [emerg] 1#1: host not found in upstream "wp" in /etc/nginx/conf.d/default.conf:37
2026/06/13 03:39:42 [emerg] 1#1: host not found in upstream "wp" in /etc/nginx/conf.d/default.conf:37
2026/06/13 03:40:42 [emerg] 1#1: host not found in upstream "wp" in /etc/nginx/conf.d/default.conf:37
2026/06/13 03:41:42 [emerg] 1#1: host not found in upstream "wp" in /etc/nginx/conf.d/default.conf:37
2026/06/13 03:42:42 [emerg] 1#1: host not found in upstream "wp" in /etc/nginx/conf.d/default.conf:37
2026/06/13 03:43:42 [emerg] 1#1: host not found in upstream "wp" in /etc/nginx/conf.d/default.conf:37
2026/06/13 03:44:42 [emerg] 1#1: host not found in upstream "wp" in /etc/nginx/conf.d/default.conf:37
2026/06/13 03:45:42 [emerg] 1#1: host not found in upstream "wp" in /etc/nginx/conf.d/default.conf:37
2026/06/13 03:46:43 [emerg] 1#1: host not found in upstream "wp" in /etc/nginx/conf.d/default.conf:37
2026/06/13 03:47:43 [emerg] 1#1: host not found in upstream "wp" in /etc/nginx/conf.d/default.conf:37
2026/06/13 03:48:43 [emerg] 1#1: host not found in upstream "wp" in /etc/nginx/conf.d/default.conf:37
2026/06/13 03:49:43 [emerg] 1#1: host not found in upstream "wp" in /etc/nginx/conf.d/default.conf:37
2026/06/13 03:50:43 [emerg] 1#1: host not found in upstream "wp" in /etc/nginx/conf.d/default.conf:37
2026/06/13 03:51:43 [emerg] 1#1: host not found in upstream "wp" in /etc/nginx/conf.d/default.conf:37
2026/06/13 03:52:43 [emerg] 1#1: host not found in upstream "wp" in /etc/nginx/conf.d/default.conf:37
2026/06/13 03:53:43 [emerg] 1#1: host not found in upstream "wp" in /etc/nginx/conf.d/default.conf:37
2026/06/13 03:54:43 [emerg] 1#1: host not found in upstream "wp" in /etc/nginx/conf.d/default.conf:37
2026/06/13 03:55:44 [emerg] 1#1: host not found in upstream "wp" in /etc/nginx/conf.d/default.conf:37
2026/06/13 03:56:44 [emerg] 1#1: host not found in upstream "wp" in /etc/nginx/conf.d/default.conf:37
2026/06/13 03:57:44 [emerg] 1#1: host not found in upstream "wp" in /etc/nginx/conf.d/default.conf:37
2026/06/13 03:58:44 [emerg] 1#1: host not found in upstream "wp" in /etc/nginx/conf.d/default.conf:37
2026/06/13 03:59:44 [emerg] 1#1: host not found in upstream "wp" in /etc/nginx/conf.d/default.conf:37
2026/06/13 04:00:44 [emerg] 1#1: host not found in upstream "wp" in /etc/nginx/conf.d/default.conf:37
2026/06/13 04:01:44 [emerg] 1#1: host not found in upstream "wp" in /etc/nginx/conf.d/default.conf:37
2026/06/13 04:02:44 [emerg] 1#1: host not found in upstream "wp" in /etc/nginx/conf.d/default.conf:37
2026/06/13 04:03:45 [emerg] 1#1: host not found in upstream "wp" in /etc/nginx/conf.d/default.conf:37
2026/06/13 04:04:45 [emerg] 1#1: host not found in upstream "wp" in /etc/nginx/conf.d/default.conf:37
2026/06/13 04:05:45 [emerg] 1#1: host not found in upstream "wp" in /etc/nginx/conf.d/default.conf:37
2026/06/13 04:06:45 [emerg] 1#1: host not found in upstream "wp" in /etc/nginx/conf.d/default.conf:37
2026/06/13 04:07:45 [emerg] 1#1: host not found in upstream "wp" in /etc/nginx/conf.d/default.conf:37
2026/06/13 04:08:45 [emerg] 1#1: host not found in upstream "wp" in /etc/nginx/conf.d/default.conf:37
2026/06/13 04:09:45 [emerg] 1#1: host not found in upstream "wp" in /etc/nginx/conf.d/default.conf:37
2026/06/13 04:10:45 [emerg] 1#1: host not found in upstream "wp" in /etc/nginx/conf.d/default.conf:37
2026/06/13 04:11:46 [emerg] 1#1: host not found in upstream "wp" in /etc/nginx/conf.d/default.conf:37
2026/06/13 04:12:46 [emerg] 1#1: host not found in upstream "wp" in /etc/nginx/conf.d/default.conf:37
2026/06/13 04:13:46 [emerg] 1#1: host not found in upstream "wp" in /etc/nginx/conf.d/default.conf:37
2026/06/13 04:14:46 [emerg] 1#1: host not found in upstream "wp" in /etc/nginx/conf.d/default.conf:37
2026/06/13 04:15:46 [emerg] 1#1: host not found in upstream "wp" in /etc/nginx/conf.d/default.conf:37
2026/06/13 04:16:46 [emerg] 1#1: host not found in upstream "wp" in /etc/nginx/conf.d/default.conf:37
2026/06/13 04:17:46 [emerg] 1#1: host not found in upstream "wp" in /etc/nginx/conf.d/default.conf:37
2026/06/13 04:18:46 [emerg] 1#1: host not found in upstream "wp" in /etc/nginx/conf.d/default.conf:37
2026/06/13 04:19:46 [emerg] 1#1: host not found in upstream "wp" in /etc/nginx/conf.d/default.conf:37
2026/06/13 04:20:47 [emerg] 1#1: host not found in upstream "wp" in /etc/nginx/conf.d/default.conf:37
2026/06/13 04:21:47 [emerg] 1#1: host not found in upstream "wp" in /etc/nginx/conf.d/default.conf:37
2026/06/13 04:22:47 [emerg] 1#1: host not found in upstream "wp" in /etc/nginx/conf.d/default.conf:37
2026/06/13 04:23:47 [emerg] 1#1: host not found in upstream "wp" in /etc/nginx/conf.d/default.conf:37
2026/06/13 04:24:47 [emerg] 1#1: host not found in upstream "wp" in /etc/nginx/conf.d/default.conf:37
2026/06/13 04:25:47 [emerg] 1#1: host not found in upstream "wp" in /etc/nginx/conf.d/default.conf:37
2026/06/13 04:26:47 [emerg] 1#1: host not found in upstream "wp" in /etc/nginx/conf.d/default.conf:37
2026/06/13 04:27:47 [emerg] 1#1: host not found in upstream "wp" in /etc/nginx/conf.d/default.conf:37
2026/06/13 04:28:48 [emerg] 1#1: host not found in upstream "wp" in /etc/nginx/conf.d/default.conf:37
2026/06/13 04:29:48 [emerg] 1#1: host not found in upstream "wp" in /etc/nginx/conf.d/default.conf:37
2026/06/13 04:30:48 [emerg] 1#1: host not found in upstream "wp" in /etc/nginx/conf.d/default.conf:37
2026/06/13 04:31:48 [emerg] 1#1: host not found in upstream "wp" in /etc/nginx/conf.d/default.conf:37
2026/06/13 04:32:48 [emerg] 1#1: host not found in upstream "wp" in /etc/nginx/conf.d/default.conf:37
2026/06/13 04:33:48 [emerg] 1#1: host not found in upstream "wp" in /etc/nginx/conf.d/default.conf:37
2026/06/13 04:34:48 [emerg] 1#1: host not found in upstream "wp" in /etc/nginx/conf.d/default.conf:37
2026/06/13 04:35:48 [emerg] 1#1: host not found in upstream "wp" in /etc/nginx/conf.d/default.conf:37
2026/06/13 04:36:48 [emerg] 1#1: host not found in upstream "wp" in /etc/nginx/conf.d/default.conf:37
2026/06/13 04:37:49 [emerg] 1#1: host not found in upstream "wp" in /etc/nginx/conf.d/default.conf:37
2026/06/13 04:38:49 [emerg] 1#1: host not found in upstream "wp" in /etc/nginx/conf.d/default.conf:37
2026/06/13 04:39:49 [emerg] 1#1: host not found in upstream "wp" in /etc/nginx/conf.d/default.conf:37
2026/06/13 04:40:49 [emerg] 1#1: host not found in upstream "wp" in /etc/nginx/conf.d/default.conf:37
2026/06/13 04:41:49 [emerg] 1#1: host not found in upstream "wp" in /etc/nginx/conf.d/default.conf:37
2026/06/13 04:42:49 [emerg] 1#1: host not found in upstream "wp" in /etc/nginx/conf.d/default.conf:37
2026/06/13 04:43:49 [emerg] 1#1: host not found in upstream "wp" in /etc/nginx/conf.d/default.conf:37
2026/06/13 04:44:49 [emerg] 1#1: host not found in upstream "wp" in /etc/nginx/conf.d/default.conf:37
2026/06/13 04:45:50 [emerg] 1#1: host not found in upstream "wp" in /etc/nginx/conf.d/default.conf:37
2026/06/13 04:46:50 [emerg] 1#1: host not found in upstream "wp" in /etc/nginx/conf.d/default.conf:37
2026/06/13 04:47:50 [emerg] 1#1: host not found in upstream "wp" in /etc/nginx/conf.d/default.conf:37
2026/06/13 04:48:50 [emerg] 1#1: host not found in upstream "wp" in /etc/nginx/conf.d/default.conf:37
2026/06/13 04:49:50 [emerg] 1#1: host not found in upstream "wp" in /etc/nginx/conf.d/default.conf:37
2026/06/13 04:50:50 [emerg] 1#1: host not found in upstream "wp" in /etc/nginx/conf.d/default.conf:37
2026/06/13 04:51:50 [emerg] 1#1: host not found in upstream "wp" in /etc/nginx/conf.d/default.conf:37
2026/06/13 04:52:50 [emerg] 1#1: host not found in upstream "wp" in /etc/nginx/conf.d/default.conf:37
2026/06/13 04:53:51 [emerg] 1#1: host not found in upstream "wp" in /etc/nginx/conf.d/default.conf:37
2026/06/13 04:54:51 [emerg] 1#1: host not found in upstream "wp" in /etc/nginx/conf.d/default.conf:37
2026/06/13 04:55:51 [emerg] 1#1: host not found in upstream "wp" in /etc/nginx/conf.d/default.conf:37
2026/06/13 04:56:51 [emerg] 1#1: host not found in upstream "wp" in /etc/nginx/conf.d/default.conf:37
2026/06/13 04:57:51 [emerg] 1#1: host not found in upstream "wp" in /etc/nginx/conf.d/default.conf:37
2026/06/13 04:58:51 [emerg] 1#1: host not found in upstream "wp" in /etc/nginx/conf.d/default.conf:37
2026/06/13 04:59:51 [emerg] 1#1: host not found in upstream "wp" in /etc/nginx/conf.d/default.conf:37
2026/06/13 05:00:51 [emerg] 1#1: host not found in upstream "wp" in /etc/nginx/conf.d/default.conf:37
2026/06/13 05:01:51 [emerg] 1#1: host not found in upstream "wp" in /etc/nginx/conf.d/default.conf:37
2026/06/13 05:02:52 [emerg] 1#1: host not found in upstream "wp" in /etc/nginx/conf.d/default.conf:37
2026/06/13 05:03:52 [emerg] 1#1: host not found in upstream "wp" in /etc/nginx/conf.d/default.conf:37
2026/06/13 05:04:52 [emerg] 1#1: host not found in upstream "wp" in /etc/nginx/conf.d/default.conf:37
2026/06/13 05:05:52 [emerg] 1#1: host not found in upstream "wp" in /etc/nginx/conf.d/default.conf:37
2026/06/13 05:06:52 [emerg] 1#1: host not found in upstream "wp" in /etc/nginx/conf.d/default.conf:37
2026/06/13 05:07:52 [emerg] 1#1: host not found in upstream "wp" in /etc/nginx/conf.d/default.conf:37
2026/06/13 05:08:52 [emerg] 1#1: host not found in upstream "wp" in /etc/nginx/conf.d/default.conf:37
2026/06/13 05:09:53 [emerg] 1#1: host not found in upstream "wp" in /etc/nginx/conf.d/default.conf:37
2026/06/13 05:10:53 [emerg] 1#1: host not found in upstream "wp" in /etc/nginx/conf.d/default.conf:37
2026/06/13 05:11:53 [emerg] 1#1: host not found in upstream "wp" in /etc/nginx/conf.d/default.conf:37
2026/06/13 05:12:53 [emerg] 1#1: host not found in upstream "wp" in /etc/nginx/conf.d/default.conf:37
2026/06/13 05:13:53 [emerg] 1#1: host not found in upstream "wp" in /etc/nginx/conf.d/default.conf:37
2026/06/13 05:14:53 [emerg] 1#1: host not found in upstream "wp" in /etc/nginx/conf.d/default.conf:37
2026/06/13 05:15:53 [emerg] 1#1: host not found in upstream "wp" in /etc/nginx/conf.d/default.conf:37
2026/06/13 05:16:53 [emerg] 1#1: host not found in upstream "wp" in /etc/nginx/conf.d/default.conf:37
2026/06/13 05:17:54 [emerg] 1#1: host not found in upstream "wp" in /etc/nginx/conf.d/default.conf:37
2026/06/13 05:18:54 [emerg] 1#1: host not found in upstream "wp" in /etc/nginx/conf.d/default.conf:37
2026/06/13 05:19:54 [emerg] 1#1: host not found in upstream "wp" in /etc/nginx/conf.d/default.conf:37
2026/06/13 05:20:54 [emerg] 1#1: host not found in upstream "wp" in /etc/nginx/conf.d/default.conf:37
2026/06/13 05:21:54 [emerg] 1#1: host not found in upstream "wp" in /etc/nginx/conf.d/default.conf:37
2026/06/13 05:22:54 [emerg] 1#1: host not found in upstream "wp" in /etc/nginx/conf.d/default.conf:37
2026/06/13 05:23:54 [emerg] 1#1: host not found in upstream "wp" in /etc/nginx/conf.d/default.conf:37
2026/06/13 05:24:54 [emerg] 1#1: host not found in upstream "wp" in /etc/nginx/conf.d/default.conf:37
2026/06/13 05:25:55 [emerg] 1#1: host not found in upstream "wp" in /etc/nginx/conf.d/default.conf:37
2026/06/13 05:26:55 [emerg] 1#1: host not found in upstream "wp" in /etc/nginx/conf.d/default.conf:37
2026/06/13 05:27:55 [emerg] 1#1: host not found in upstream "wp" in /etc/nginx/conf.d/default.conf:37
2026/06/13 05:28:55 [emerg] 1#1: host not found in upstream "wp" in /etc/nginx/conf.d/default.conf:37
2026/06/13 05:29:55 [emerg] 1#1: host not found in upstream "wp" in /etc/nginx/conf.d/default.conf:37
2026/06/13 05:30:55 [emerg] 1#1: host not found in upstream "wp" in /etc/nginx/conf.d/default.conf:37
2026/06/13 05:31:55 [emerg] 1#1: host not found in upstream "wp" in /etc/nginx/conf.d/default.conf:37
2026/06/13 05:32:55 [emerg] 1#1: host not found in upstream "wp" in /etc/nginx/conf.d/default.conf:37
2026/06/13 05:33:55 [emerg] 1#1: host not found in upstream "wp" in /etc/nginx/conf.d/default.conf:37
2026/06/13 05:34:56 [emerg] 1#1: host not found in upstream "wp" in /etc/nginx/conf.d/default.conf:37
2026/06/13 05:35:56 [emerg] 1#1: host not found in upstream "wp" in /etc/nginx/conf.d/default.conf:37
2026/06/13 05:36:56 [emerg] 1#1: host not found in upstream "wp" in /etc/nginx/conf.d/default.conf:37
2026/06/13 05:37:56 [emerg] 1#1: host not found in upstream "wp" in /etc/nginx/conf.d/default.conf:37
2026/06/13 05:38:56 [emerg] 1#1: host not found in upstream "wp" in /etc/nginx/conf.d/default.conf:37
2026/06/13 05:39:56 [emerg] 1#1: host not found in upstream "wp" in /etc/nginx/conf.d/default.conf:37
2026/06/13 05:40:55 [emerg] 1#1: host not found in upstream "wp" in /etc/nginx/conf.d/default.conf:37
2026/06/13 05:41:55 [emerg] 1#1: host not found in upstream "wp" in /etc/nginx/conf.d/default.conf:37
2026/06/13 05:42:55 [emerg] 1#1: host not found in upstream "wp" in /etc/nginx/conf.d/default.conf:37
2026/06/13 05:43:55 [emerg] 1#1: host not found in upstream "wp" in /etc/nginx/conf.d/default.conf:37
2026/06/13 05:44:55 [emerg] 1#1: host not found in upstream "wp" in /etc/nginx/conf.d/default.conf:37
2026/06/13 05:45:55 [emerg] 1#1: host not found in upstream "wp" in /etc/nginx/conf.d/default.conf:37
2026/06/13 05:46:54 [emerg] 1#1: host not found in upstream "wp" in /etc/nginx/conf.d/default.conf:37
2026/06/13 05:47:54 [emerg] 1#1: host not found in upstream "wp" in /etc/nginx/conf.d/default.conf:37
2026/06/13 05:48:54 [emerg] 1#1: host not found in upstream "wp" in /etc/nginx/conf.d/default.conf:37
2026/06/13 05:49:54 [emerg] 1#1: host not found in upstream "wp" in /etc/nginx/conf.d/default.conf:37
2026/06/13 05:50:54 [emerg] 1#1: host not found in upstream "wp" in /etc/nginx/conf.d/default.conf:37
2026/06/13 05:51:53 [emerg] 1#1: host not found in upstream "wp" in /etc/nginx/conf.d/default.conf:37
2026/06/13 05:52:53 [emerg] 1#1: host not found in upstream "wp" in /etc/nginx/conf.d/default.conf:37
2026/06/13 05:53:53 [emerg] 1#1: host not found in upstream "wp" in /etc/nginx/conf.d/default.conf:37
2026/06/13 05:54:53 [emerg] 1#1: host not found in upstream "wp" in /etc/nginx/conf.d/default.conf:37
2026/06/13 05:55:53 [emerg] 1#1: host not found in upstream "wp" in /etc/nginx/conf.d/default.conf:37
2026/06/13 05:56:52 [emerg] 1#1: host not found in upstream "wp" in /etc/nginx/conf.d/default.conf:37
2026/06/13 05:57:52 [emerg] 1#1: host not found in upstream "wp" in /etc/nginx/conf.d/default.conf:37
2026/06/13 05:58:52 [emerg] 1#1: host not found in upstream "wp" in /etc/nginx/conf.d/default.conf:37
2026/06/13 05:59:52 [emerg] 1#1: host not found in upstream "wp" in /etc/nginx/conf.d/default.conf:37
2026/06/13 06:00:52 [emerg] 1#1: host not found in upstream "wp" in /etc/nginx/conf.d/default.conf:37
2026/06/13 06:01:51 [emerg] 1#1: host not found in upstream "wp" in /etc/nginx/conf.d/default.conf:37
2026/06/13 06:02:51 [emerg] 1#1: host not found in upstream "wp" in /etc/nginx/conf.d/default.conf:37
2026/06/13 06:03:52 [emerg] 1#1: host not found in upstream "wp" in /etc/nginx/conf.d/default.conf:37
2026/06/13 06:04:52 [emerg] 1#1: host not found in upstream "wp" in /etc/nginx/conf.d/default.conf:37
2026/06/13 06:05:52 [emerg] 1#1: host not found in upstream "wp" in /etc/nginx/conf.d/default.conf:37
2026/06/13 06:06:52 [emerg] 1#1: host not found in upstream "wp" in /etc/nginx/conf.d/default.conf:37
2026/06/13 06:07:52 [emerg] 1#1: host not found in upstream "wp" in /etc/nginx/conf.d/default.conf:37
2026/06/13 06:08:52 [emerg] 1#1: host not found in upstream "wp" in /etc/nginx/conf.d/default.conf:37
2026/06/13 06:09:52 [emerg] 1#1: host not found in upstream "wp" in /etc/nginx/conf.d/default.conf:37
2026/06/13 06:10:53 [emerg] 1#1: host not found in upstream "wp" in /etc/nginx/conf.d/default.conf:37
2026/06/13 06:11:53 [emerg] 1#1: host not found in upstream "wp" in /etc/nginx/conf.d/default.conf:37
2026/06/13 06:12:53 [emerg] 1#1: host not found in upstream "wp" in /etc/nginx/conf.d/default.conf:37
2026/06/13 06:13:53 [emerg] 1#1: host not found in upstream "wp" in /etc/nginx/conf.d/default.conf:37
2026/06/13 06:14:53 [emerg] 1#1: host not found in upstream "wp" in /etc/nginx/conf.d/default.conf:37
2026/06/13 06:15:53 [emerg] 1#1: host not found in upstream "wp" in /etc/nginx/conf.d/default.conf:37
2026/06/13 06:16:53 [emerg] 1#1: host not found in upstream "wp" in /etc/nginx/conf.d/default.conf:37
2026/06/13 06:17:53 [emerg] 1#1: host not found in upstream "wp" in /etc/nginx/conf.d/default.conf:37
2026/06/13 06:18:54 [emerg] 1#1: host not found in upstream "wp" in /etc/nginx/conf.d/default.conf:37
2026/06/13 06:19:54 [emerg] 1#1: host not found in upstream "wp" in /etc/nginx/conf.d/default.conf:37
2026/06/13 06:20:56 [emerg] 1#1: host not found in upstream "wp" in /etc/nginx/conf.d/default.conf:37
2026/06/13 06:21:57 [emerg] 1#1: host not found in upstream "wp" in /etc/nginx/conf.d/default.conf:37
2026/06/13 06:22:59 [emerg] 1#1: host not found in upstream "wp" in /etc/nginx/conf.d/default.conf:37
2026/06/13 06:24:07 [emerg] 1#1: host not found in upstream "wp" in /etc/nginx/conf.d/default.conf:37
2026/06/13 06:25:09 [emerg] 1#1: host not found in upstream "wp" in /etc/nginx/conf.d/default.conf:37
2026/06/13 06:26:10 [emerg] 1#1: host not found in upstream "wp" in /etc/nginx/conf.d/default.conf:37
2026/06/13 06:27:10 [emerg] 1#1: host not found in upstream "wp" in /etc/nginx/conf.d/default.conf:37
2026/06/13 06:28:10 [emerg] 1#1: host not found in upstream "wp" in /etc/nginx/conf.d/default.conf:37
2026/06/13 06:29:10 [emerg] 1#1: host not found in upstream "wp" in /etc/nginx/conf.d/default.conf:37
2026/06/13 06:30:10 [emerg] 1#1: host not found in upstream "wp" in /etc/nginx/conf.d/default.conf:37
2026/06/13 06:31:10 [emerg] 1#1: host not found in upstream "wp" in /etc/nginx/conf.d/default.conf:37
2026/06/13 06:32:10 [emerg] 1#1: host not found in upstream "wp" in /etc/nginx/conf.d/default.conf:37
2026/06/13 06:33:10 [emerg] 1#1: host not found in upstream "wp" in /etc/nginx/conf.d/default.conf:37
2026/06/13 06:34:10 [emerg] 1#1: host not found in upstream "wp" in /etc/nginx/conf.d/default.conf:37
2026/06/13 06:35:11 [emerg] 1#1: host not found in upstream "wp" in /etc/nginx/conf.d/default.conf:37
2026/06/13 10:54:04 [emerg] 1#1: host not found in upstream "wp" in /etc/nginx/conf.d/default.conf:37
2026/06/13 10:54:04 [emerg] 1#1: host not found in upstream "wp" in /etc/nginx/conf.d/default.conf:37
2026/06/13 10:54:05 [emerg] 1#1: host not found in upstream "wp" in /etc/nginx/conf.d/default.conf:37
2026/06/13 10:54:05 [emerg] 1#1: host not found in upstream "wp" in /etc/nginx/conf.d/default.conf:37
2026/06/13 10:54:06 [emerg] 1#1: host not found in upstream "wp" in /etc/nginx/conf.d/default.conf:37
2026/06/13 10:54:08 [emerg] 1#1: host not found in upstream "wp" in /etc/nginx/conf.d/default.conf:37
2026/06/13 10:54:11 [emerg] 1#1: host not found in upstream "wp" in /etc/nginx/conf.d/default.conf:37
2026/06/13 10:54:18 [emerg] 1#1: host not found in upstream "wp" in /etc/nginx/conf.d/default.conf:37
2026/06/13 10:54:31 [emerg] 1#1: host not found in upstream "wp" in /etc/nginx/conf.d/default.conf:37
2026/06/13 10:54:56 [emerg] 1#1: host not found in upstream "wp" in /etc/nginx/conf.d/default.conf:37
2026/06/13 10:55:48 [emerg] 1#1: host not found in upstream "wp" in /etc/nginx/conf.d/default.conf:37
2026/06/13 10:56:49 [emerg] 1#1: host not found in upstream "wp" in /etc/nginx/conf.d/default.conf:37
2026/06/13 10:57:50 [emerg] 1#1: host not found in upstream "wp" in /etc/nginx/conf.d/default.conf:37
2026/06/13 10:58:50 [emerg] 1#1: host not found in upstream "wp" in /etc/nginx/conf.d/default.conf:37
2026/06/13 10:59:50 [emerg] 1#1: cannot load certificate "/etc/letsencrypt/live/iamaim.ru/fullchain.pem": BIO_new_file() failed (SSL: error:80000002:system library::No such file or directory:calling fopen(/etc/letsencrypt/live/iamaim.ru/fullchain.pem, r) error:10000080:BIO routines::no such file)
2026/06/13 11:00:51 [emerg] 1#1: cannot load certificate "/etc/letsencrypt/live/iamaim.ru/fullchain.pem": BIO_new_file() failed (SSL: error:80000002:system library::No such file or directory:calling fopen(/etc/letsencrypt/live/iamaim.ru/fullchain.pem, r) error:10000080:BIO routines::no such file)
2026/06/13 11:01:52 [emerg] 1#1: cannot load certificate "/etc/letsencrypt/live/iamaim.ru/fullchain.pem": BIO_new_file() failed (SSL: error:80000002:system library::No such file or directory:calling fopen(/etc/letsencrypt/live/iamaim.ru/fullchain.pem, r) error:10000080:BIO routines::no such file)
2026/06/13 11:02:52 [emerg] 1#1: cannot load certificate "/etc/letsencrypt/live/iamaim.ru/fullchain.pem": BIO_new_file() failed (SSL: error:80000002:system library::No such file or directory:calling fopen(/etc/letsencrypt/live/iamaim.ru/fullchain.pem, r) error:10000080:BIO routines::no such file)
2026/06/13 11:03:52 [emerg] 1#1: cannot load certificate "/etc/letsencrypt/live/iamaim.ru/fullchain.pem": BIO_new_file() failed (SSL: error:80000002:system library::No such file or directory:calling fopen(/etc/letsencrypt/live/iamaim.ru/fullchain.pem, r) error:10000080:BIO routines::no such file)
2026/06/13 11:04:52 [emerg] 1#1: cannot load certificate "/etc/letsencrypt/live/iamaim.ru/fullchain.pem": BIO_new_file() failed (SSL: error:80000002:system library::No such file or directory:calling fopen(/etc/letsencrypt/live/iamaim.ru/fullchain.pem, r) error:10000080:BIO routines::no such file)
2026/06/13 11:05:52 [emerg] 1#1: cannot load certificate "/etc/letsencrypt/live/iamaim.ru/fullchain.pem": BIO_new_file() failed (SSL: error:80000002:system library::No such file or directory:calling fopen(/etc/letsencrypt/live/iamaim.ru/fullchain.pem, r) error:10000080:BIO routines::no such file)
2026/06/13 11:06:53 [emerg] 1#1: cannot load certificate "/etc/letsencrypt/live/iamaim.ru/fullchain.pem": BIO_new_file() failed (SSL: error:80000002:system library::No such file or directory:calling fopen(/etc/letsencrypt/live/iamaim.ru/fullchain.pem, r) error:10000080:BIO routines::no such file)
2026/06/13 11:07:53 [emerg] 1#1: cannot load certificate "/etc/letsencrypt/live/iamaim.ru/fullchain.pem": BIO_new_file() failed (SSL: error:80000002:system library::No such file or directory:calling fopen(/etc/letsencrypt/live/iamaim.ru/fullchain.pem, r) error:10000080:BIO routines::no such file)
2026/06/13 11:08:53 [emerg] 1#1: cannot load certificate "/etc/letsencrypt/live/iamaim.ru/fullchain.pem": BIO_new_file() failed (SSL: error:80000002:system library::No such file or directory:calling fopen(/etc/letsencrypt/live/iamaim.ru/fullchain.pem, r) error:10000080:BIO routines::no such file)
2026/06/13 11:09:53 [emerg] 1#1: cannot load certificate "/etc/letsencrypt/live/iamaim.ru/fullchain.pem": BIO_new_file() failed (SSL: error:80000002:system library::No such file or directory:calling fopen(/etc/letsencrypt/live/iamaim.ru/fullchain.pem, r) error:10000080:BIO routines::no such file)
2026/06/13 11:10:53 [emerg] 1#1: cannot load certificate "/etc/letsencrypt/live/iamaim.ru/fullchain.pem": BIO_new_file() failed (SSL: error:80000002:system library::No such file or directory:calling fopen(/etc/letsencrypt/live/iamaim.ru/fullchain.pem, r) error:10000080:BIO routines::no such file)
2026/06/13 11:11:54 [emerg] 1#1: cannot load certificate "/etc/letsencrypt/live/iamaim.ru/fullchain.pem": BIO_new_file() failed (SSL: error:80000002:system library::No such file or directory:calling fopen(/etc/letsencrypt/live/iamaim.ru/fullchain.pem, r) error:10000080:BIO routines::no such file)
2026/06/13 11:12:54 [emerg] 1#1: cannot load certificate "/etc/letsencrypt/live/iamaim.ru/fullchain.pem": BIO_new_file() failed (SSL: error:80000002:system library::No such file or directory:calling fopen(/etc/letsencrypt/live/iamaim.ru/fullchain.pem, r) error:10000080:BIO routines::no such file)
2026/06/13 11:13:54 [emerg] 1#1: cannot load certificate "/etc/letsencrypt/live/iamaim.ru/fullchain.pem": BIO_new_file() failed (SSL: error:80000002:system library::No such file or directory:calling fopen(/etc/letsencrypt/live/iamaim.ru/fullchain.pem, r) error:10000080:BIO routines::no such file)
2026/06/13 11:14:54 [emerg] 1#1: cannot load certificate "/etc/letsencrypt/live/iamaim.ru/fullchain.pem": BIO_new_file() failed (SSL: error:80000002:system library::No such file or directory:calling fopen(/etc/letsencrypt/live/iamaim.ru/fullchain.pem, r) error:10000080:BIO routines::no such file)
2026/06/13 11:15:55 [emerg] 1#1: cannot load certificate "/etc/letsencrypt/live/iamaim.ru/fullchain.pem": BIO_new_file() failed (SSL: error:80000002:system library::No such file or directory:calling fopen(/etc/letsencrypt/live/iamaim.ru/fullchain.pem, r) error:10000080:BIO routines::no such file)
2026/06/13 11:16:55 [emerg] 1#1: cannot load certificate "/etc/letsencrypt/live/iamaim.ru/fullchain.pem": BIO_new_file() failed (SSL: error:80000002:system library::No such file or directory:calling fopen(/etc/letsencrypt/live/iamaim.ru/fullchain.pem, r) error:10000080:BIO routines::no such file)
2026/06/13 11:17:55 [emerg] 1#1: cannot load certificate "/etc/letsencrypt/live/iamaim.ru/fullchain.pem": BIO_new_file() failed (SSL: error:80000002:system library::No such file or directory:calling fopen(/etc/letsencrypt/live/iamaim.ru/fullchain.pem, r) error:10000080:BIO routines::no such file)
2026/06/13 11:18:57 [emerg] 1#1: cannot load certificate "/etc/letsencrypt/live/iamaim.ru/fullchain.pem": BIO_new_file() failed (SSL: error:80000002:system library::No such file or directory:calling fopen(/etc/letsencrypt/live/iamaim.ru/fullchain.pem, r) error:10000080:BIO routines::no such file)
2026/06/13 11:19:58 [emerg] 1#1: cannot load certificate "/etc/letsencrypt/live/iamaim.ru/fullchain.pem": BIO_new_file() failed (SSL: error:80000002:system library::No such file or directory:calling fopen(/etc/letsencrypt/live/iamaim.ru/fullchain.pem, r) error:10000080:BIO routines::no such file)
2026/06/13 11:20:58 [emerg] 1#1: cannot load certificate "/etc/letsencrypt/live/iamaim.ru/fullchain.pem": BIO_new_file() failed (SSL: error:80000002:system library::No such file or directory:calling fopen(/etc/letsencrypt/live/iamaim.ru/fullchain.pem, r) error:10000080:BIO routines::no such file)
2026/06/13 11:21:58 [emerg] 1#1: cannot load certificate "/etc/letsencrypt/live/iamaim.ru/fullchain.pem": BIO_new_file() failed (SSL: error:80000002:system library::No such file or directory:calling fopen(/etc/letsencrypt/live/iamaim.ru/fullchain.pem, r) error:10000080:BIO routines::no such file)
2026/06/13 11:22:58 [emerg] 1#1: cannot load certificate "/etc/letsencrypt/live/iamaim.ru/fullchain.pem": BIO_new_file() failed (SSL: error:80000002:system library::No such file or directory:calling fopen(/etc/letsencrypt/live/iamaim.ru/fullchain.pem, r) error:10000080:BIO routines::no such file)
2026/06/13 11:23:58 [emerg] 1#1: cannot load certificate "/etc/letsencrypt/live/iamaim.ru/fullchain.pem": BIO_new_file() failed (SSL: error:80000002:system library::No such file or directory:calling fopen(/etc/letsencrypt/live/iamaim.ru/fullchain.pem, r) error:10000080:BIO routines::no such file)
2026/06/13 11:24:58 [emerg] 1#1: cannot load certificate "/etc/letsencrypt/live/iamaim.ru/fullchain.pem": BIO_new_file() failed (SSL: error:80000002:system library::No such file or directory:calling fopen(/etc/letsencrypt/live/iamaim.ru/fullchain.pem, r) error:10000080:BIO routines::no such file)
2026/06/13 11:25:58 [emerg] 1#1: cannot load certificate "/etc/letsencrypt/live/iamaim.ru/fullchain.pem": BIO_new_file() failed (SSL: error:80000002:system library::No such file or directory:calling fopen(/etc/letsencrypt/live/iamaim.ru/fullchain.pem, r) error:10000080:BIO routines::no such file)
2026/06/13 11:26:59 [emerg] 1#1: cannot load certificate "/etc/letsencrypt/live/iamaim.ru/fullchain.pem": BIO_new_file() failed (SSL: error:80000002:system library::No such file or directory:calling fopen(/etc/letsencrypt/live/iamaim.ru/fullchain.pem, r) error:10000080:BIO routines::no such file)
2026/06/13 11:27:59 [emerg] 1#1: cannot load certificate "/etc/letsencrypt/live/iamaim.ru/fullchain.pem": BIO_new_file() failed (SSL: error:80000002:system library::No such file or directory:calling fopen(/etc/letsencrypt/live/iamaim.ru/fullchain.pem, r) error:10000080:BIO routines::no such file)
2026/06/13 11:28:59 [emerg] 1#1: cannot load certificate "/etc/letsencrypt/live/iamaim.ru/fullchain.pem": BIO_new_file() failed (SSL: error:80000002:system library::No such file or directory:calling fopen(/etc/letsencrypt/live/iamaim.ru/fullchain.pem, r) error:10000080:BIO routines::no such file)
2026/06/13 11:29:59 [emerg] 1#1: cannot load certificate "/etc/letsencrypt/live/iamaim.ru/fullchain.pem": BIO_new_file() failed (SSL: error:80000002:system library::No such file or directory:calling fopen(/etc/letsencrypt/live/iamaim.ru/fullchain.pem, r) error:10000080:BIO routines::no such file)
2026/06/13 11:30:59 [emerg] 1#1: cannot load certificate "/etc/letsencrypt/live/iamaim.ru/fullchain.pem": BIO_new_file() failed (SSL: error:80000002:system library::No such file or directory:calling fopen(/etc/letsencrypt/live/iamaim.ru/fullchain.pem, r) error:10000080:BIO routines::no such file)
2026/06/13 11:31:59 [emerg] 1#1: cannot load certificate "/etc/letsencrypt/live/iamaim.ru/fullchain.pem": BIO_new_file() failed (SSL: error:80000002:system library::No such file or directory:calling fopen(/etc/letsencrypt/live/iamaim.ru/fullchain.pem, r) error:10000080:BIO routines::no such file)
2026/06/13 11:32:59 [emerg] 1#1: cannot load certificate "/etc/letsencrypt/live/iamaim.ru/fullchain.pem": BIO_new_file() failed (SSL: error:80000002:system library::No such file or directory:calling fopen(/etc/letsencrypt/live/iamaim.ru/fullchain.pem, r) error:10000080:BIO routines::no such file)
2026/06/13 11:34:00 [emerg] 1#1: cannot load certificate "/etc/letsencrypt/live/iamaim.ru/fullchain.pem": BIO_new_file() failed (SSL: error:80000002:system library::No such file or directory:calling fopen(/etc/letsencrypt/live/iamaim.ru/fullchain.pem, r) error:10000080:BIO routines::no such file)
2026/06/13 11:35:00 [emerg] 1#1: cannot load certificate "/etc/letsencrypt/live/iamaim.ru/fullchain.pem": BIO_new_file() failed (SSL: error:80000002:system library::No such file or directory:calling fopen(/etc/letsencrypt/live/iamaim.ru/fullchain.pem, r) error:10000080:BIO routines::no such file)
2026/06/13 11:36:00 [emerg] 1#1: cannot load certificate "/etc/letsencrypt/live/iamaim.ru/fullchain.pem": BIO_new_file() failed (SSL: error:80000002:system library::No such file or directory:calling fopen(/etc/letsencrypt/live/iamaim.ru/fullchain.pem, r) error:10000080:BIO routines::no such file)
2026/06/13 11:37:00 [emerg] 1#1: cannot load certificate "/etc/letsencrypt/live/iamaim.ru/fullchain.pem": BIO_new_file() failed (SSL: error:80000002:system library::No such file or directory:calling fopen(/etc/letsencrypt/live/iamaim.ru/fullchain.pem, r) error:10000080:BIO routines::no such file)
2026/06/13 11:38:00 [emerg] 1#1: cannot load certificate "/etc/letsencrypt/live/iamaim.ru/fullchain.pem": BIO_new_file() failed (SSL: error:80000002:system library::No such file or directory:calling fopen(/etc/letsencrypt/live/iamaim.ru/fullchain.pem, r) error:10000080:BIO routines::no such file)
2026/06/13 11:39:00 [emerg] 1#1: cannot load certificate "/etc/letsencrypt/live/iamaim.ru/fullchain.pem": BIO_new_file() failed (SSL: error:80000002:system library::No such file or directory:calling fopen(/etc/letsencrypt/live/iamaim.ru/fullchain.pem, r) error:10000080:BIO routines::no such file)
2026/06/13 11:40:01 [emerg] 1#1: cannot load certificate "/etc/letsencrypt/live/iamaim.ru/fullchain.pem": BIO_new_file() failed (SSL: error:80000002:system library::No such file or directory:calling fopen(/etc/letsencrypt/live/iamaim.ru/fullchain.pem, r) error:10000080:BIO routines::no such file)
2026/06/13 11:40:33 [notice] 1#1: using the "epoll" event method
2026/06/13 11:40:33 [notice] 1#1: nginx/1.31.1
2026/06/13 11:40:33 [notice] 1#1: built by gcc 15.2.0 (Alpine 15.2.0) 
2026/06/13 11:40:33 [notice] 1#1: OS: Linux 6.8.0-100-generic
2026/06/13 11:40:33 [notice] 1#1: getrlimit(RLIMIT_NOFILE): 1024:524288
2026/06/13 11:40:33 [notice] 1#1: start worker processes
2026/06/13 11:40:33 [notice] 1#1: start worker process 21
2026/06/13 11:40:33 [notice] 1#1: start worker process 22
2026/06/13 11:40:33 [notice] 1#1: start worker process 23
2026/06/13 11:40:33 [notice] 1#1: start worker process 24
2026/06/13 11:41:03 [notice] 1#1: signal 17 (SIGCHLD) received from 31
2026/06/13 11:41:03 [notice] 1#1: unknown process 31 exited with code 0
2026/06/13 11:41:33 [notice] 1#1: signal 17 (SIGCHLD) received from 38
2026/06/13 11:41:33 [notice] 1#1: unknown process 38 exited with code 0
2026/06/13 11:42:03 [notice] 1#1: signal 17 (SIGCHLD) received from 44
2026/06/13 11:42:03 [notice] 1#1: unknown process 44 exited with code 0
2026/06/13 11:42:21 [emerg] 45#45: pread() returned only 1682 bytes instead of 1683 in /etc/nginx/conf.d/default.conf:67
2026/06/13 11:42:25 [notice] 1#1: signal 3 (SIGQUIT) received, shutting down
2026/06/13 11:42:25 [notice] 21#21: gracefully shutting down
2026/06/13 11:42:25 [notice] 24#24: gracefully shutting down
2026/06/13 11:42:25 [notice] 23#23: gracefully shutting down
2026/06/13 11:42:25 [notice] 24#24: exiting
2026/06/13 11:42:25 [notice] 22#22: gracefully shutting down
2026/06/13 11:42:25 [notice] 21#21: exiting
2026/06/13 11:42:25 [notice] 22#22: exiting
2026/06/13 11:42:25 [notice] 23#23: exiting
2026/06/13 11:42:25 [notice] 24#24: exit
2026/06/13 11:42:25 [notice] 21#21: exit
2026/06/13 11:42:25 [notice] 22#22: exit
2026/06/13 11:42:25 [notice] 23#23: exit
2026/06/13 11:42:25 [notice] 1#1: signal 17 (SIGCHLD) received from 24
2026/06/13 11:42:25 [notice] 1#1: worker process 24 exited with code 0
2026/06/13 11:42:25 [notice] 1#1: signal 29 (SIGIO) received
2026/06/13 11:42:25 [notice] 1#1: signal 17 (SIGCHLD) received from 23
2026/06/13 11:42:25 [notice] 1#1: worker process 22 exited with code 0
2026/06/13 11:42:25 [notice] 1#1: worker process 23 exited with code 0
2026/06/13 11:42:25 [notice] 1#1: signal 29 (SIGIO) received
2026/06/13 11:42:25 [notice] 1#1: signal 17 (SIGCHLD) received from 22
2026/06/13 11:42:25 [notice] 1#1: signal 17 (SIGCHLD) received from 21
2026/06/13 11:42:25 [notice] 1#1: worker process 21 exited with code 0
2026/06/13 11:42:25 [notice] 1#1: exit
2026/06/13 11:42:25 [notice] 1#1: using the "epoll" event method
2026/06/13 11:42:25 [notice] 1#1: nginx/1.31.1
2026/06/13 11:42:25 [notice] 1#1: built by gcc 15.2.0 (Alpine 15.2.0) 
2026/06/13 11:42:25 [notice] 1#1: OS: Linux 6.8.0-100-generic
2026/06/13 11:42:25 [notice] 1#1: getrlimit(RLIMIT_NOFILE): 1024:524288
2026/06/13 11:42:25 [notice] 1#1: start worker processes
2026/06/13 11:42:25 [notice] 1#1: start worker process 21
2026/06/13 11:42:25 [notice] 1#1: start worker process 22
2026/06/13 11:42:25 [notice] 1#1: start worker process 23
2026/06/13 11:42:25 [notice] 1#1: start worker process 24
2026/06/13 11:42:56 [notice] 1#1: signal 17 (SIGCHLD) received from 31
2026/06/13 11:42:56 [notice] 1#1: unknown process 31 exited with code 0
2026/06/13 11:43:25 [notice] 1#1: signal 3 (SIGQUIT) received, shutting down
2026/06/13 11:43:25 [notice] 21#21: gracefully shutting down
2026/06/13 11:43:25 [notice] 21#21: exiting
2026/06/13 11:43:25 [notice] 22#22: gracefully shutting down
2026/06/13 11:43:25 [notice] 23#23: gracefully shutting down
2026/06/13 11:43:25 [notice] 24#24: gracefully shutting down
2026/06/13 11:43:25 [notice] 22#22: exiting
2026/06/13 11:43:25 [notice] 23#23: exiting
2026/06/13 11:43:25 [notice] 24#24: exiting
2026/06/13 11:43:25 [notice] 21#21: exit
2026/06/13 11:43:25 [notice] 22#22: exit
2026/06/13 11:43:25 [notice] 23#23: exit
2026/06/13 11:43:25 [notice] 24#24: exit
2026/06/13 11:43:26 [notice] 1#1: signal 17 (SIGCHLD) received from 24
2026/06/13 11:43:26 [notice] 1#1: worker process 24 exited with code 0
2026/06/13 11:43:26 [notice] 1#1: signal 29 (SIGIO) received
2026/06/13 11:43:26 [notice] 1#1: signal 17 (SIGCHLD) received from 23
2026/06/13 11:43:26 [notice] 1#1: worker process 23 exited with code 0
2026/06/13 11:43:26 [notice] 1#1: signal 29 (SIGIO) received
2026/06/13 11:43:26 [notice] 1#1: signal 17 (SIGCHLD) received from 21
2026/06/13 11:43:26 [notice] 1#1: worker process 21 exited with code 0
2026/06/13 11:43:26 [notice] 1#1: signal 29 (SIGIO) received
2026/06/13 11:43:26 [notice] 1#1: signal 17 (SIGCHLD) received from 22
2026/06/13 11:43:26 [notice] 1#1: worker process 22 exited with code 0
2026/06/13 11:43:26 [notice] 1#1: exit
2026/06/13 11:43:26 [notice] 1#1: using the "epoll" event method
2026/06/13 11:43:26 [notice] 1#1: nginx/1.31.1
2026/06/13 11:43:26 [notice] 1#1: built by gcc 15.2.0 (Alpine 15.2.0) 
2026/06/13 11:43:26 [notice] 1#1: OS: Linux 6.8.0-100-generic
2026/06/13 11:43:26 [notice] 1#1: getrlimit(RLIMIT_NOFILE): 1024:524288
2026/06/13 11:43:26 [notice] 1#1: start worker processes
2026/06/13 11:43:26 [notice] 1#1: start worker process 21
2026/06/13 11:43:26 [notice] 1#1: start worker process 22
2026/06/13 11:43:26 [notice] 1#1: start worker process 23
2026/06/13 11:43:26 [notice] 1#1: start worker process 24
2026/06/13 11:43:56 [notice] 1#1: signal 17 (SIGCHLD) received from 31
2026/06/13 11:43:56 [notice] 1#1: unknown process 31 exited with code 0
2026/06/13 11:44:26 [notice] 1#1: signal 17 (SIGCHLD) received from 38
2026/06/13 11:44:26 [notice] 1#1: unknown process 38 exited with code 0
2026/06/13 11:44:56 [notice] 1#1: signal 17 (SIGCHLD) received from 45
2026/06/13 11:44:56 [notice] 1#1: unknown process 45 exited with code 0
2026/06/13 11:45:27 [notice] 1#1: signal 17 (SIGCHLD) received from 52
2026/06/13 11:45:27 [notice] 1#1: unknown process 52 exited with code 0
2026/06/13 11:45:57 [notice] 1#1: signal 17 (SIGCHLD) received from 59
2026/06/13 11:45:57 [notice] 1#1: unknown process 59 exited with code 0
2026/06/13 11:46:27 [notice] 1#1: signal 17 (SIGCHLD) received from 66
2026/06/13 11:46:27 [notice] 1#1: unknown process 66 exited with code 0
2026/06/13 11:46:57 [notice] 1#1: signal 17 (SIGCHLD) received from 73
2026/06/13 11:46:57 [notice] 1#1: unknown process 73 exited with code 0
2026/06/13 11:47:04 [emerg] 74#74: unexpected end of file, expecting "}" in /etc/nginx/conf.d/default.conf:79
2026/06/13 11:47:28 [notice] 1#1: signal 17 (SIGCHLD) received from 116
2026/06/13 11:47:28 [notice] 1#1: unknown process 116 exited with code 0
2026/06/13 11:47:58 [notice] 1#1: signal 17 (SIGCHLD) received from 123
2026/06/13 11:47:58 [notice] 1#1: unknown process 123 exited with code 0
2026/06/13 11:48:02 [notice] 1#1: signal 3 (SIGQUIT) received, shutting down
2026/06/13 11:48:02 [notice] 21#21: gracefully shutting down
2026/06/13 11:48:02 [notice] 22#22: gracefully shutting down
2026/06/13 11:48:02 [notice] 23#23: gracefully shutting down
2026/06/13 11:48:02 [notice] 24#24: gracefully shutting down
2026/06/13 11:48:02 [notice] 21#21: exiting
2026/06/13 11:48:02 [notice] 22#22: exiting
2026/06/13 11:48:02 [notice] 23#23: exiting
2026/06/13 11:48:02 [notice] 24#24: exiting
2026/06/13 11:48:02 [notice] 21#21: exit
2026/06/13 11:48:02 [notice] 22#22: exit
2026/06/13 11:48:02 [notice] 23#23: exit
2026/06/13 11:48:02 [notice] 24#24: exit
2026/06/13 11:48:02 [notice] 1#1: signal 17 (SIGCHLD) received from 21
2026/06/13 11:48:02 [notice] 1#1: worker process 21 exited with code 0
2026/06/13 11:48:02 [notice] 1#1: signal 29 (SIGIO) received
2026/06/13 11:48:02 [notice] 1#1: signal 17 (SIGCHLD) received from 22
2026/06/13 11:48:02 [notice] 1#1: worker process 22 exited with code 0
2026/06/13 11:48:02 [notice] 1#1: worker process 23 exited with code 0
2026/06/13 11:48:02 [notice] 1#1: signal 29 (SIGIO) received
2026/06/13 11:48:02 [notice] 1#1: signal 17 (SIGCHLD) received from 23
2026/06/13 11:48:02 [notice] 1#1: signal 17 (SIGCHLD) received from 24
2026/06/13 11:48:02 [notice] 1#1: worker process 24 exited with code 0
2026/06/13 11:48:02 [notice] 1#1: exit
2026/06/13 11:48:03 [notice] 1#1: using the "epoll" event method
2026/06/13 11:48:03 [notice] 1#1: nginx/1.31.1
2026/06/13 11:48:03 [notice] 1#1: built by gcc 15.2.0 (Alpine 15.2.0) 
2026/06/13 11:48:03 [notice] 1#1: OS: Linux 6.8.0-100-generic
2026/06/13 11:48:03 [notice] 1#1: getrlimit(RLIMIT_NOFILE): 1024:524288
2026/06/13 11:48:03 [notice] 1#1: start worker processes
2026/06/13 11:48:03 [notice] 1#1: start worker process 21
2026/06/13 11:48:03 [notice] 1#1: start worker process 22
2026/06/13 11:48:03 [notice] 1#1: start worker process 23
2026/06/13 11:48:03 [notice] 1#1: start worker process 24
2026/06/13 11:48:33 [notice] 1#1: signal 17 (SIGCHLD) received from 43
2026/06/13 11:48:33 [notice] 1#1: unknown process 43 exited with code 0
2026/06/13 11:49:04 [notice] 1#1: signal 17 (SIGCHLD) received from 50
2026/06/13 11:49:04 [notice] 1#1: unknown process 50 exited with code 0
2026/06/13 11:49:35 [notice] 1#1: signal 17 (SIGCHLD) received from 57
2026/06/13 11:49:35 [notice] 1#1: unknown process 57 exited with code 0
2026/06/13 11:50:05 [notice] 1#1: signal 17 (SIGCHLD) received from 64
2026/06/13 11:50:05 [notice] 1#1: unknown process 64 exited with code 0
2026/06/13 11:50:35 [notice] 1#1: signal 17 (SIGCHLD) received from 71
2026/06/13 11:50:35 [notice] 1#1: unknown process 71 exited with code 0
2026/06/13 11:51:05 [notice] 1#1: signal 17 (SIGCHLD) received from 78
2026/06/13 11:51:05 [notice] 1#1: unknown process 78 exited with code 0
2026/06/13 11:51:36 [notice] 1#1: signal 17 (SIGCHLD) received from 85
2026/06/13 11:51:36 [notice] 1#1: unknown process 85 exited with code 0
2026/06/13 11:52:06 [notice] 1#1: signal 17 (SIGCHLD) received from 92
2026/06/13 11:52:06 [notice] 1#1: unknown process 92 exited with code 0
2026/06/13 11:52:36 [notice] 1#1: signal 17 (SIGCHLD) received from 99
2026/06/13 11:52:36 [notice] 1#1: unknown process 99 exited with code 0
2026/06/13 11:53:07 [notice] 1#1: signal 17 (SIGCHLD) received from 106
2026/06/13 11:53:07 [notice] 1#1: unknown process 106 exited with code 0
2026/06/13 11:53:37 [notice] 1#1: signal 17 (SIGCHLD) received from 113
2026/06/13 11:53:37 [notice] 1#1: unknown process 113 exited with code 0
2026/06/13 11:54:07 [notice] 1#1: signal 17 (SIGCHLD) received from 120
2026/06/13 11:54:07 [notice] 1#1: unknown process 120 exited with code 0
2026/06/13 11:54:38 [notice] 1#1: signal 17 (SIGCHLD) received from 127
2026/06/13 11:54:38 [notice] 1#1: unknown process 127 exited with code 0
2026/06/13 11:55:08 [notice] 1#1: signal 17 (SIGCHLD) received from 134
2026/06/13 11:55:08 [notice] 1#1: unknown process 134 exited with code 0
2026/06/13 11:55:39 [notice] 1#1: signal 17 (SIGCHLD) received from 141
2026/06/13 11:55:39 [notice] 1#1: unknown process 141 exited with code 0
2026/06/13 11:56:09 [notice] 1#1: signal 17 (SIGCHLD) received from 148
2026/06/13 11:56:09 [notice] 1#1: unknown process 148 exited with code 0
2026/06/13 11:56:40 [notice] 1#1: signal 17 (SIGCHLD) received from 155
2026/06/13 11:56:40 [notice] 1#1: unknown process 155 exited with code 0
2026/06/13 11:57:10 [notice] 1#1: signal 17 (SIGCHLD) received from 162
2026/06/13 11:57:10 [notice] 1#1: unknown process 162 exited with code 0
2026/06/13 11:57:40 [notice] 1#1: signal 17 (SIGCHLD) received from 169
2026/06/13 11:57:40 [notice] 1#1: unknown process 169 exited with code 0
2026/06/13 11:58:10 [notice] 1#1: signal 17 (SIGCHLD) received from 176
2026/06/13 11:58:10 [notice] 1#1: unknown process 176 exited with code 0
2026/06/13 11:58:41 [notice] 1#1: signal 17 (SIGCHLD) received from 183
2026/06/13 11:58:41 [notice] 1#1: unknown process 183 exited with code 0
2026/06/13 11:59:11 [notice] 1#1: signal 17 (SIGCHLD) received from 190
2026/06/13 11:59:11 [notice] 1#1: unknown process 190 exited with code 0
2026/06/13 11:59:41 [notice] 1#1: signal 17 (SIGCHLD) received from 198
2026/06/13 11:59:41 [notice] 1#1: unknown process 198 exited with code 0
2026/06/13 12:00:11 [notice] 1#1: signal 17 (SIGCHLD) received from 205
2026/06/13 12:00:11 [notice] 1#1: unknown process 205 exited with code 0
2026/06/13 12:00:42 [notice] 1#1: signal 17 (SIGCHLD) received from 212
2026/06/13 12:00:42 [notice] 1#1: unknown process 212 exited with code 0
2026/06/13 12:01:12 [notice] 1#1: signal 17 (SIGCHLD) received from 219
2026/06/13 12:01:12 [notice] 1#1: unknown process 219 exited with code 0
2026/06/13 12:01:43 [notice] 1#1: signal 17 (SIGCHLD) received from 226
2026/06/13 12:01:43 [notice] 1#1: unknown process 226 exited with code 0
2026/06/13 12:02:13 [notice] 1#1: signal 17 (SIGCHLD) received from 233
2026/06/13 12:02:13 [notice] 1#1: unknown process 233 exited with code 0
2026/06/13 12:02:43 [notice] 1#1: signal 17 (SIGCHLD) received from 240
2026/06/13 12:02:43 [notice] 1#1: unknown process 240 exited with code 0
2026/06/13 12:03:14 [notice] 1#1: signal 17 (SIGCHLD) received from 247
2026/06/13 12:03:14 [notice] 1#1: unknown process 247 exited with code 0
2026/06/13 12:03:44 [notice] 1#1: signal 17 (SIGCHLD) received from 254
2026/06/13 12:03:44 [notice] 1#1: unknown process 254 exited with code 0
2026/06/13 12:04:14 [notice] 1#1: signal 17 (SIGCHLD) received from 261
2026/06/13 12:04:14 [notice] 1#1: unknown process 261 exited with code 0
2026/06/13 12:04:45 [notice] 1#1: signal 17 (SIGCHLD) received from 268
2026/06/13 12:04:45 [notice] 1#1: unknown process 268 exited with code 0
2026/06/13 12:05:15 [notice] 1#1: signal 17 (SIGCHLD) received from 275
2026/06/13 12:05:15 [notice] 1#1: unknown process 275 exited with code 0
2026/06/13 12:05:45 [notice] 1#1: signal 17 (SIGCHLD) received from 282
2026/06/13 12:05:45 [notice] 1#1: unknown process 282 exited with code 0
2026/06/13 12:06:15 [notice] 1#1: signal 17 (SIGCHLD) received from 289
2026/06/13 12:06:15 [notice] 1#1: unknown process 289 exited with code 0
2026/06/13 12:06:46 [notice] 1#1: signal 17 (SIGCHLD) received from 296
2026/06/13 12:06:46 [notice] 1#1: unknown process 296 exited with code 0
2026/06/13 12:07:16 [notice] 1#1: signal 17 (SIGCHLD) received from 303
2026/06/13 12:07:16 [notice] 1#1: unknown process 303 exited with code 0
2026/06/13 12:07:46 [notice] 1#1: signal 17 (SIGCHLD) received from 310
2026/06/13 12:07:46 [notice] 1#1: unknown process 310 exited with code 0
2026/06/13 12:08:17 [notice] 1#1: signal 17 (SIGCHLD) received from 317
2026/06/13 12:08:17 [notice] 1#1: unknown process 317 exited with code 0
2026/06/13 12:08:47 [notice] 1#1: signal 17 (SIGCHLD) received from 324
2026/06/13 12:08:47 [notice] 1#1: unknown process 324 exited with code 0
2026/06/13 12:09:18 [notice] 1#1: signal 17 (SIGCHLD) received from 331
2026/06/13 12:09:18 [notice] 1#1: unknown process 331 exited with code 0
2026/06/13 12:09:51 [notice] 1#1: signal 17 (SIGCHLD) received from 338
2026/06/13 12:09:51 [notice] 1#1: unknown process 338 exited with code 0
2026/06/13 12:10:22 [notice] 1#1: signal 17 (SIGCHLD) received from 345
2026/06/13 12:10:22 [notice] 1#1: unknown process 345 exited with code 0
2026/06/13 12:10:52 [notice] 1#1: signal 17 (SIGCHLD) received from 352
2026/06/13 12:10:52 [notice] 1#1: unknown process 352 exited with code 0
2026/06/13 12:11:23 [notice] 1#1: signal 17 (SIGCHLD) received from 359
2026/06/13 12:11:23 [notice] 1#1: unknown process 359 exited with code 0
2026/06/13 12:11:53 [notice] 1#1: signal 17 (SIGCHLD) received from 366
2026/06/13 12:11:53 [notice] 1#1: unknown process 366 exited with code 0
2026/06/13 12:12:24 [notice] 1#1: signal 17 (SIGCHLD) received from 373
2026/06/13 12:12:24 [notice] 1#1: unknown process 373 exited with code 0
2026/06/13 12:12:54 [notice] 1#1: signal 17 (SIGCHLD) received from 380
2026/06/13 12:12:54 [notice] 1#1: unknown process 380 exited with code 0
2026/06/13 12:13:24 [notice] 1#1: signal 17 (SIGCHLD) received from 387
2026/06/13 12:13:24 [notice] 1#1: unknown process 387 exited with code 0
2026/06/13 12:13:54 [notice] 1#1: signal 17 (SIGCHLD) received from 394
2026/06/13 12:13:54 [notice] 1#1: unknown process 394 exited with code 0
2026/06/13 12:14:25 [notice] 1#1: signal 17 (SIGCHLD) received from 401
2026/06/13 12:14:25 [notice] 1#1: unknown process 401 exited with code 0
2026/06/13 12:14:55 [notice] 1#1: signal 17 (SIGCHLD) received from 408
2026/06/13 12:14:55 [notice] 1#1: unknown process 408 exited with code 0
2026/06/13 12:15:25 [notice] 1#1: signal 17 (SIGCHLD) received from 415
2026/06/13 12:15:25 [notice] 1#1: unknown process 415 exited with code 0
2026/06/13 12:15:55 [notice] 1#1: signal 17 (SIGCHLD) received from 421
2026/06/13 12:15:55 [notice] 1#1: unknown process 421 exited with code 0
2026/06/13 12:16:25 [notice] 1#1: signal 17 (SIGCHLD) received from 428
2026/06/13 12:16:25 [notice] 1#1: unknown process 428 exited with code 0
2026/06/13 12:16:56 [notice] 1#1: signal 17 (SIGCHLD) received from 435
2026/06/13 12:16:56 [notice] 1#1: unknown process 435 exited with code 0
2026/06/13 12:17:26 [notice] 1#1: signal 17 (SIGCHLD) received from 442
2026/06/13 12:17:26 [notice] 1#1: unknown process 442 exited with code 0
2026/06/13 12:17:56 [notice] 1#1: signal 17 (SIGCHLD) received from 449
2026/06/13 12:17:56 [notice] 1#1: unknown process 449 exited with code 0
2026/06/13 12:18:27 [notice] 1#1: signal 17 (SIGCHLD) received from 456
2026/06/13 12:18:27 [notice] 1#1: unknown process 456 exited with code 0
2026/06/13 12:18:57 [notice] 1#1: signal 17 (SIGCHLD) received from 463
2026/06/13 12:18:57 [notice] 1#1: unknown process 463 exited with code 0
2026/06/13 12:19:27 [notice] 1#1: signal 17 (SIGCHLD) received from 470
2026/06/13 12:19:27 [notice] 1#1: unknown process 470 exited with code 0
2026/06/13 12:19:57 [notice] 1#1: signal 17 (SIGCHLD) received from 477
2026/06/13 12:19:57 [notice] 1#1: unknown process 477 exited with code 0
2026/06/13 12:20:27 [notice] 1#1: signal 17 (SIGCHLD) received from 484
2026/06/13 12:20:27 [notice] 1#1: unknown process 484 exited with code 0
2026/06/13 12:20:58 [notice] 1#1: signal 17 (SIGCHLD) received from 491
2026/06/13 12:20:58 [notice] 1#1: unknown process 491 exited with code 0
2026/06/13 12:21:28 [notice] 1#1: signal 17 (SIGCHLD) received from 498
2026/06/13 12:21:28 [notice] 1#1: unknown process 498 exited with code 0
2026/06/13 12:21:58 [notice] 1#1: signal 17 (SIGCHLD) received from 505
2026/06/13 12:21:58 [notice] 1#1: unknown process 505 exited with code 0
2026/06/13 12:22:28 [notice] 1#1: signal 17 (SIGCHLD) received from 512
2026/06/13 12:22:28 [notice] 1#1: unknown process 512 exited with code 0
2026/06/13 12:22:59 [notice] 1#1: signal 17 (SIGCHLD) received from 519
2026/06/13 12:22:59 [notice] 1#1: unknown process 519 exited with code 0
2026/06/13 12:23:29 [notice] 1#1: signal 17 (SIGCHLD) received from 526
2026/06/13 12:23:29 [notice] 1#1: unknown process 526 exited with code 0
2026/06/13 12:23:59 [notice] 1#1: signal 17 (SIGCHLD) received from 533
2026/06/13 12:23:59 [notice] 1#1: unknown process 533 exited with code 0
2026/06/13 12:24:29 [notice] 1#1: signal 17 (SIGCHLD) received from 540
2026/06/13 12:24:29 [notice] 1#1: unknown process 540 exited with code 0
2026/06/13 12:25:00 [notice] 1#1: signal 17 (SIGCHLD) received from 547
2026/06/13 12:25:00 [notice] 1#1: unknown process 547 exited with code 0
2026/06/13 12:25:30 [notice] 1#1: signal 17 (SIGCHLD) received from 554
2026/06/13 12:25:30 [notice] 1#1: unknown process 554 exited with code 0
2026/06/13 12:26:00 [notice] 1#1: signal 17 (SIGCHLD) received from 561
2026/06/13 12:26:00 [notice] 1#1: unknown process 561 exited with code 0
2026/06/13 12:26:31 [notice] 1#1: signal 17 (SIGCHLD) received from 568
2026/06/13 12:26:31 [notice] 1#1: unknown process 568 exited with code 0
2026/06/13 12:27:01 [notice] 1#1: signal 17 (SIGCHLD) received from 575
2026/06/13 12:27:01 [notice] 1#1: unknown process 575 exited with code 0
2026/06/13 12:27:31 [notice] 1#1: signal 17 (SIGCHLD) received from 582
2026/06/13 12:27:31 [notice] 1#1: unknown process 582 exited with code 0
2026/06/13 12:28:01 [notice] 1#1: signal 17 (SIGCHLD) received from 589
2026/06/13 12:28:01 [notice] 1#1: unknown process 589 exited with code 0
2026/06/13 12:28:32 [notice] 1#1: signal 17 (SIGCHLD) received from 596
2026/06/13 12:28:32 [notice] 1#1: unknown process 596 exited with code 0
2026/06/13 12:29:02 [notice] 1#1: signal 17 (SIGCHLD) received from 603
2026/06/13 12:29:02 [notice] 1#1: unknown process 603 exited with code 0
2026/06/13 12:29:32 [notice] 1#1: signal 17 (SIGCHLD) received from 610
2026/06/13 12:29:32 [notice] 1#1: unknown process 610 exited with code 0
2026/06/13 12:30:02 [notice] 1#1: signal 17 (SIGCHLD) received from 617
2026/06/13 12:30:02 [notice] 1#1: unknown process 617 exited with code 0
2026/06/13 12:30:33 [notice] 1#1: signal 17 (SIGCHLD) received from 624
2026/06/13 12:30:33 [notice] 1#1: unknown process 624 exited with code 0
2026/06/13 12:31:03 [notice] 1#1: signal 17 (SIGCHLD) received from 631
2026/06/13 12:31:03 [notice] 1#1: unknown process 631 exited with code 0
2026/06/13 12:31:33 [notice] 1#1: signal 17 (SIGCHLD) received from 638
2026/06/13 12:31:33 [notice] 1#1: unknown process 638 exited with code 0
2026/06/13 12:32:04 [notice] 1#1: signal 17 (SIGCHLD) received from 645
2026/06/13 12:32:04 [notice] 1#1: unknown process 645 exited with code 0
2026/06/13 12:32:34 [notice] 1#1: signal 17 (SIGCHLD) received from 652
2026/06/13 12:32:34 [notice] 1#1: unknown process 652 exited with code 0
2026/06/13 12:33:05 [notice] 1#1: signal 17 (SIGCHLD) received from 659
2026/06/13 12:33:05 [notice] 1#1: unknown process 659 exited with code 0
2026/06/13 12:33:35 [notice] 1#1: signal 17 (SIGCHLD) received from 666
2026/06/13 12:33:35 [notice] 1#1: unknown process 666 exited with code 0
2026/06/13 12:34:05 [notice] 1#1: signal 17 (SIGCHLD) received from 673
2026/06/13 12:34:05 [notice] 1#1: unknown process 673 exited with code 0
2026/06/13 12:34:36 [notice] 1#1: signal 17 (SIGCHLD) received from 680
2026/06/13 12:34:36 [notice] 1#1: unknown process 680 exited with code 0
2026/06/13 12:35:06 [notice] 1#1: signal 17 (SIGCHLD) received from 687
2026/06/13 12:35:06 [notice] 1#1: unknown process 687 exited with code 0
2026/06/13 12:35:36 [notice] 1#1: signal 17 (SIGCHLD) received from 694
2026/06/13 12:35:36 [notice] 1#1: unknown process 694 exited with code 0
2026/06/13 12:36:06 [notice] 1#1: signal 17 (SIGCHLD) received from 701
2026/06/13 12:36:06 [notice] 1#1: unknown process 701 exited with code 0
2026/06/13 12:36:36 [notice] 1#1: signal 17 (SIGCHLD) received from 708
2026/06/13 12:36:36 [notice] 1#1: unknown process 708 exited with code 0
2026/06/13 12:37:07 [notice] 1#1: signal 17 (SIGCHLD) received from 715
2026/06/13 12:37:07 [notice] 1#1: unknown process 715 exited with code 0
2026/06/13 12:37:37 [notice] 1#1: signal 17 (SIGCHLD) received from 721
2026/06/13 12:37:37 [notice] 1#1: unknown process 721 exited with code 0
2026/06/13 12:38:08 [notice] 1#1: signal 17 (SIGCHLD) received from 728
2026/06/13 12:38:08 [notice] 1#1: unknown process 728 exited with code 0
2026/06/13 12:38:38 [notice] 1#1: signal 17 (SIGCHLD) received from 735
2026/06/13 12:38:38 [notice] 1#1: unknown process 735 exited with code 0
2026/06/13 12:39:09 [notice] 1#1: signal 17 (SIGCHLD) received from 741
2026/06/13 12:39:09 [notice] 1#1: unknown process 741 exited with code 0
2026/06/13 12:39:39 [notice] 1#1: signal 17 (SIGCHLD) received from 748
2026/06/13 12:39:39 [notice] 1#1: unknown process 748 exited with code 0
2026/06/13 12:40:09 [notice] 1#1: signal 17 (SIGCHLD) received from 755
2026/06/13 12:40:09 [notice] 1#1: unknown process 755 exited with code 0
2026/06/13 12:40:40 [notice] 1#1: signal 17 (SIGCHLD) received from 762
2026/06/13 12:40:40 [notice] 1#1: unknown process 762 exited with code 0
2026/06/13 12:41:11 [notice] 1#1: signal 17 (SIGCHLD) received from 769
2026/06/13 12:41:11 [notice] 1#1: unknown process 769 exited with code 0
2026/06/13 12:41:41 [notice] 1#1: signal 17 (SIGCHLD) received from 776
2026/06/13 12:41:41 [notice] 1#1: unknown process 776 exited with code 0
2026/06/13 12:42:12 [notice] 1#1: signal 17 (SIGCHLD) received from 783
2026/06/13 12:42:12 [notice] 1#1: unknown process 783 exited with code 0
2026/06/13 12:42:43 [notice] 1#1: signal 17 (SIGCHLD) received from 790
2026/06/13 12:42:43 [notice] 1#1: unknown process 790 exited with code 0
2026/06/13 12:43:15 [notice] 1#1: signal 17 (SIGCHLD) received from 797
2026/06/13 12:43:15 [notice] 1#1: unknown process 797 exited with code 0
2026/06/13 12:43:45 [notice] 1#1: signal 17 (SIGCHLD) received from 804
2026/06/13 12:43:45 [notice] 1#1: unknown process 804 exited with code 0
2026/06/13 12:44:15 [notice] 1#1: signal 17 (SIGCHLD) received from 811
2026/06/13 12:44:15 [notice] 1#1: unknown process 811 exited with code 0
2026/06/13 12:44:46 [notice] 1#1: signal 17 (SIGCHLD) received from 818
2026/06/13 12:44:46 [notice] 1#1: unknown process 818 exited with code 0
2026/06/13 12:45:16 [notice] 1#1: signal 17 (SIGCHLD) received from 825
2026/06/13 12:45:16 [notice] 1#1: unknown process 825 exited with code 0
2026/06/13 12:45:47 [notice] 1#1: signal 17 (SIGCHLD) received from 832
2026/06/13 12:45:47 [notice] 1#1: unknown process 832 exited with code 0
2026/06/13 12:46:17 [notice] 1#1: signal 17 (SIGCHLD) received from 839
2026/06/13 12:46:17 [notice] 1#1: unknown process 839 exited with code 0
2026/06/13 12:46:48 [notice] 1#1: signal 17 (SIGCHLD) received from 846
2026/06/13 12:46:48 [notice] 1#1: unknown process 846 exited with code 0
2026/06/13 12:47:18 [notice] 1#1: signal 17 (SIGCHLD) received from 853
2026/06/13 12:47:18 [notice] 1#1: unknown process 853 exited with code 0
2026/06/13 12:47:48 [notice] 1#1: signal 17 (SIGCHLD) received from 860
2026/06/13 12:47:48 [notice] 1#1: unknown process 860 exited with code 0
2026/06/13 12:48:18 [notice] 1#1: signal 17 (SIGCHLD) received from 867
2026/06/13 12:48:18 [notice] 1#1: unknown process 867 exited with code 0
2026/06/13 12:48:49 [notice] 1#1: signal 17 (SIGCHLD) received from 874
2026/06/13 12:48:49 [notice] 1#1: unknown process 874 exited with code 0
2026/06/13 12:49:19 [notice] 1#1: signal 17 (SIGCHLD) received from 881
2026/06/13 12:49:19 [notice] 1#1: unknown process 881 exited with code 0
2026/06/13 12:49:49 [notice] 1#1: signal 17 (SIGCHLD) received from 888
2026/06/13 12:49:49 [notice] 1#1: unknown process 888 exited with code 0
2026/06/13 12:50:19 [notice] 1#1: signal 17 (SIGCHLD) received from 895
2026/06/13 12:50:19 [notice] 1#1: unknown process 895 exited with code 0
2026/06/13 12:50:50 [notice] 1#1: signal 17 (SIGCHLD) received from 902
2026/06/13 12:50:50 [notice] 1#1: unknown process 902 exited with code 0
2026/06/13 12:51:20 [notice] 1#1: signal 17 (SIGCHLD) received from 909
2026/06/13 12:51:20 [notice] 1#1: unknown process 909 exited with code 0
2026/06/13 12:51:50 [notice] 1#1: signal 17 (SIGCHLD) received from 916
2026/06/13 12:51:50 [notice] 1#1: unknown process 916 exited with code 0
2026/06/13 12:52:20 [notice] 1#1: signal 17 (SIGCHLD) received from 923
2026/06/13 12:52:20 [notice] 1#1: unknown process 923 exited with code 0
2026/06/13 12:52:51 [notice] 1#1: signal 17 (SIGCHLD) received from 930
2026/06/13 12:52:51 [notice] 1#1: unknown process 930 exited with code 0
2026/06/13 12:53:21 [notice] 1#1: signal 17 (SIGCHLD) received from 937
2026/06/13 12:53:21 [notice] 1#1: unknown process 937 exited with code 0
2026/06/13 12:53:51 [notice] 1#1: signal 17 (SIGCHLD) received from 944
2026/06/13 12:53:51 [notice] 1#1: unknown process 944 exited with code 0
2026/06/13 12:54:21 [notice] 1#1: signal 17 (SIGCHLD) received from 951
2026/06/13 12:54:21 [notice] 1#1: unknown process 951 exited with code 0
2026/06/13 12:54:52 [notice] 1#1: signal 17 (SIGCHLD) received from 958
2026/06/13 12:54:52 [notice] 1#1: unknown process 958 exited with code 0
2026/06/13 12:55:22 [notice] 1#1: signal 17 (SIGCHLD) received from 965
2026/06/13 12:55:22 [notice] 1#1: unknown process 965 exited with code 0
2026/06/13 12:55:52 [notice] 1#1: signal 17 (SIGCHLD) received from 972
2026/06/13 12:55:52 [notice] 1#1: unknown process 972 exited with code 0
2026/06/13 12:56:23 [notice] 1#1: signal 17 (SIGCHLD) received from 979
2026/06/13 12:56:23 [notice] 1#1: unknown process 979 exited with code 0
2026/06/13 12:56:53 [notice] 1#1: signal 17 (SIGCHLD) received from 986
2026/06/13 12:56:53 [notice] 1#1: unknown process 986 exited with code 0
2026/06/13 12:57:23 [notice] 1#1: signal 17 (SIGCHLD) received from 993
2026/06/13 12:57:23 [notice] 1#1: unknown process 993 exited with code 0
2026/06/13 12:57:54 [notice] 1#1: signal 17 (SIGCHLD) received from 1000
2026/06/13 12:57:54 [notice] 1#1: unknown process 1000 exited with code 0
2026/06/13 12:58:24 [notice] 1#1: signal 17 (SIGCHLD) received from 1007
2026/06/13 12:58:24 [notice] 1#1: unknown process 1007 exited with code 0
2026/06/13 12:58:55 [notice] 1#1: signal 17 (SIGCHLD) received from 1014
2026/06/13 12:58:55 [notice] 1#1: unknown process 1014 exited with code 0
2026/06/13 12:59:25 [notice] 1#1: signal 17 (SIGCHLD) received from 1021
2026/06/13 12:59:25 [notice] 1#1: unknown process 1021 exited with code 0
2026/06/13 12:59:55 [notice] 1#1: signal 17 (SIGCHLD) received from 1027
2026/06/13 12:59:55 [notice] 1#1: unknown process 1027 exited with code 0
2026/06/13 13:00:26 [notice] 1#1: signal 17 (SIGCHLD) received from 1034
2026/06/13 13:00:26 [notice] 1#1: unknown process 1034 exited with code 0
2026/06/13 13:00:56 [notice] 1#1: signal 17 (SIGCHLD) received from 1041
2026/06/13 13:00:56 [notice] 1#1: unknown process 1041 exited with code 0
2026/06/13 13:01:26 [notice] 1#1: signal 17 (SIGCHLD) received from 1048
2026/06/13 13:01:26 [notice] 1#1: unknown process 1048 exited with code 0
2026/06/13 13:01:57 [notice] 1#1: signal 17 (SIGCHLD) received from 1055
2026/06/13 13:01:57 [notice] 1#1: unknown process 1055 exited with code 0
2026/06/13 13:02:27 [notice] 1#1: signal 17 (SIGCHLD) received from 1062
2026/06/13 13:02:27 [notice] 1#1: unknown process 1062 exited with code 0
2026/06/13 13:02:57 [notice] 1#1: signal 17 (SIGCHLD) received from 1069
2026/06/13 13:02:57 [notice] 1#1: unknown process 1069 exited with code 0
2026/06/13 13:03:28 [notice] 1#1: signal 17 (SIGCHLD) received from 1076
2026/06/13 13:03:28 [notice] 1#1: unknown process 1076 exited with code 0
2026/06/13 13:03:58 [notice] 1#1: signal 17 (SIGCHLD) received from 1083
2026/06/13 13:03:58 [notice] 1#1: unknown process 1083 exited with code 0
2026/06/13 13:04:28 [notice] 1#1: signal 17 (SIGCHLD) received from 1090
2026/06/13 13:04:28 [notice] 1#1: unknown process 1090 exited with code 0
2026/06/13 13:04:58 [notice] 1#1: signal 17 (SIGCHLD) received from 1097
2026/06/13 13:04:58 [notice] 1#1: unknown process 1097 exited with code 0
2026/06/13 13:05:29 [notice] 1#1: signal 17 (SIGCHLD) received from 1104
2026/06/13 13:05:29 [notice] 1#1: unknown process 1104 exited with code 0
2026/06/13 13:05:59 [notice] 1#1: signal 17 (SIGCHLD) received from 1111
2026/06/13 13:05:59 [notice] 1#1: unknown process 1111 exited with code 0
2026/06/13 13:06:29 [notice] 1#1: signal 17 (SIGCHLD) received from 1118
2026/06/13 13:06:29 [notice] 1#1: unknown process 1118 exited with code 0
2026/06/13 13:07:00 [notice] 1#1: signal 17 (SIGCHLD) received from 1125
2026/06/13 13:07:00 [notice] 1#1: unknown process 1125 exited with code 0
2026/06/13 13:07:30 [notice] 1#1: signal 17 (SIGCHLD) received from 1132
2026/06/13 13:07:30 [notice] 1#1: unknown process 1132 exited with code 0
2026/06/13 13:08:00 [notice] 1#1: signal 17 (SIGCHLD) received from 1139
2026/06/13 13:08:00 [notice] 1#1: unknown process 1139 exited with code 0
2026/06/13 13:08:31 [notice] 1#1: signal 17 (SIGCHLD) received from 1146
2026/06/13 13:08:31 [notice] 1#1: unknown process 1146 exited with code 0
2026/06/13 13:09:01 [notice] 1#1: signal 17 (SIGCHLD) received from 1153
2026/06/13 13:09:01 [notice] 1#1: unknown process 1153 exited with code 0
2026/06/13 13:09:31 [notice] 1#1: signal 17 (SIGCHLD) received from 1160
2026/06/13 13:09:31 [notice] 1#1: unknown process 1160 exited with code 0
2026/06/13 13:10:01 [notice] 1#1: signal 17 (SIGCHLD) received from 1167
2026/06/13 13:10:01 [notice] 1#1: unknown process 1167 exited with code 0
2026/06/13 13:10:32 [notice] 1#1: signal 17 (SIGCHLD) received from 1174
2026/06/13 13:10:32 [notice] 1#1: unknown process 1174 exited with code 0
2026/06/13 13:11:02 [notice] 1#1: signal 17 (SIGCHLD) received from 1181
2026/06/13 13:11:02 [notice] 1#1: unknown process 1181 exited with code 0
2026/06/13 13:11:32 [notice] 1#1: signal 17 (SIGCHLD) received from 1188
2026/06/13 13:11:32 [notice] 1#1: unknown process 1188 exited with code 0
2026/06/13 13:12:03 [notice] 1#1: signal 17 (SIGCHLD) received from 1195
2026/06/13 13:12:03 [notice] 1#1: unknown process 1195 exited with code 0
2026/06/13 13:12:33 [notice] 1#1: signal 17 (SIGCHLD) received from 1202
2026/06/13 13:12:33 [notice] 1#1: unknown process 1202 exited with code 0
2026/06/13 13:13:03 [notice] 1#1: signal 17 (SIGCHLD) received from 1209
2026/06/13 13:13:03 [notice] 1#1: unknown process 1209 exited with code 0
2026/06/13 13:13:34 [notice] 1#1: signal 17 (SIGCHLD) received from 1216
2026/06/13 13:13:34 [notice] 1#1: unknown process 1216 exited with code 0
2026/06/13 13:14:05 [notice] 1#1: signal 17 (SIGCHLD) received from 1223
2026/06/13 13:14:05 [notice] 1#1: unknown process 1223 exited with code 0
2026/06/13 13:14:36 [notice] 1#1: signal 17 (SIGCHLD) received from 1230
2026/06/13 13:14:36 [notice] 1#1: unknown process 1230 exited with code 0
2026/06/13 13:15:06 [notice] 1#1: signal 17 (SIGCHLD) received from 1237
2026/06/13 13:15:06 [notice] 1#1: unknown process 1237 exited with code 0
2026/06/13 13:15:36 [notice] 1#1: signal 17 (SIGCHLD) received from 1244
2026/06/13 13:15:36 [notice] 1#1: unknown process 1244 exited with code 0
2026/06/13 13:16:06 [notice] 1#1: signal 17 (SIGCHLD) received from 1251
2026/06/13 13:16:06 [notice] 1#1: unknown process 1251 exited with code 0
2026/06/13 13:16:37 [notice] 1#1: signal 17 (SIGCHLD) received from 1258
2026/06/13 13:16:37 [notice] 1#1: unknown process 1258 exited with code 0
2026/06/13 13:17:07 [notice] 1#1: signal 17 (SIGCHLD) received from 1265
2026/06/13 13:17:07 [notice] 1#1: unknown process 1265 exited with code 0
2026/06/13 13:17:37 [notice] 1#1: signal 17 (SIGCHLD) received from 1272
2026/06/13 13:17:37 [notice] 1#1: unknown process 1272 exited with code 0
2026/06/13 13:18:07 [notice] 1#1: signal 17 (SIGCHLD) received from 1279
2026/06/13 13:18:07 [notice] 1#1: unknown process 1279 exited with code 0
2026/06/13 13:18:38 [notice] 1#1: signal 17 (SIGCHLD) received from 1286
2026/06/13 13:18:38 [notice] 1#1: unknown process 1286 exited with code 0
2026/06/13 13:19:08 [notice] 1#1: signal 17 (SIGCHLD) received from 1293
2026/06/13 13:19:08 [notice] 1#1: unknown process 1293 exited with code 0
2026/06/13 13:19:38 [notice] 1#1: signal 17 (SIGCHLD) received from 1300
2026/06/13 13:19:38 [notice] 1#1: unknown process 1300 exited with code 0
2026/06/13 13:20:08 [notice] 1#1: signal 17 (SIGCHLD) received from 1307
2026/06/13 13:20:08 [notice] 1#1: unknown process 1307 exited with code 0
2026/06/13 13:20:39 [notice] 1#1: signal 17 (SIGCHLD) received from 1314
2026/06/13 13:20:39 [notice] 1#1: unknown process 1314 exited with code 0
2026/06/13 13:21:09 [notice] 1#1: signal 17 (SIGCHLD) received from 1321
2026/06/13 13:21:09 [notice] 1#1: unknown process 1321 exited with code 0
2026/06/13 13:21:40 [notice] 1#1: signal 17 (SIGCHLD) received from 1328
2026/06/13 13:21:40 [notice] 1#1: unknown process 1328 exited with code 0
2026/06/13 13:22:10 [notice] 1#1: signal 17 (SIGCHLD) received from 1335
2026/06/13 13:22:10 [notice] 1#1: unknown process 1335 exited with code 0
2026/06/13 13:22:40 [notice] 1#1: signal 17 (SIGCHLD) received from 1342
2026/06/13 13:22:40 [notice] 1#1: unknown process 1342 exited with code 0
2026/06/13 13:23:11 [notice] 1#1: signal 17 (SIGCHLD) received from 1349
2026/06/13 13:23:11 [notice] 1#1: unknown process 1349 exited with code 0
2026/06/13 13:23:41 [notice] 1#1: signal 17 (SIGCHLD) received from 1356
2026/06/13 13:23:41 [notice] 1#1: unknown process 1356 exited with code 0
2026/06/13 13:24:11 [notice] 1#1: signal 17 (SIGCHLD) received from 1363
2026/06/13 13:24:11 [notice] 1#1: unknown process 1363 exited with code 0
2026/06/13 13:24:41 [notice] 1#1: signal 17 (SIGCHLD) received from 1370
2026/06/13 13:24:41 [notice] 1#1: unknown process 1370 exited with code 0
2026/06/13 13:25:12 [notice] 1#1: signal 17 (SIGCHLD) received from 1377
2026/06/13 13:25:12 [notice] 1#1: unknown process 1377 exited with code 0
2026/06/13 13:25:42 [notice] 1#1: signal 17 (SIGCHLD) received from 1384
2026/06/13 13:25:42 [notice] 1#1: unknown process 1384 exited with code 0
2026/06/13 13:26:12 [notice] 1#1: signal 17 (SIGCHLD) received from 1391
2026/06/13 13:26:12 [notice] 1#1: unknown process 1391 exited with code 0
2026/06/13 13:26:43 [notice] 1#1: signal 17 (SIGCHLD) received from 1398
2026/06/13 13:26:43 [notice] 1#1: unknown process 1398 exited with code 0
2026/06/13 13:27:13 [notice] 1#1: signal 17 (SIGCHLD) received from 1405
2026/06/13 13:27:13 [notice] 1#1: unknown process 1405 exited with code 0
2026/06/13 13:27:43 [notice] 1#1: signal 17 (SIGCHLD) received from 1412
2026/06/13 13:27:43 [notice] 1#1: unknown process 1412 exited with code 0
2026/06/13 13:28:13 [notice] 1#1: signal 17 (SIGCHLD) received from 1419
2026/06/13 13:28:13 [notice] 1#1: unknown process 1419 exited with code 0
2026/06/13 13:28:44 [notice] 1#1: signal 17 (SIGCHLD) received from 1426
2026/06/13 13:28:44 [notice] 1#1: unknown process 1426 exited with code 0
2026/06/13 13:29:14 [notice] 1#1: signal 17 (SIGCHLD) received from 1433
2026/06/13 13:29:14 [notice] 1#1: unknown process 1433 exited with code 0
2026/06/13 13:29:45 [notice] 1#1: signal 17 (SIGCHLD) received from 1440
2026/06/13 13:29:45 [notice] 1#1: unknown process 1440 exited with code 0
2026/06/13 13:30:15 [notice] 1#1: signal 17 (SIGCHLD) received from 1447
2026/06/13 13:30:15 [notice] 1#1: unknown process 1447 exited with code 0
2026/06/13 13:30:45 [notice] 1#1: signal 17 (SIGCHLD) received from 1454
2026/06/13 13:30:45 [notice] 1#1: unknown process 1454 exited with code 0
2026/06/13 13:31:16 [notice] 1#1: signal 17 (SIGCHLD) received from 1461
2026/06/13 13:31:16 [notice] 1#1: unknown process 1461 exited with code 0
2026/06/13 13:31:46 [notice] 1#1: signal 17 (SIGCHLD) received from 1468
2026/06/13 13:31:46 [notice] 1#1: unknown process 1468 exited with code 0
2026/06/13 13:32:17 [notice] 1#1: signal 17 (SIGCHLD) received from 1475
2026/06/13 13:32:17 [notice] 1#1: unknown process 1475 exited with code 0
2026/06/13 13:32:47 [notice] 1#1: signal 17 (SIGCHLD) received from 1482
2026/06/13 13:32:47 [notice] 1#1: unknown process 1482 exited with code 0
2026/06/13 13:33:17 [notice] 1#1: signal 17 (SIGCHLD) received from 1489
2026/06/13 13:33:17 [notice] 1#1: unknown process 1489 exited with code 0
2026/06/13 13:33:47 [notice] 1#1: signal 17 (SIGCHLD) received from 1496
2026/06/13 13:33:47 [notice] 1#1: unknown process 1496 exited with code 0
2026/06/13 13:34:18 [notice] 1#1: signal 17 (SIGCHLD) received from 1503
2026/06/13 13:34:18 [notice] 1#1: unknown process 1503 exited with code 0
2026/06/13 13:34:48 [notice] 1#1: signal 17 (SIGCHLD) received from 1510
2026/06/13 13:34:48 [notice] 1#1: unknown process 1510 exited with code 0
2026/06/13 13:35:18 [notice] 1#1: signal 17 (SIGCHLD) received from 1517
2026/06/13 13:35:18 [notice] 1#1: unknown process 1517 exited with code 0
2026/06/13 13:35:48 [notice] 1#1: signal 17 (SIGCHLD) received from 1524
2026/06/13 13:35:48 [notice] 1#1: unknown process 1524 exited with code 0
2026/06/13 13:36:19 [notice] 1#1: signal 17 (SIGCHLD) received from 1531
2026/06/13 13:36:19 [notice] 1#1: unknown process 1531 exited with code 0
2026/06/13 13:36:49 [notice] 1#1: signal 17 (SIGCHLD) received from 1538
2026/06/13 13:36:49 [notice] 1#1: unknown process 1538 exited with code 0
2026/06/13 13:37:20 [notice] 1#1: signal 17 (SIGCHLD) received from 1545
2026/06/13 13:37:20 [notice] 1#1: unknown process 1545 exited with code 0
2026/06/13 13:37:50 [notice] 1#1: signal 17 (SIGCHLD) received from 1552
2026/06/13 13:37:50 [notice] 1#1: unknown process 1552 exited with code 0
2026/06/13 13:38:21 [notice] 1#1: signal 17 (SIGCHLD) received from 1559
2026/06/13 13:38:21 [notice] 1#1: unknown process 1559 exited with code 0
2026/06/13 13:38:51 [notice] 1#1: signal 17 (SIGCHLD) received from 1566
2026/06/13 13:38:51 [notice] 1#1: unknown process 1566 exited with code 0
2026/06/13 13:39:21 [notice] 1#1: signal 17 (SIGCHLD) received from 1573
2026/06/13 13:39:21 [notice] 1#1: unknown process 1573 exited with code 0
2026/06/13 13:39:52 [notice] 1#1: signal 17 (SIGCHLD) received from 1580
2026/06/13 13:39:52 [notice] 1#1: unknown process 1580 exited with code 0
2026/06/13 13:40:22 [notice] 1#1: signal 17 (SIGCHLD) received from 1587
2026/06/13 13:40:22 [notice] 1#1: unknown process 1587 exited with code 0
2026/06/13 13:40:52 [notice] 1#1: signal 17 (SIGCHLD) received from 1594
2026/06/13 13:40:52 [notice] 1#1: unknown process 1594 exited with code 0
2026/06/13 13:41:23 [notice] 1#1: signal 17 (SIGCHLD) received from 1601
2026/06/13 13:41:23 [notice] 1#1: unknown process 1601 exited with code 0
2026/06/13 13:41:53 [notice] 1#1: signal 17 (SIGCHLD) received from 1608
2026/06/13 13:41:53 [notice] 1#1: unknown process 1608 exited with code 0
2026/06/13 13:42:23 [notice] 1#1: signal 17 (SIGCHLD) received from 1615
2026/06/13 13:42:23 [notice] 1#1: unknown process 1615 exited with code 0
2026/06/13 13:42:53 [notice] 1#1: signal 17 (SIGCHLD) received from 1622
2026/06/13 13:42:53 [notice] 1#1: unknown process 1622 exited with code 0
2026/06/13 13:43:24 [notice] 1#1: signal 17 (SIGCHLD) received from 1629
2026/06/13 13:43:24 [notice] 1#1: unknown process 1629 exited with code 0
2026/06/13 13:43:54 [notice] 1#1: signal 17 (SIGCHLD) received from 1636
2026/06/13 13:43:54 [notice] 1#1: unknown process 1636 exited with code 0
2026/06/13 13:44:24 [notice] 1#1: signal 17 (SIGCHLD) received from 1643
2026/06/13 13:44:24 [notice] 1#1: unknown process 1643 exited with code 0
2026/06/13 13:44:55 [notice] 1#1: signal 17 (SIGCHLD) received from 1650
2026/06/13 13:44:55 [notice] 1#1: unknown process 1650 exited with code 0
2026/06/13 13:45:25 [notice] 1#1: signal 17 (SIGCHLD) received from 1657
2026/06/13 13:45:25 [notice] 1#1: unknown process 1657 exited with code 0
2026/06/13 13:45:55 [notice] 1#1: signal 17 (SIGCHLD) received from 1664
2026/06/13 13:45:55 [notice] 1#1: unknown process 1664 exited with code 0
2026/06/13 13:46:25 [notice] 1#1: signal 17 (SIGCHLD) received from 1671
2026/06/13 13:46:25 [notice] 1#1: unknown process 1671 exited with code 0
2026/06/13 13:46:56 [notice] 1#1: signal 17 (SIGCHLD) received from 1678
2026/06/13 13:46:56 [notice] 1#1: unknown process 1678 exited with code 0
2026/06/13 13:47:26 [notice] 1#1: signal 17 (SIGCHLD) received from 1685
2026/06/13 13:47:26 [notice] 1#1: unknown process 1685 exited with code 0
2026/06/13 13:47:56 [notice] 1#1: signal 17 (SIGCHLD) received from 1692
2026/06/13 13:47:56 [notice] 1#1: unknown process 1692 exited with code 0
2026/06/13 13:48:26 [notice] 1#1: signal 17 (SIGCHLD) received from 1699
2026/06/13 13:48:26 [notice] 1#1: unknown process 1699 exited with code 0
2026/06/13 13:48:56 [notice] 1#1: signal 17 (SIGCHLD) received from 1706
2026/06/13 13:48:56 [notice] 1#1: unknown process 1706 exited with code 0
2026/06/13 13:49:27 [notice] 1#1: signal 17 (SIGCHLD) received from 1713
2026/06/13 13:49:27 [notice] 1#1: unknown process 1713 exited with code 0
2026/06/13 13:49:57 [notice] 1#1: signal 17 (SIGCHLD) received from 1720
2026/06/13 13:49:57 [notice] 1#1: unknown process 1720 exited with code 0
2026/06/13 13:50:28 [notice] 1#1: signal 17 (SIGCHLD) received from 1727
2026/06/13 13:50:28 [notice] 1#1: unknown process 1727 exited with code 0
2026/06/13 13:50:59 [notice] 1#1: signal 17 (SIGCHLD) received from 1734
2026/06/13 13:50:59 [notice] 1#1: unknown process 1734 exited with code 0
2026/06/13 13:51:29 [notice] 1#1: signal 17 (SIGCHLD) received from 1741
2026/06/13 13:51:29 [notice] 1#1: unknown process 1741 exited with code 0
2026/06/13 13:51:59 [notice] 1#1: signal 17 (SIGCHLD) received from 1749
2026/06/13 13:51:59 [notice] 1#1: unknown process 1749 exited with code 0
2026/06/13 13:52:30 [notice] 1#1: signal 17 (SIGCHLD) received from 1756
2026/06/13 13:52:30 [notice] 1#1: unknown process 1756 exited with code 0
2026/06/13 13:53:00 [notice] 1#1: signal 17 (SIGCHLD) received from 1763
2026/06/13 13:53:00 [notice] 1#1: unknown process 1763 exited with code 0
2026/06/13 13:53:31 [notice] 1#1: signal 17 (SIGCHLD) received from 1770
2026/06/13 13:53:31 [notice] 1#1: unknown process 1770 exited with code 0
2026/06/13 13:54:01 [notice] 1#1: signal 17 (SIGCHLD) received from 1777
2026/06/13 13:54:01 [notice] 1#1: unknown process 1777 exited with code 0
2026/06/13 13:54:32 [notice] 1#1: signal 17 (SIGCHLD) received from 1784
2026/06/13 13:54:32 [notice] 1#1: unknown process 1784 exited with code 0
2026/06/13 13:55:02 [notice] 1#1: signal 17 (SIGCHLD) received from 1791
2026/06/13 13:55:02 [notice] 1#1: unknown process 1791 exited with code 0
2026/06/13 13:55:32 [notice] 1#1: signal 17 (SIGCHLD) received from 1798
2026/06/13 13:55:32 [notice] 1#1: unknown process 1798 exited with code 0
2026/06/13 13:56:03 [notice] 1#1: signal 17 (SIGCHLD) received from 1805
2026/06/13 13:56:03 [notice] 1#1: unknown process 1805 exited with code 0
2026/06/13 13:56:33 [notice] 1#1: signal 17 (SIGCHLD) received from 1812
2026/06/13 13:56:33 [notice] 1#1: unknown process 1812 exited with code 0
2026/06/13 13:57:03 [notice] 1#1: signal 17 (SIGCHLD) received from 1819
2026/06/13 13:57:03 [notice] 1#1: unknown process 1819 exited with code 0
2026/06/13 13:57:34 [notice] 1#1: signal 17 (SIGCHLD) received from 1826
2026/06/13 13:57:34 [notice] 1#1: unknown process 1826 exited with code 0
2026/06/13 13:58:04 [notice] 1#1: signal 17 (SIGCHLD) received from 1833
2026/06/13 13:58:04 [notice] 1#1: unknown process 1833 exited with code 0
2026/06/13 13:58:34 [notice] 1#1: signal 17 (SIGCHLD) received from 1840
2026/06/13 13:58:34 [notice] 1#1: unknown process 1840 exited with code 0
2026/06/13 13:59:04 [notice] 1#1: signal 17 (SIGCHLD) received from 1847
2026/06/13 13:59:04 [notice] 1#1: unknown process 1847 exited with code 0
2026/06/13 13:59:34 [notice] 1#1: signal 17 (SIGCHLD) received from 1854
2026/06/13 13:59:34 [notice] 1#1: unknown process 1854 exited with code 0
2026/06/13 14:00:04 [notice] 1#1: signal 17 (SIGCHLD) received from 1861
2026/06/13 14:00:04 [notice] 1#1: unknown process 1861 exited with code 0
2026/06/13 14:00:34 [notice] 1#1: signal 17 (SIGCHLD) received from 1868
2026/06/13 14:00:34 [notice] 1#1: unknown process 1868 exited with code 0
2026/06/13 14:01:05 [notice] 1#1: signal 17 (SIGCHLD) received from 1875
2026/06/13 14:01:05 [notice] 1#1: unknown process 1875 exited with code 0
2026/06/13 14:01:35 [notice] 1#1: signal 17 (SIGCHLD) received from 1882
2026/06/13 14:01:35 [notice] 1#1: unknown process 1882 exited with code 0
2026/06/13 14:02:05 [notice] 1#1: signal 17 (SIGCHLD) received from 1889
2026/06/13 14:02:05 [notice] 1#1: unknown process 1889 exited with code 0
2026/06/13 14:02:36 [notice] 1#1: signal 17 (SIGCHLD) received from 1896
2026/06/13 14:02:36 [notice] 1#1: unknown process 1896 exited with code 0
2026/06/13 14:03:06 [notice] 1#1: signal 17 (SIGCHLD) received from 1903
2026/06/13 14:03:06 [notice] 1#1: unknown process 1903 exited with code 0
2026/06/13 14:03:36 [notice] 1#1: signal 17 (SIGCHLD) received from 1910
2026/06/13 14:03:36 [notice] 1#1: unknown process 1910 exited with code 0
2026/06/13 14:04:06 [notice] 1#1: signal 17 (SIGCHLD) received from 1917
2026/06/13 14:04:06 [notice] 1#1: unknown process 1917 exited with code 0
2026/06/13 14:04:36 [notice] 1#1: signal 17 (SIGCHLD) received from 1924
2026/06/13 14:04:36 [notice] 1#1: unknown process 1924 exited with code 0
2026/06/13 14:05:06 [notice] 1#1: signal 17 (SIGCHLD) received from 1931
2026/06/13 14:05:06 [notice] 1#1: unknown process 1931 exited with code 0
2026/06/13 14:05:37 [notice] 1#1: signal 17 (SIGCHLD) received from 1938
2026/06/13 14:05:37 [notice] 1#1: unknown process 1938 exited with code 0
2026/06/13 14:06:07 [notice] 1#1: signal 17 (SIGCHLD) received from 1945
2026/06/13 14:06:07 [notice] 1#1: unknown process 1945 exited with code 0
2026/06/13 14:06:37 [notice] 1#1: signal 17 (SIGCHLD) received from 1952
2026/06/13 14:06:37 [notice] 1#1: unknown process 1952 exited with code 0
2026/06/13 14:07:08 [notice] 1#1: signal 17 (SIGCHLD) received from 1959
2026/06/13 14:07:08 [notice] 1#1: unknown process 1959 exited with code 0
2026/06/13 14:07:38 [notice] 1#1: signal 17 (SIGCHLD) received from 1966
2026/06/13 14:07:38 [notice] 1#1: unknown process 1966 exited with code 0
2026/06/13 14:08:08 [notice] 1#1: signal 17 (SIGCHLD) received from 1973
2026/06/13 14:08:08 [notice] 1#1: unknown process 1973 exited with code 0
2026/06/13 14:08:38 [notice] 1#1: signal 17 (SIGCHLD) received from 1980
2026/06/13 14:08:38 [notice] 1#1: unknown process 1980 exited with code 0
2026/06/13 14:09:09 [notice] 1#1: signal 17 (SIGCHLD) received from 1987
2026/06/13 14:09:09 [notice] 1#1: unknown process 1987 exited with code 0
2026/06/13 14:09:39 [notice] 1#1: signal 17 (SIGCHLD) received from 1994
2026/06/13 14:09:39 [notice] 1#1: unknown process 1994 exited with code 0
2026/06/13 14:10:10 [notice] 1#1: signal 17 (SIGCHLD) received from 2001
2026/06/13 14:10:10 [notice] 1#1: unknown process 2001 exited with code 0
2026/06/13 14:10:40 [notice] 1#1: signal 17 (SIGCHLD) received from 2008
2026/06/13 14:10:40 [notice] 1#1: unknown process 2008 exited with code 0
2026/06/13 14:11:11 [notice] 1#1: signal 17 (SIGCHLD) received from 2015
2026/06/13 14:11:11 [notice] 1#1: unknown process 2015 exited with code 0
2026/06/13 14:11:41 [notice] 1#1: signal 17 (SIGCHLD) received from 2022
2026/06/13 14:11:41 [notice] 1#1: unknown process 2022 exited with code 0
2026/06/13 14:12:11 [notice] 1#1: signal 17 (SIGCHLD) received from 2029
2026/06/13 14:12:11 [notice] 1#1: unknown process 2029 exited with code 0
2026/06/13 14:12:42 [notice] 1#1: signal 17 (SIGCHLD) received from 2036
2026/06/13 14:12:42 [notice] 1#1: unknown process 2036 exited with code 0
2026/06/13 14:13:12 [notice] 1#1: signal 17 (SIGCHLD) received from 2043
2026/06/13 14:13:12 [notice] 1#1: unknown process 2043 exited with code 0
2026/06/13 14:13:42 [notice] 1#1: signal 17 (SIGCHLD) received from 2050
2026/06/13 14:13:42 [notice] 1#1: unknown process 2050 exited with code 0
2026/06/13 14:14:13 [notice] 1#1: signal 17 (SIGCHLD) received from 2057
2026/06/13 14:14:13 [notice] 1#1: unknown process 2057 exited with code 0
2026/06/13 14:14:44 [notice] 1#1: signal 17 (SIGCHLD) received from 2064
2026/06/13 14:14:44 [notice] 1#1: unknown process 2064 exited with code 0
2026/06/13 14:15:15 [notice] 1#1: signal 17 (SIGCHLD) received from 2071
2026/06/13 14:15:15 [notice] 1#1: unknown process 2071 exited with code 0
2026/06/13 14:15:45 [notice] 1#1: signal 17 (SIGCHLD) received from 2078
2026/06/13 14:15:45 [notice] 1#1: unknown process 2078 exited with code 0
2026/06/13 14:16:16 [notice] 1#1: signal 17 (SIGCHLD) received from 2085
2026/06/13 14:16:16 [notice] 1#1: unknown process 2085 exited with code 0
2026/06/13 14:16:46 [notice] 1#1: signal 17 (SIGCHLD) received from 2092
2026/06/13 14:16:46 [notice] 1#1: unknown process 2092 exited with code 0
2026/06/13 14:17:16 [notice] 1#1: signal 17 (SIGCHLD) received from 2099
2026/06/13 14:17:16 [notice] 1#1: unknown process 2099 exited with code 0
2026/06/13 14:17:47 [notice] 1#1: signal 17 (SIGCHLD) received from 2106
2026/06/13 14:17:47 [notice] 1#1: unknown process 2106 exited with code 0
2026/06/13 14:18:17 [notice] 1#1: signal 17 (SIGCHLD) received from 2113
2026/06/13 14:18:17 [notice] 1#1: unknown process 2113 exited with code 0
2026/06/13 14:18:47 [notice] 1#1: signal 17 (SIGCHLD) received from 2120
2026/06/13 14:18:47 [notice] 1#1: unknown process 2120 exited with code 0
2026/06/13 14:19:18 [notice] 1#1: signal 17 (SIGCHLD) received from 2127
2026/06/13 14:19:18 [notice] 1#1: unknown process 2127 exited with code 0
2026/06/13 14:19:48 [notice] 1#1: signal 17 (SIGCHLD) received from 2134
2026/06/13 14:19:48 [notice] 1#1: unknown process 2134 exited with code 0
2026/06/13 14:20:18 [notice] 1#1: signal 17 (SIGCHLD) received from 2141
2026/06/13 14:20:18 [notice] 1#1: unknown process 2141 exited with code 0
2026/06/13 14:20:49 [notice] 1#1: signal 17 (SIGCHLD) received from 2148
2026/06/13 14:20:49 [notice] 1#1: unknown process 2148 exited with code 0
2026/06/13 14:21:19 [notice] 1#1: signal 17 (SIGCHLD) received from 2155
2026/06/13 14:21:19 [notice] 1#1: unknown process 2155 exited with code 0
2026/06/13 14:21:50 [notice] 1#1: signal 17 (SIGCHLD) received from 2162
2026/06/13 14:21:50 [notice] 1#1: unknown process 2162 exited with code 0
2026/06/13 14:22:20 [notice] 1#1: signal 17 (SIGCHLD) received from 2169
2026/06/13 14:22:20 [notice] 1#1: unknown process 2169 exited with code 0
2026/06/13 14:22:50 [notice] 1#1: signal 17 (SIGCHLD) received from 2176
2026/06/13 14:22:50 [notice] 1#1: unknown process 2176 exited with code 0
2026/06/13 14:23:21 [notice] 1#1: signal 17 (SIGCHLD) received from 2183
2026/06/13 14:23:21 [notice] 1#1: unknown process 2183 exited with code 0
2026/06/13 14:23:51 [notice] 1#1: signal 17 (SIGCHLD) received from 2191
2026/06/13 14:23:51 [notice] 1#1: unknown process 2191 exited with code 0
2026/06/13 14:24:21 [notice] 1#1: signal 17 (SIGCHLD) received from 2198
2026/06/13 14:24:21 [notice] 1#1: unknown process 2198 exited with code 0
2026/06/13 14:24:51 [notice] 1#1: signal 17 (SIGCHLD) received from 2205
2026/06/13 14:24:51 [notice] 1#1: unknown process 2205 exited with code 0
2026/06/13 14:25:22 [notice] 1#1: signal 17 (SIGCHLD) received from 2212
2026/06/13 14:25:22 [notice] 1#1: unknown process 2212 exited with code 0
2026/06/13 14:25:52 [notice] 1#1: signal 17 (SIGCHLD) received from 2219
2026/06/13 14:25:52 [notice] 1#1: unknown process 2219 exited with code 0
2026/06/13 14:26:22 [notice] 1#1: signal 17 (SIGCHLD) received from 2227
2026/06/13 14:26:22 [notice] 1#1: unknown process 2227 exited with code 0
2026/06/13 14:26:53 [notice] 1#1: signal 17 (SIGCHLD) received from 2234
2026/06/13 14:26:53 [notice] 1#1: unknown process 2234 exited with code 0
2026/06/13 14:27:23 [notice] 1#1: signal 17 (SIGCHLD) received from 2241
2026/06/13 14:27:23 [notice] 1#1: unknown process 2241 exited with code 0
2026/06/13 14:27:53 [notice] 1#1: signal 17 (SIGCHLD) received from 2248
2026/06/13 14:27:53 [notice] 1#1: unknown process 2248 exited with code 0
2026/06/13 14:28:24 [notice] 1#1: signal 17 (SIGCHLD) received from 2255
2026/06/13 14:28:24 [notice] 1#1: unknown process 2255 exited with code 0
2026/06/13 14:28:54 [notice] 1#1: signal 17 (SIGCHLD) received from 2262
2026/06/13 14:28:54 [notice] 1#1: unknown process 2262 exited with code 0
2026/06/13 14:29:25 [notice] 1#1: signal 17 (SIGCHLD) received from 2269
2026/06/13 14:29:25 [notice] 1#1: unknown process 2269 exited with code 0
2026/06/13 14:29:55 [notice] 1#1: signal 17 (SIGCHLD) received from 2276
2026/06/13 14:29:55 [notice] 1#1: unknown process 2276 exited with code 0
2026/06/13 14:30:25 [notice] 1#1: signal 17 (SIGCHLD) received from 2284
2026/06/13 14:30:25 [notice] 1#1: unknown process 2284 exited with code 0
2026/06/13 14:30:56 [notice] 1#1: signal 17 (SIGCHLD) received from 2291
2026/06/13 14:30:56 [notice] 1#1: unknown process 2291 exited with code 0
2026/06/13 14:31:26 [notice] 1#1: signal 17 (SIGCHLD) received from 2298
2026/06/13 14:31:26 [notice] 1#1: unknown process 2298 exited with code 0
2026/06/13 14:31:56 [notice] 1#1: signal 17 (SIGCHLD) received from 2305
2026/06/13 14:31:56 [notice] 1#1: unknown process 2305 exited with code 0
2026/06/13 14:32:27 [notice] 1#1: signal 17 (SIGCHLD) received from 2312
2026/06/13 14:32:27 [notice] 1#1: unknown process 2312 exited with code 0
2026/06/13 14:32:58 [notice] 1#1: signal 17 (SIGCHLD) received from 2319
2026/06/13 14:32:58 [notice] 1#1: unknown process 2319 exited with code 0
2026/06/13 14:33:28 [notice] 1#1: signal 17 (SIGCHLD) received from 2325
2026/06/13 14:33:28 [notice] 1#1: unknown process 2325 exited with code 0
2026/06/13 14:33:59 [notice] 1#1: signal 17 (SIGCHLD) received from 2332
2026/06/13 14:33:59 [notice] 1#1: unknown process 2332 exited with code 0
2026/06/13 14:34:29 [notice] 1#1: signal 17 (SIGCHLD) received from 2339
2026/06/13 14:34:29 [notice] 1#1: unknown process 2339 exited with code 0
2026/06/13 14:35:00 [notice] 1#1: signal 17 (SIGCHLD) received from 2346
2026/06/13 14:35:00 [notice] 1#1: unknown process 2346 exited with code 0
2026/06/13 14:35:30 [notice] 1#1: signal 17 (SIGCHLD) received from 2353
2026/06/13 14:35:30 [notice] 1#1: unknown process 2353 exited with code 0
2026/06/13 14:36:01 [notice] 1#1: signal 17 (SIGCHLD) received from 2360
2026/06/13 14:36:01 [notice] 1#1: unknown process 2360 exited with code 0
2026/06/13 14:36:31 [notice] 1#1: signal 17 (SIGCHLD) received from 2367
2026/06/13 14:36:31 [notice] 1#1: unknown process 2367 exited with code 0
2026/06/13 14:37:02 [notice] 1#1: signal 17 (SIGCHLD) received from 2374
2026/06/13 14:37:02 [notice] 1#1: unknown process 2374 exited with code 0
2026/06/13 14:37:32 [notice] 1#1: signal 17 (SIGCHLD) received from 2381
2026/06/13 14:37:32 [notice] 1#1: unknown process 2381 exited with code 0
2026/06/13 14:38:02 [notice] 1#1: signal 17 (SIGCHLD) received from 2388
2026/06/13 14:38:02 [notice] 1#1: unknown process 2388 exited with code 0
2026/06/13 14:38:32 [notice] 1#1: signal 17 (SIGCHLD) received from 2395
2026/06/13 14:38:32 [notice] 1#1: unknown process 2395 exited with code 0
2026/06/13 14:39:04 [notice] 1#1: signal 17 (SIGCHLD) received from 2402
2026/06/13 14:39:04 [notice] 1#1: unknown process 2402 exited with code 0
2026/06/13 14:39:34 [notice] 1#1: signal 17 (SIGCHLD) received from 2409
2026/06/13 14:39:34 [notice] 1#1: unknown process 2409 exited with code 0
2026/06/13 14:40:04 [notice] 1#1: signal 17 (SIGCHLD) received from 2416
2026/06/13 14:40:04 [notice] 1#1: unknown process 2416 exited with code 0
2026/06/13 14:40:34 [notice] 1#1: signal 17 (SIGCHLD) received from 2423
2026/06/13 14:40:34 [notice] 1#1: unknown process 2423 exited with code 0
2026/06/13 14:41:05 [notice] 1#1: signal 17 (SIGCHLD) received from 2430
2026/06/13 14:41:05 [notice] 1#1: unknown process 2430 exited with code 0
2026/06/13 14:41:35 [notice] 1#1: signal 17 (SIGCHLD) received from 2437
2026/06/13 14:41:35 [notice] 1#1: unknown process 2437 exited with code 0
2026/06/13 14:42:05 [notice] 1#1: signal 17 (SIGCHLD) received from 2444
2026/06/13 14:42:05 [notice] 1#1: unknown process 2444 exited with code 0
2026/06/13 14:42:36 [notice] 1#1: signal 17 (SIGCHLD) received from 2451
2026/06/13 14:42:36 [notice] 1#1: unknown process 2451 exited with code 0
2026/06/13 14:43:06 [notice] 1#1: signal 17 (SIGCHLD) received from 2458
2026/06/13 14:43:06 [notice] 1#1: unknown process 2458 exited with code 0
2026/06/13 14:43:36 [notice] 1#1: signal 17 (SIGCHLD) received from 2465
2026/06/13 14:43:36 [notice] 1#1: unknown process 2465 exited with code 0
2026/06/13 14:44:06 [notice] 1#1: signal 17 (SIGCHLD) received from 2471
2026/06/13 14:44:06 [notice] 1#1: unknown process 2471 exited with code 0
2026/06/13 14:44:37 [notice] 1#1: signal 17 (SIGCHLD) received from 2478
2026/06/13 14:44:37 [notice] 1#1: unknown process 2478 exited with code 0
2026/06/13 14:45:07 [notice] 1#1: signal 17 (SIGCHLD) received from 2485
2026/06/13 14:45:07 [notice] 1#1: unknown process 2485 exited with code 0
2026/06/13 14:45:38 [notice] 1#1: signal 17 (SIGCHLD) received from 2492
2026/06/13 14:45:38 [notice] 1#1: unknown process 2492 exited with code 0
2026/06/13 14:46:08 [notice] 1#1: signal 17 (SIGCHLD) received from 2499
2026/06/13 14:46:08 [notice] 1#1: unknown process 2499 exited with code 0
2026/06/13 14:46:38 [notice] 1#1: signal 17 (SIGCHLD) received from 2506
2026/06/13 14:46:38 [notice] 1#1: unknown process 2506 exited with code 0
2026/06/13 14:47:09 [notice] 1#1: signal 17 (SIGCHLD) received from 2513
2026/06/13 14:47:09 [notice] 1#1: unknown process 2513 exited with code 0
2026/06/13 14:47:39 [notice] 1#1: signal 17 (SIGCHLD) received from 2520
2026/06/13 14:47:39 [notice] 1#1: unknown process 2520 exited with code 0
2026/06/13 14:48:09 [notice] 1#1: signal 17 (SIGCHLD) received from 2527
2026/06/13 14:48:09 [notice] 1#1: unknown process 2527 exited with code 0
2026/06/13 14:48:40 [notice] 1#1: signal 17 (SIGCHLD) received from 2534
2026/06/13 14:48:40 [notice] 1#1: unknown process 2534 exited with code 0
2026/06/13 14:49:10 [notice] 1#1: signal 17 (SIGCHLD) received from 2541
2026/06/13 14:49:10 [notice] 1#1: unknown process 2541 exited with code 0
2026/06/13 14:49:40 [notice] 1#1: signal 17 (SIGCHLD) received from 2548
2026/06/13 14:49:40 [notice] 1#1: unknown process 2548 exited with code 0
2026/06/13 14:50:11 [notice] 1#1: signal 17 (SIGCHLD) received from 2555
2026/06/13 14:50:11 [notice] 1#1: unknown process 2555 exited with code 0
2026/06/13 14:50:41 [notice] 1#1: signal 17 (SIGCHLD) received from 2562
2026/06/13 14:50:41 [notice] 1#1: unknown process 2562 exited with code 0
2026/06/13 14:51:12 [notice] 1#1: signal 17 (SIGCHLD) received from 2569
2026/06/13 14:51:12 [notice] 1#1: unknown process 2569 exited with code 0
2026/06/13 14:51:43 [notice] 1#1: signal 17 (SIGCHLD) received from 2576
2026/06/13 14:51:43 [notice] 1#1: unknown process 2576 exited with code 0
2026/06/13 14:52:13 [notice] 1#1: signal 17 (SIGCHLD) received from 2583
2026/06/13 14:52:13 [notice] 1#1: unknown process 2583 exited with code 0
2026/06/13 14:52:44 [notice] 1#1: signal 17 (SIGCHLD) received from 2590
2026/06/13 14:52:44 [notice] 1#1: unknown process 2590 exited with code 0
2026/06/13 14:53:14 [notice] 1#1: signal 17 (SIGCHLD) received from 2597
2026/06/13 14:53:14 [notice] 1#1: unknown process 2597 exited with code 0
2026/06/13 14:53:45 [notice] 1#1: signal 17 (SIGCHLD) received from 2603
2026/06/13 14:53:45 [notice] 1#1: unknown process 2603 exited with code 0
2026/06/13 14:54:15 [notice] 1#1: signal 17 (SIGCHLD) received from 2610
2026/06/13 14:54:15 [notice] 1#1: unknown process 2610 exited with code 0
2026/06/13 14:54:46 [notice] 1#1: signal 17 (SIGCHLD) received from 2617
2026/06/13 14:54:46 [notice] 1#1: unknown process 2617 exited with code 0
2026/06/13 14:55:17 [notice] 1#1: signal 17 (SIGCHLD) received from 2624
2026/06/13 14:55:17 [notice] 1#1: unknown process 2624 exited with code 0
2026/06/13 14:55:48 [notice] 1#1: signal 17 (SIGCHLD) received from 2631
2026/06/13 14:55:48 [notice] 1#1: unknown process 2631 exited with code 0
2026/06/13 14:56:18 [notice] 1#1: signal 17 (SIGCHLD) received from 2638
2026/06/13 14:56:18 [notice] 1#1: unknown process 2638 exited with code 0
2026/06/13 14:56:49 [notice] 1#1: signal 17 (SIGCHLD) received from 2645
2026/06/13 14:56:49 [notice] 1#1: unknown process 2645 exited with code 0
2026/06/13 14:57:19 [notice] 1#1: signal 17 (SIGCHLD) received from 2652
2026/06/13 14:57:19 [notice] 1#1: unknown process 2652 exited with code 0
2026/06/13 14:57:49 [notice] 1#1: signal 17 (SIGCHLD) received from 2659
2026/06/13 14:57:49 [notice] 1#1: unknown process 2659 exited with code 0
2026/06/13 14:58:20 [notice] 1#1: signal 17 (SIGCHLD) received from 2666
2026/06/13 14:58:20 [notice] 1#1: unknown process 2666 exited with code 0
2026/06/13 14:58:50 [notice] 1#1: signal 17 (SIGCHLD) received from 2673
2026/06/13 14:58:50 [notice] 1#1: unknown process 2673 exited with code 0
2026/06/13 14:59:20 [notice] 1#1: signal 17 (SIGCHLD) received from 2680
2026/06/13 14:59:20 [notice] 1#1: unknown process 2680 exited with code 0
2026/06/13 14:59:51 [notice] 1#1: signal 17 (SIGCHLD) received from 2687
2026/06/13 14:59:51 [notice] 1#1: unknown process 2687 exited with code 0
2026/06/13 15:00:21 [notice] 1#1: signal 17 (SIGCHLD) received from 2694
2026/06/13 15:00:21 [notice] 1#1: unknown process 2694 exited with code 0
2026/06/13 15:00:53 [notice] 1#1: signal 17 (SIGCHLD) received from 2701
2026/06/13 15:00:53 [notice] 1#1: unknown process 2701 exited with code 0
2026/06/13 15:01:24 [notice] 1#1: signal 17 (SIGCHLD) received from 2708
2026/06/13 15:01:24 [notice] 1#1: unknown process 2708 exited with code 0
2026/06/13 15:01:54 [notice] 1#1: signal 17 (SIGCHLD) received from 2715
2026/06/13 15:01:54 [notice] 1#1: unknown process 2715 exited with code 0
2026/06/13 15:02:24 [notice] 1#1: signal 17 (SIGCHLD) received from 2722
2026/06/13 15:02:24 [notice] 1#1: unknown process 2722 exited with code 0
2026/06/13 15:02:55 [notice] 1#1: signal 17 (SIGCHLD) received from 2729
2026/06/13 15:02:55 [notice] 1#1: unknown process 2729 exited with code 0
2026/06/13 15:03:25 [notice] 1#1: signal 17 (SIGCHLD) received from 2736
2026/06/13 15:03:25 [notice] 1#1: unknown process 2736 exited with code 0
2026/06/13 15:03:56 [notice] 1#1: signal 17 (SIGCHLD) received from 2743
2026/06/13 15:03:56 [notice] 1#1: unknown process 2743 exited with code 0
2026/06/13 15:04:26 [notice] 1#1: signal 17 (SIGCHLD) received from 2750
2026/06/13 15:04:26 [notice] 1#1: unknown process 2750 exited with code 0
2026/06/13 15:04:56 [notice] 1#1: signal 17 (SIGCHLD) received from 2757
2026/06/13 15:04:56 [notice] 1#1: unknown process 2757 exited with code 0
2026/06/13 15:05:27 [notice] 1#1: signal 17 (SIGCHLD) received from 2764
2026/06/13 15:05:27 [notice] 1#1: unknown process 2764 exited with code 0
2026/06/13 15:05:58 [notice] 1#1: signal 17 (SIGCHLD) received from 2771
2026/06/13 15:05:58 [notice] 1#1: unknown process 2771 exited with code 0
2026/06/13 15:06:28 [notice] 1#1: signal 17 (SIGCHLD) received from 2778
2026/06/13 15:06:28 [notice] 1#1: unknown process 2778 exited with code 0
2026/06/13 15:06:59 [notice] 1#1: signal 17 (SIGCHLD) received from 2785
2026/06/13 15:06:59 [notice] 1#1: unknown process 2785 exited with code 0
2026/06/13 15:07:30 [notice] 1#1: signal 17 (SIGCHLD) received from 2792
2026/06/13 15:07:30 [notice] 1#1: unknown process 2792 exited with code 0
2026/06/13 15:08:01 [notice] 1#1: signal 17 (SIGCHLD) received from 2799
2026/06/13 15:08:01 [notice] 1#1: unknown process 2799 exited with code 0
2026/06/13 15:08:31 [notice] 1#1: signal 17 (SIGCHLD) received from 2806
2026/06/13 15:08:31 [notice] 1#1: unknown process 2806 exited with code 0
2026/06/13 15:09:02 [notice] 1#1: signal 17 (SIGCHLD) received from 2813
2026/06/13 15:09:02 [notice] 1#1: unknown process 2813 exited with code 0
2026/06/13 15:09:33 [notice] 1#1: signal 17 (SIGCHLD) received from 2820
2026/06/13 15:09:33 [notice] 1#1: unknown process 2820 exited with code 0
2026/06/13 15:10:03 [notice] 1#1: signal 17 (SIGCHLD) received from 2827
2026/06/13 15:10:03 [notice] 1#1: unknown process 2827 exited with code 0
2026/06/13 15:10:34 [notice] 1#1: signal 17 (SIGCHLD) received from 2834
2026/06/13 15:10:34 [notice] 1#1: unknown process 2834 exited with code 0
2026/06/13 15:11:06 [notice] 1#1: signal 17 (SIGCHLD) received from 2841
2026/06/13 15:11:06 [notice] 1#1: unknown process 2841 exited with code 0
2026/06/13 15:11:37 [notice] 1#1: signal 17 (SIGCHLD) received from 2848
2026/06/13 15:11:37 [notice] 1#1: unknown process 2848 exited with code 0
2026/06/13 15:12:08 [notice] 1#1: signal 17 (SIGCHLD) received from 2855
2026/06/13 15:12:08 [notice] 1#1: unknown process 2855 exited with code 0
2026/06/13 15:12:39 [notice] 1#1: signal 17 (SIGCHLD) received from 2862
2026/06/13 15:12:39 [notice] 1#1: unknown process 2862 exited with code 0
2026/06/13 15:13:09 [notice] 1#1: signal 17 (SIGCHLD) received from 2869
2026/06/13 15:13:09 [notice] 1#1: unknown process 2869 exited with code 0
2026/06/13 15:13:39 [notice] 1#1: signal 17 (SIGCHLD) received from 2876
2026/06/13 15:13:39 [notice] 1#1: unknown process 2876 exited with code 0
2026/06/13 15:14:10 [notice] 1#1: signal 17 (SIGCHLD) received from 2883
2026/06/13 15:14:10 [notice] 1#1: unknown process 2883 exited with code 0
2026/06/13 15:14:41 [notice] 1#1: signal 17 (SIGCHLD) received from 2890
2026/06/13 15:14:41 [notice] 1#1: unknown process 2890 exited with code 0
2026/06/13 15:15:12 [notice] 1#1: signal 17 (SIGCHLD) received from 2897
2026/06/13 15:15:12 [notice] 1#1: unknown process 2897 exited with code 0
2026/06/13 15:15:43 [notice] 1#1: signal 17 (SIGCHLD) received from 2904
2026/06/13 15:15:43 [notice] 1#1: unknown process 2904 exited with code 0
2026/06/13 15:16:15 [notice] 1#1: signal 17 (SIGCHLD) received from 2911
2026/06/13 15:16:15 [notice] 1#1: unknown process 2911 exited with code 0
2026/06/13 15:16:46 [notice] 1#1: signal 17 (SIGCHLD) received from 2918
2026/06/13 15:16:46 [notice] 1#1: unknown process 2918 exited with code 0
2026/06/13 15:17:17 [notice] 1#1: signal 17 (SIGCHLD) received from 2925
2026/06/13 15:17:17 [notice] 1#1: unknown process 2925 exited with code 0
2026/06/13 15:17:50 [notice] 1#1: signal 17 (SIGCHLD) received from 2932
2026/06/13 15:17:50 [notice] 1#1: unknown process 2932 exited with code 0
2026/06/13 15:18:20 [notice] 1#1: signal 17 (SIGCHLD) received from 2939
2026/06/13 15:18:20 [notice] 1#1: unknown process 2939 exited with code 0
2026/06/13 15:18:51 [notice] 1#1: signal 17 (SIGCHLD) received from 2946
2026/06/13 15:18:51 [notice] 1#1: unknown process 2946 exited with code 0
2026/06/13 15:19:23 [notice] 1#1: signal 17 (SIGCHLD) received from 2953
2026/06/13 15:19:23 [notice] 1#1: unknown process 2953 exited with code 0
2026/06/13 15:19:54 [notice] 1#1: signal 17 (SIGCHLD) received from 2960
2026/06/13 15:19:54 [notice] 1#1: unknown process 2960 exited with code 0
2026/06/13 15:20:26 [notice] 1#1: signal 17 (SIGCHLD) received from 2967
2026/06/13 15:20:26 [notice] 1#1: unknown process 2967 exited with code 0
2026/06/13 15:20:57 [notice] 1#1: signal 17 (SIGCHLD) received from 2974
2026/06/13 15:20:57 [notice] 1#1: unknown process 2974 exited with code 0
2026/06/13 15:21:28 [notice] 1#1: signal 17 (SIGCHLD) received from 2981
2026/06/13 15:21:28 [notice] 1#1: unknown process 2981 exited with code 0
2026/06/13 15:22:00 [notice] 1#1: signal 17 (SIGCHLD) received from 2988
2026/06/13 15:22:00 [notice] 1#1: unknown process 2988 exited with code 0
2026/06/13 15:22:31 [notice] 1#1: signal 17 (SIGCHLD) received from 2995
2026/06/13 15:22:31 [notice] 1#1: unknown process 2995 exited with code 0
2026/06/13 15:23:02 [notice] 1#1: signal 17 (SIGCHLD) received from 3002
2026/06/13 15:23:02 [notice] 1#1: unknown process 3002 exited with code 0
2026/06/13 15:23:33 [notice] 1#1: signal 17 (SIGCHLD) received from 3009
2026/06/13 15:23:33 [notice] 1#1: unknown process 3009 exited with code 0
2026/06/13 15:24:03 [notice] 1#1: signal 17 (SIGCHLD) received from 3016
2026/06/13 15:24:03 [notice] 1#1: unknown process 3016 exited with code 0
2026/06/13 15:24:34 [notice] 1#1: signal 17 (SIGCHLD) received from 3023
2026/06/13 15:24:34 [notice] 1#1: unknown process 3023 exited with code 0
2026/06/13 15:25:05 [notice] 1#1: signal 17 (SIGCHLD) received from 3030
2026/06/13 15:25:05 [notice] 1#1: unknown process 3030 exited with code 0
2026/06/13 15:25:36 [notice] 1#1: signal 17 (SIGCHLD) received from 3037
2026/06/13 15:25:36 [notice] 1#1: unknown process 3037 exited with code 0
2026/06/13 15:26:06 [notice] 1#1: signal 17 (SIGCHLD) received from 3044
2026/06/13 15:26:06 [notice] 1#1: unknown process 3044 exited with code 0
2026/06/13 15:26:38 [notice] 1#1: signal 17 (SIGCHLD) received from 3051
2026/06/13 15:26:38 [notice] 1#1: unknown process 3051 exited with code 0
2026/06/13 15:27:09 [notice] 1#1: signal 17 (SIGCHLD) received from 3058
2026/06/13 15:27:09 [notice] 1#1: unknown process 3058 exited with code 0
2026/06/13 15:27:40 [notice] 1#1: signal 17 (SIGCHLD) received from 3065
2026/06/13 15:27:40 [notice] 1#1: unknown process 3065 exited with code 0
2026/06/13 15:28:10 [notice] 1#1: signal 17 (SIGCHLD) received from 3072
2026/06/13 15:28:10 [notice] 1#1: unknown process 3072 exited with code 0
2026/06/13 15:28:42 [notice] 1#1: signal 17 (SIGCHLD) received from 3079
2026/06/13 15:28:42 [notice] 1#1: unknown process 3079 exited with code 0
2026/06/13 15:29:13 [notice] 1#1: signal 17 (SIGCHLD) received from 3086
2026/06/13 15:29:13 [notice] 1#1: unknown process 3086 exited with code 0
2026/06/13 15:29:44 [notice] 1#1: signal 17 (SIGCHLD) received from 3093
2026/06/13 15:29:44 [notice] 1#1: unknown process 3093 exited with code 0
2026/06/13 15:30:14 [notice] 1#1: signal 17 (SIGCHLD) received from 3100
2026/06/13 15:30:14 [notice] 1#1: unknown process 3100 exited with code 0
2026/06/13 15:30:44 [notice] 1#1: signal 17 (SIGCHLD) received from 3107
2026/06/13 15:30:44 [notice] 1#1: unknown process 3107 exited with code 0
2026/06/13 15:31:15 [notice] 1#1: signal 17 (SIGCHLD) received from 3114
2026/06/13 15:31:15 [notice] 1#1: unknown process 3114 exited with code 0
2026/06/13 15:31:46 [notice] 1#1: signal 17 (SIGCHLD) received from 3121
2026/06/13 15:31:46 [notice] 1#1: unknown process 3121 exited with code 0
2026/06/13 15:32:17 [notice] 1#1: signal 17 (SIGCHLD) received from 3128
2026/06/13 15:32:17 [notice] 1#1: unknown process 3128 exited with code 0
2026/06/13 15:32:47 [notice] 1#1: signal 17 (SIGCHLD) received from 3135
2026/06/13 15:32:47 [notice] 1#1: unknown process 3135 exited with code 0
2026/06/13 15:33:19 [notice] 1#1: signal 17 (SIGCHLD) received from 3142
2026/06/13 15:33:19 [notice] 1#1: unknown process 3142 exited with code 0
2026/06/13 15:33:50 [notice] 1#1: signal 17 (SIGCHLD) received from 3149
2026/06/13 15:33:50 [notice] 1#1: unknown process 3149 exited with code 0
2026/06/13 15:34:21 [notice] 1#1: signal 17 (SIGCHLD) received from 3156
2026/06/13 15:34:21 [notice] 1#1: unknown process 3156 exited with code 0
2026/06/13 15:34:51 [notice] 1#1: signal 17 (SIGCHLD) received from 3163
2026/06/13 15:34:51 [notice] 1#1: unknown process 3163 exited with code 0
2026/06/13 15:35:22 [notice] 1#1: signal 17 (SIGCHLD) received from 3170
2026/06/13 15:35:22 [notice] 1#1: unknown process 3170 exited with code 0
2026/06/13 15:35:53 [notice] 1#1: signal 17 (SIGCHLD) received from 3177
2026/06/13 15:35:53 [notice] 1#1: unknown process 3177 exited with code 0
2026/06/13 15:36:24 [notice] 1#1: signal 17 (SIGCHLD) received from 3184
2026/06/13 15:36:24 [notice] 1#1: unknown process 3184 exited with code 0
2026/06/13 15:36:55 [notice] 1#1: signal 17 (SIGCHLD) received from 3191
2026/06/13 15:36:55 [notice] 1#1: unknown process 3191 exited with code 0
2026/06/13 15:37:25 [notice] 1#1: signal 17 (SIGCHLD) received from 3198
2026/06/13 15:37:25 [notice] 1#1: unknown process 3198 exited with code 0
2026/06/13 15:37:55 [notice] 1#1: signal 17 (SIGCHLD) received from 3205
2026/06/13 15:37:55 [notice] 1#1: unknown process 3205 exited with code 0
2026/06/13 15:38:26 [notice] 1#1: signal 17 (SIGCHLD) received from 3212
2026/06/13 15:38:26 [notice] 1#1: unknown process 3212 exited with code 0
2026/06/13 15:38:57 [notice] 1#1: signal 17 (SIGCHLD) received from 3219
2026/06/13 15:38:57 [notice] 1#1: unknown process 3219 exited with code 0
2026/06/13 15:39:28 [notice] 1#1: signal 17 (SIGCHLD) received from 3226
2026/06/13 15:39:28 [notice] 1#1: unknown process 3226 exited with code 0
2026/06/13 15:40:00 [notice] 1#1: signal 17 (SIGCHLD) received from 3233
2026/06/13 15:40:00 [notice] 1#1: unknown process 3233 exited with code 0
2026/06/13 15:40:31 [notice] 1#1: signal 17 (SIGCHLD) received from 3240
2026/06/13 15:40:31 [notice] 1#1: unknown process 3240 exited with code 0
2026/06/13 15:41:02 [notice] 1#1: signal 17 (SIGCHLD) received from 3247
2026/06/13 15:41:02 [notice] 1#1: unknown process 3247 exited with code 0
2026/06/13 15:41:33 [notice] 1#1: signal 17 (SIGCHLD) received from 3254
2026/06/13 15:41:33 [notice] 1#1: unknown process 3254 exited with code 0
2026/06/13 15:42:03 [notice] 1#1: signal 17 (SIGCHLD) received from 3261
2026/06/13 15:42:03 [notice] 1#1: unknown process 3261 exited with code 0
2026/06/13 15:42:34 [notice] 1#1: signal 17 (SIGCHLD) received from 3268
2026/06/13 15:42:34 [notice] 1#1: unknown process 3268 exited with code 0
2026/06/13 15:43:05 [notice] 1#1: signal 17 (SIGCHLD) received from 3275
2026/06/13 15:43:05 [notice] 1#1: unknown process 3275 exited with code 0
2026/06/13 15:43:36 [notice] 1#1: signal 17 (SIGCHLD) received from 3282
2026/06/13 15:43:36 [notice] 1#1: unknown process 3282 exited with code 0
2026/06/13 15:44:07 [notice] 1#1: signal 17 (SIGCHLD) received from 3289
2026/06/13 15:44:07 [notice] 1#1: unknown process 3289 exited with code 0
2026/06/13 15:44:38 [notice] 1#1: signal 17 (SIGCHLD) received from 3296
2026/06/13 15:44:38 [notice] 1#1: unknown process 3296 exited with code 0
2026/06/13 15:45:09 [notice] 1#1: signal 17 (SIGCHLD) received from 3303
2026/06/13 15:45:09 [notice] 1#1: unknown process 3303 exited with code 0
2026/06/13 15:45:40 [notice] 1#1: signal 17 (SIGCHLD) received from 3310
2026/06/13 15:45:40 [notice] 1#1: unknown process 3310 exited with code 0
2026/06/13 15:46:11 [notice] 1#1: signal 17 (SIGCHLD) received from 3317
2026/06/13 15:46:11 [notice] 1#1: unknown process 3317 exited with code 0
2026/06/13 15:46:43 [notice] 1#1: signal 17 (SIGCHLD) received from 3324
2026/06/13 15:46:43 [notice] 1#1: unknown process 3324 exited with code 0
2026/06/13 15:47:13 [notice] 1#1: signal 17 (SIGCHLD) received from 3331
2026/06/13 15:47:13 [notice] 1#1: unknown process 3331 exited with code 0
2026/06/13 15:47:45 [notice] 1#1: signal 17 (SIGCHLD) received from 3338
2026/06/13 15:47:45 [notice] 1#1: unknown process 3338 exited with code 0
2026/06/13 15:48:15 [notice] 1#1: signal 17 (SIGCHLD) received from 3345
2026/06/13 15:48:15 [notice] 1#1: unknown process 3345 exited with code 0
2026/06/13 15:48:47 [notice] 1#1: signal 17 (SIGCHLD) received from 3352
2026/06/13 15:48:47 [notice] 1#1: unknown process 3352 exited with code 0
2026/06/13 15:49:18 [notice] 1#1: signal 17 (SIGCHLD) received from 3359
2026/06/13 15:49:18 [notice] 1#1: unknown process 3359 exited with code 0
2026/06/13 15:49:50 [notice] 1#1: signal 17 (SIGCHLD) received from 3366
2026/06/13 15:49:50 [notice] 1#1: unknown process 3366 exited with code 0
2026/06/13 15:50:21 [notice] 1#1: signal 17 (SIGCHLD) received from 3373
2026/06/13 15:50:21 [notice] 1#1: unknown process 3373 exited with code 0
2026/06/13 15:50:52 [notice] 1#1: signal 17 (SIGCHLD) received from 3380
2026/06/13 15:50:52 [notice] 1#1: unknown process 3380 exited with code 0
2026/06/13 15:51:23 [notice] 1#1: signal 17 (SIGCHLD) received from 3387
2026/06/13 15:51:23 [notice] 1#1: unknown process 3387 exited with code 0
2026/06/13 15:51:54 [notice] 1#1: signal 17 (SIGCHLD) received from 3394
2026/06/13 15:51:54 [notice] 1#1: unknown process 3394 exited with code 0
2026/06/13 15:52:26 [notice] 1#1: signal 17 (SIGCHLD) received from 3401
2026/06/13 15:52:26 [notice] 1#1: unknown process 3401 exited with code 0
2026/06/13 15:52:57 [notice] 1#1: signal 17 (SIGCHLD) received from 3408
2026/06/13 15:52:57 [notice] 1#1: unknown process 3408 exited with code 0
2026/06/13 15:53:27 [notice] 1#1: signal 17 (SIGCHLD) received from 3415
2026/06/13 15:53:27 [notice] 1#1: unknown process 3415 exited with code 0
2026/06/13 15:53:59 [notice] 1#1: signal 17 (SIGCHLD) received from 3422
2026/06/13 15:53:59 [notice] 1#1: unknown process 3422 exited with code 0
2026/06/13 15:54:29 [notice] 1#1: signal 17 (SIGCHLD) received from 3429
2026/06/13 15:54:29 [notice] 1#1: unknown process 3429 exited with code 0
2026/06/13 15:55:00 [notice] 1#1: signal 17 (SIGCHLD) received from 3436
2026/06/13 15:55:00 [notice] 1#1: unknown process 3436 exited with code 0
2026/06/13 15:55:32 [notice] 1#1: signal 17 (SIGCHLD) received from 3443
2026/06/13 15:55:32 [notice] 1#1: unknown process 3443 exited with code 0
2026/06/13 15:56:03 [notice] 1#1: signal 17 (SIGCHLD) received from 3450
2026/06/13 15:56:03 [notice] 1#1: unknown process 3450 exited with code 0
2026/06/13 15:56:34 [notice] 1#1: signal 17 (SIGCHLD) received from 3457
2026/06/13 15:56:34 [notice] 1#1: unknown process 3457 exited with code 0
2026/06/13 15:57:06 [notice] 1#1: signal 17 (SIGCHLD) received from 3464
2026/06/13 15:57:06 [notice] 1#1: unknown process 3464 exited with code 0
2026/06/13 15:57:38 [notice] 1#1: signal 17 (SIGCHLD) received from 3471
2026/06/13 15:57:38 [notice] 1#1: unknown process 3471 exited with code 0
2026/06/13 15:58:09 [notice] 1#1: signal 17 (SIGCHLD) received from 3478
2026/06/13 15:58:09 [notice] 1#1: unknown process 3478 exited with code 0
2026/06/13 15:58:40 [notice] 1#1: signal 17 (SIGCHLD) received from 3485
2026/06/13 15:58:40 [notice] 1#1: unknown process 3485 exited with code 0
2026/06/13 15:59:11 [notice] 1#1: signal 17 (SIGCHLD) received from 3492
2026/06/13 15:59:11 [notice] 1#1: unknown process 3492 exited with code 0
2026/06/13 15:59:42 [notice] 1#1: signal 17 (SIGCHLD) received from 3499
2026/06/13 15:59:42 [notice] 1#1: unknown process 3499 exited with code 0
2026/06/13 16:00:13 [notice] 1#1: signal 17 (SIGCHLD) received from 3506
2026/06/13 16:00:13 [notice] 1#1: unknown process 3506 exited with code 0
2026/06/13 16:00:45 [notice] 1#1: signal 17 (SIGCHLD) received from 3513
2026/06/13 16:00:45 [notice] 1#1: unknown process 3513 exited with code 0
2026/06/13 16:01:17 [notice] 1#1: signal 17 (SIGCHLD) received from 3520
2026/06/13 16:01:17 [notice] 1#1: unknown process 3520 exited with code 0
2026/06/13 16:01:48 [notice] 1#1: signal 17 (SIGCHLD) received from 3527
2026/06/13 16:01:48 [notice] 1#1: unknown process 3527 exited with code 0
2026/06/13 16:02:19 [notice] 1#1: signal 17 (SIGCHLD) received from 3534
2026/06/13 16:02:19 [notice] 1#1: unknown process 3534 exited with code 0
2026/06/13 16:02:51 [notice] 1#1: signal 17 (SIGCHLD) received from 3541
2026/06/13 16:02:51 [notice] 1#1: unknown process 3541 exited with code 0
2026/06/13 16:03:22 [notice] 1#1: signal 17 (SIGCHLD) received from 3548
2026/06/13 16:03:22 [notice] 1#1: unknown process 3548 exited with code 0
2026/06/13 16:03:54 [notice] 1#1: signal 17 (SIGCHLD) received from 3555
2026/06/13 16:03:54 [notice] 1#1: unknown process 3555 exited with code 0
2026/06/13 16:04:26 [notice] 1#1: signal 17 (SIGCHLD) received from 3562
2026/06/13 16:04:26 [notice] 1#1: unknown process 3562 exited with code 0
2026/06/13 16:04:58 [notice] 1#1: signal 17 (SIGCHLD) received from 3569
2026/06/13 16:04:58 [notice] 1#1: unknown process 3569 exited with code 0
2026/06/13 16:05:28 [notice] 1#1: signal 17 (SIGCHLD) received from 3576
2026/06/13 16:05:28 [notice] 1#1: unknown process 3576 exited with code 0
2026/06/13 16:06:00 [notice] 1#1: signal 17 (SIGCHLD) received from 3583
2026/06/13 16:06:00 [notice] 1#1: unknown process 3583 exited with code 0
2026/06/13 16:06:31 [notice] 1#1: signal 17 (SIGCHLD) received from 3590
2026/06/13 16:06:31 [notice] 1#1: unknown process 3590 exited with code 0
2026/06/13 16:07:04 [notice] 1#1: signal 17 (SIGCHLD) received from 3597
2026/06/13 16:07:04 [notice] 1#1: unknown process 3597 exited with code 0
2026/06/13 16:07:35 [notice] 1#1: signal 17 (SIGCHLD) received from 3604
2026/06/13 16:07:35 [notice] 1#1: unknown process 3604 exited with code 0
2026/06/13 16:08:07 [notice] 1#1: signal 17 (SIGCHLD) received from 3611
2026/06/13 16:08:07 [notice] 1#1: unknown process 3611 exited with code 0
2026/06/13 16:08:37 [notice] 1#1: signal 17 (SIGCHLD) received from 3618
2026/06/13 16:08:37 [notice] 1#1: unknown process 3618 exited with code 0
2026/06/13 16:09:09 [notice] 1#1: signal 17 (SIGCHLD) received from 3625
2026/06/13 16:09:09 [notice] 1#1: unknown process 3625 exited with code 0
2026/06/13 16:09:40 [notice] 1#1: signal 17 (SIGCHLD) received from 3632
2026/06/13 16:09:40 [notice] 1#1: unknown process 3632 exited with code 0
2026/06/13 16:10:12 [notice] 1#1: signal 17 (SIGCHLD) received from 3639
2026/06/13 16:10:12 [notice] 1#1: unknown process 3639 exited with code 0
2026/06/13 16:10:43 [notice] 1#1: signal 17 (SIGCHLD) received from 3646
2026/06/13 16:10:43 [notice] 1#1: unknown process 3646 exited with code 0
2026/06/13 16:11:13 [notice] 1#1: signal 17 (SIGCHLD) received from 3653
2026/06/13 16:11:13 [notice] 1#1: unknown process 3653 exited with code 0
2026/06/13 16:11:44 [notice] 1#1: signal 17 (SIGCHLD) received from 3660
2026/06/13 16:11:44 [notice] 1#1: unknown process 3660 exited with code 0
2026/06/13 16:12:16 [notice] 1#1: signal 17 (SIGCHLD) received from 3667
2026/06/13 16:12:16 [notice] 1#1: unknown process 3667 exited with code 0
2026/06/13 16:12:47 [notice] 1#1: signal 17 (SIGCHLD) received from 3674
2026/06/13 16:12:47 [notice] 1#1: unknown process 3674 exited with code 0
2026/06/13 16:13:17 [notice] 1#1: signal 17 (SIGCHLD) received from 3681
2026/06/13 16:13:17 [notice] 1#1: unknown process 3681 exited with code 0
2026/06/13 16:13:50 [notice] 1#1: signal 17 (SIGCHLD) received from 3688
2026/06/13 16:13:50 [notice] 1#1: unknown process 3688 exited with code 0
2026/06/13 16:14:22 [notice] 1#1: signal 17 (SIGCHLD) received from 3695
2026/06/13 16:14:22 [notice] 1#1: unknown process 3695 exited with code 0
2026/06/13 16:14:54 [notice] 1#1: signal 17 (SIGCHLD) received from 3702
2026/06/13 16:14:54 [notice] 1#1: unknown process 3702 exited with code 0
2026/06/13 16:15:25 [notice] 1#1: signal 17 (SIGCHLD) received from 3709
2026/06/13 16:15:25 [notice] 1#1: unknown process 3709 exited with code 0
2026/06/13 16:15:57 [notice] 1#1: signal 17 (SIGCHLD) received from 3716
2026/06/13 16:15:57 [notice] 1#1: unknown process 3716 exited with code 0
2026/06/13 16:16:27 [notice] 1#1: signal 17 (SIGCHLD) received from 3723
2026/06/13 16:16:27 [notice] 1#1: unknown process 3723 exited with code 0
2026/06/13 16:16:57 [notice] 1#1: signal 17 (SIGCHLD) received from 3730
2026/06/13 16:16:57 [notice] 1#1: unknown process 3730 exited with code 0
2026/06/13 16:17:28 [notice] 1#1: signal 17 (SIGCHLD) received from 3737
2026/06/13 16:17:28 [notice] 1#1: unknown process 3737 exited with code 0
2026/06/13 16:17:58 [notice] 1#1: signal 17 (SIGCHLD) received from 3744
2026/06/13 16:17:58 [notice] 1#1: unknown process 3744 exited with code 0
2026/06/13 16:18:30 [notice] 1#1: signal 17 (SIGCHLD) received from 3751
2026/06/13 16:18:30 [notice] 1#1: unknown process 3751 exited with code 0
2026/06/13 16:19:00 [notice] 1#1: signal 17 (SIGCHLD) received from 3758
2026/06/13 16:19:00 [notice] 1#1: unknown process 3758 exited with code 0
2026/06/13 16:19:31 [notice] 1#1: signal 17 (SIGCHLD) received from 3765
2026/06/13 16:19:31 [notice] 1#1: unknown process 3765 exited with code 0
2026/06/13 16:20:03 [notice] 1#1: signal 17 (SIGCHLD) received from 3772
2026/06/13 16:20:03 [notice] 1#1: unknown process 3772 exited with code 0
2026/06/13 16:20:35 [notice] 1#1: signal 17 (SIGCHLD) received from 3779
2026/06/13 16:20:35 [notice] 1#1: unknown process 3779 exited with code 0
2026/06/13 16:21:07 [notice] 1#1: signal 17 (SIGCHLD) received from 3786
2026/06/13 16:21:07 [notice] 1#1: unknown process 3786 exited with code 0
2026/06/13 16:21:39 [notice] 1#1: signal 17 (SIGCHLD) received from 3793
2026/06/13 16:21:39 [notice] 1#1: unknown process 3793 exited with code 0
2026/06/13 16:22:12 [notice] 1#1: signal 17 (SIGCHLD) received from 3800
2026/06/13 16:22:12 [notice] 1#1: unknown process 3800 exited with code 0
2026/06/13 16:22:43 [notice] 1#1: signal 17 (SIGCHLD) received from 3807
2026/06/13 16:22:43 [notice] 1#1: unknown process 3807 exited with code 0
2026/06/13 16:23:14 [notice] 1#1: signal 17 (SIGCHLD) received from 3814
2026/06/13 16:23:14 [notice] 1#1: unknown process 3814 exited with code 0
2026/06/13 16:23:45 [notice] 1#1: signal 17 (SIGCHLD) received from 3821
2026/06/13 16:23:45 [notice] 1#1: unknown process 3821 exited with code 0
2026/06/13 16:24:17 [notice] 1#1: signal 17 (SIGCHLD) received from 3828
2026/06/13 16:24:17 [notice] 1#1: unknown process 3828 exited with code 0
2026/06/13 16:24:47 [notice] 1#1: signal 17 (SIGCHLD) received from 3835
2026/06/13 16:24:47 [notice] 1#1: unknown process 3835 exited with code 0
2026/06/13 16:25:18 [notice] 1#1: signal 17 (SIGCHLD) received from 3842
2026/06/13 16:25:18 [notice] 1#1: unknown process 3842 exited with code 0
2026/06/13 16:25:51 [notice] 1#1: signal 17 (SIGCHLD) received from 3849
2026/06/13 16:25:51 [notice] 1#1: unknown process 3849 exited with code 0
2026/06/13 16:26:22 [notice] 1#1: signal 17 (SIGCHLD) received from 3856
2026/06/13 16:26:22 [notice] 1#1: unknown process 3856 exited with code 0
2026/06/13 16:26:54 [notice] 1#1: signal 17 (SIGCHLD) received from 3864
2026/06/13 16:26:54 [notice] 1#1: unknown process 3864 exited with code 0
2026/06/13 16:27:26 [notice] 1#1: signal 17 (SIGCHLD) received from 3871
2026/06/13 16:27:26 [notice] 1#1: unknown process 3871 exited with code 0
2026/06/13 16:27:58 [notice] 1#1: signal 17 (SIGCHLD) received from 3878
2026/06/13 16:27:58 [notice] 1#1: unknown process 3878 exited with code 0
2026/06/13 16:28:29 [notice] 1#1: signal 17 (SIGCHLD) received from 3885
2026/06/13 16:28:29 [notice] 1#1: unknown process 3885 exited with code 0
2026/06/13 16:29:00 [notice] 1#1: signal 17 (SIGCHLD) received from 3892
2026/06/13 16:29:00 [notice] 1#1: unknown process 3892 exited with code 0
2026/06/13 16:29:32 [notice] 1#1: signal 17 (SIGCHLD) received from 3899
2026/06/13 16:29:32 [notice] 1#1: unknown process 3899 exited with code 0
2026/06/13 16:30:04 [notice] 1#1: signal 17 (SIGCHLD) received from 3906
2026/06/13 16:30:04 [notice] 1#1: unknown process 3906 exited with code 0
2026/06/13 16:30:35 [notice] 1#1: signal 17 (SIGCHLD) received from 3913
2026/06/13 16:30:35 [notice] 1#1: unknown process 3913 exited with code 0
2026/06/13 16:31:06 [notice] 1#1: signal 17 (SIGCHLD) received from 3920
2026/06/13 16:31:06 [notice] 1#1: unknown process 3920 exited with code 0
2026/06/13 16:31:38 [notice] 1#1: signal 17 (SIGCHLD) received from 3927
2026/06/13 16:31:38 [notice] 1#1: unknown process 3927 exited with code 0
2026/06/13 16:32:09 [notice] 1#1: signal 17 (SIGCHLD) received from 3934
2026/06/13 16:32:09 [notice] 1#1: unknown process 3934 exited with code 0
2026/06/13 16:32:41 [notice] 1#1: signal 17 (SIGCHLD) received from 3941
2026/06/13 16:32:41 [notice] 1#1: unknown process 3941 exited with code 0
2026/06/13 16:33:14 [notice] 1#1: signal 17 (SIGCHLD) received from 3948
2026/06/13 16:33:14 [notice] 1#1: unknown process 3948 exited with code 0
2026/06/13 16:33:46 [notice] 1#1: signal 17 (SIGCHLD) received from 3955
2026/06/13 16:33:46 [notice] 1#1: unknown process 3955 exited with code 0
2026/06/13 16:34:17 [notice] 1#1: signal 17 (SIGCHLD) received from 3962
2026/06/13 16:34:17 [notice] 1#1: unknown process 3962 exited with code 0
2026/06/13 16:34:47 [notice] 1#1: signal 17 (SIGCHLD) received from 3969
2026/06/13 16:34:47 [notice] 1#1: unknown process 3969 exited with code 0
2026/06/13 16:35:19 [notice] 1#1: signal 17 (SIGCHLD) received from 3976
2026/06/13 16:35:19 [notice] 1#1: unknown process 3976 exited with code 0
2026/06/13 16:35:51 [notice] 1#1: signal 17 (SIGCHLD) received from 3983
2026/06/13 16:35:51 [notice] 1#1: unknown process 3983 exited with code 0
2026/06/13 16:36:23 [notice] 1#1: signal 17 (SIGCHLD) received from 3990
2026/06/13 16:36:23 [notice] 1#1: unknown process 3990 exited with code 0
2026/06/13 16:36:55 [notice] 1#1: signal 17 (SIGCHLD) received from 3997
2026/06/13 16:36:55 [notice] 1#1: unknown process 3997 exited with code 0
2026/06/13 16:37:27 [notice] 1#1: signal 17 (SIGCHLD) received from 4004
2026/06/13 16:37:27 [notice] 1#1: unknown process 4004 exited with code 0
2026/06/13 16:37:59 [notice] 1#1: signal 17 (SIGCHLD) received from 4011
2026/06/13 16:37:59 [notice] 1#1: unknown process 4011 exited with code 0
2026/06/13 16:38:30 [notice] 1#1: signal 17 (SIGCHLD) received from 4018
2026/06/13 16:38:30 [notice] 1#1: unknown process 4018 exited with code 0
2026/06/13 16:39:01 [notice] 1#1: signal 17 (SIGCHLD) received from 4025
2026/06/13 16:39:01 [notice] 1#1: unknown process 4025 exited with code 0
2026/06/13 16:39:32 [notice] 1#1: signal 17 (SIGCHLD) received from 4032
2026/06/13 16:39:32 [notice] 1#1: unknown process 4032 exited with code 0
2026/06/13 16:40:05 [notice] 1#1: signal 17 (SIGCHLD) received from 4039
2026/06/13 16:40:05 [notice] 1#1: unknown process 4039 exited with code 0
2026/06/13 16:40:37 [notice] 1#1: signal 17 (SIGCHLD) received from 4046
2026/06/13 16:40:37 [notice] 1#1: unknown process 4046 exited with code 0
2026/06/13 16:41:08 [notice] 1#1: signal 17 (SIGCHLD) received from 4053
2026/06/13 16:41:08 [notice] 1#1: unknown process 4053 exited with code 0
2026/06/13 16:41:40 [notice] 1#1: signal 17 (SIGCHLD) received from 4060
2026/06/13 16:41:40 [notice] 1#1: unknown process 4060 exited with code 0
2026/06/13 16:42:12 [notice] 1#1: signal 17 (SIGCHLD) received from 4067
2026/06/13 16:42:12 [notice] 1#1: unknown process 4067 exited with code 0
2026/06/13 16:42:45 [notice] 1#1: signal 17 (SIGCHLD) received from 4074
2026/06/13 16:42:45 [notice] 1#1: unknown process 4074 exited with code 0
2026/06/13 16:43:17 [notice] 1#1: signal 17 (SIGCHLD) received from 4081
2026/06/13 16:43:17 [notice] 1#1: unknown process 4081 exited with code 0
2026/06/13 16:43:49 [notice] 1#1: signal 17 (SIGCHLD) received from 4088
2026/06/13 16:43:49 [notice] 1#1: unknown process 4088 exited with code 0
2026/06/13 16:44:21 [notice] 1#1: signal 17 (SIGCHLD) received from 4095
2026/06/13 16:44:21 [notice] 1#1: unknown process 4095 exited with code 0
2026/06/13 16:44:52 [notice] 1#1: signal 17 (SIGCHLD) received from 4102
2026/06/13 16:44:52 [notice] 1#1: unknown process 4102 exited with code 0
2026/06/13 16:45:24 [notice] 1#1: signal 17 (SIGCHLD) received from 4109
2026/06/13 16:45:24 [notice] 1#1: unknown process 4109 exited with code 0
2026/06/13 16:45:55 [notice] 1#1: signal 17 (SIGCHLD) received from 4116
2026/06/13 16:45:55 [notice] 1#1: unknown process 4116 exited with code 0
2026/06/13 16:46:28 [notice] 1#1: signal 17 (SIGCHLD) received from 4123
2026/06/13 16:46:28 [notice] 1#1: unknown process 4123 exited with code 0
2026/06/13 16:47:00 [notice] 1#1: signal 17 (SIGCHLD) received from 4130
2026/06/13 16:47:00 [notice] 1#1: unknown process 4130 exited with code 0
2026/06/13 16:47:30 [notice] 1#1: signal 17 (SIGCHLD) received from 4137
2026/06/13 16:47:30 [notice] 1#1: unknown process 4137 exited with code 0
2026/06/13 16:48:02 [notice] 1#1: signal 17 (SIGCHLD) received from 4144
2026/06/13 16:48:02 [notice] 1#1: unknown process 4144 exited with code 0
2026/06/13 16:48:34 [notice] 1#1: signal 17 (SIGCHLD) received from 4151
2026/06/13 16:48:34 [notice] 1#1: unknown process 4151 exited with code 0
2026/06/13 16:49:04 [notice] 1#1: signal 17 (SIGCHLD) received from 4158
2026/06/13 16:49:04 [notice] 1#1: unknown process 4158 exited with code 0
2026/06/13 16:49:36 [notice] 1#1: signal 17 (SIGCHLD) received from 4165
2026/06/13 16:49:36 [notice] 1#1: unknown process 4165 exited with code 0
2026/06/13 16:50:08 [notice] 1#1: signal 17 (SIGCHLD) received from 4172
2026/06/13 16:50:08 [notice] 1#1: unknown process 4172 exited with code 0
2026/06/13 16:50:39 [notice] 1#1: signal 17 (SIGCHLD) received from 4179
2026/06/13 16:50:39 [notice] 1#1: unknown process 4179 exited with code 0
2026/06/13 16:51:12 [notice] 1#1: signal 17 (SIGCHLD) received from 4186
2026/06/13 16:51:12 [notice] 1#1: unknown process 4186 exited with code 0
2026/06/13 16:51:44 [notice] 1#1: signal 17 (SIGCHLD) received from 4193
2026/06/13 16:51:44 [notice] 1#1: unknown process 4193 exited with code 0
2026/06/13 16:52:15 [notice] 1#1: signal 17 (SIGCHLD) received from 4200
2026/06/13 16:52:15 [notice] 1#1: unknown process 4200 exited with code 0
2026/06/13 16:52:47 [notice] 1#1: signal 17 (SIGCHLD) received from 4207
2026/06/13 16:52:47 [notice] 1#1: unknown process 4207 exited with code 0
2026/06/13 16:53:19 [notice] 1#1: signal 17 (SIGCHLD) received from 4214
2026/06/13 16:53:19 [notice] 1#1: unknown process 4214 exited with code 0
2026/06/13 16:53:50 [notice] 1#1: signal 17 (SIGCHLD) received from 4221
2026/06/13 16:53:50 [notice] 1#1: unknown process 4221 exited with code 0
2026/06/13 16:54:21 [notice] 1#1: signal 17 (SIGCHLD) received from 4228
2026/06/13 16:54:21 [notice] 1#1: unknown process 4228 exited with code 0
2026/06/13 16:54:52 [notice] 1#1: signal 17 (SIGCHLD) received from 4235
2026/06/13 16:54:52 [notice] 1#1: unknown process 4235 exited with code 0
2026/06/13 16:55:24 [notice] 1#1: signal 17 (SIGCHLD) received from 4242
2026/06/13 16:55:24 [notice] 1#1: unknown process 4242 exited with code 0
2026/06/13 16:55:56 [notice] 1#1: signal 17 (SIGCHLD) received from 4249
2026/06/13 16:55:56 [notice] 1#1: unknown process 4249 exited with code 0
2026/06/13 16:56:28 [notice] 1#1: signal 17 (SIGCHLD) received from 4256
2026/06/13 16:56:28 [notice] 1#1: unknown process 4256 exited with code 0
2026/06/13 16:57:00 [notice] 1#1: signal 17 (SIGCHLD) received from 4263
2026/06/13 16:57:00 [notice] 1#1: unknown process 4263 exited with code 0
2026/06/13 16:57:32 [notice] 1#1: signal 17 (SIGCHLD) received from 4270
2026/06/13 16:57:32 [notice] 1#1: unknown process 4270 exited with code 0
2026/06/13 16:58:04 [notice] 1#1: signal 17 (SIGCHLD) received from 4277
2026/06/13 16:58:04 [notice] 1#1: unknown process 4277 exited with code 0
2026/06/13 16:58:34 [notice] 1#1: signal 17 (SIGCHLD) received from 4284
2026/06/13 16:58:34 [notice] 1#1: unknown process 4284 exited with code 0
2026/06/13 16:59:06 [notice] 1#1: signal 17 (SIGCHLD) received from 4291
2026/06/13 16:59:06 [notice] 1#1: unknown process 4291 exited with code 0
2026/06/13 16:59:38 [notice] 1#1: signal 17 (SIGCHLD) received from 4298
2026/06/13 16:59:38 [notice] 1#1: unknown process 4298 exited with code 0
2026/06/13 17:00:09 [notice] 1#1: signal 17 (SIGCHLD) received from 4305
2026/06/13 17:00:09 [notice] 1#1: unknown process 4305 exited with code 0
2026/06/13 17:00:41 [notice] 1#1: signal 17 (SIGCHLD) received from 4312
2026/06/13 17:00:41 [notice] 1#1: unknown process 4312 exited with code 0
2026/06/13 17:01:12 [notice] 1#1: signal 17 (SIGCHLD) received from 4319
2026/06/13 17:01:12 [notice] 1#1: unknown process 4319 exited with code 0
2026/06/13 17:01:45 [notice] 1#1: signal 17 (SIGCHLD) received from 4326
2026/06/13 17:01:45 [notice] 1#1: unknown process 4326 exited with code 0
2026/06/13 17:02:15 [notice] 1#1: signal 17 (SIGCHLD) received from 4333
2026/06/13 17:02:15 [notice] 1#1: unknown process 4333 exited with code 0
2026/06/13 17:02:47 [notice] 1#1: signal 17 (SIGCHLD) received from 4340
2026/06/13 17:02:47 [notice] 1#1: unknown process 4340 exited with code 0
2026/06/13 17:03:18 [notice] 1#1: signal 17 (SIGCHLD) received from 4347
2026/06/13 17:03:18 [notice] 1#1: unknown process 4347 exited with code 0
2026/06/13 17:03:49 [notice] 1#1: signal 17 (SIGCHLD) received from 4354
2026/06/13 17:03:49 [notice] 1#1: unknown process 4354 exited with code 0
2026/06/13 17:04:19 [notice] 1#1: signal 17 (SIGCHLD) received from 4361
2026/06/13 17:04:19 [notice] 1#1: unknown process 4361 exited with code 0
2026/06/13 17:04:50 [notice] 1#1: signal 17 (SIGCHLD) received from 4368
2026/06/13 17:04:50 [notice] 1#1: unknown process 4368 exited with code 0
2026/06/13 17:05:22 [notice] 1#1: signal 17 (SIGCHLD) received from 4375
2026/06/13 17:05:22 [notice] 1#1: unknown process 4375 exited with code 0
2026/06/13 17:05:58 [notice] 1#1: signal 17 (SIGCHLD) received from 4382
2026/06/13 17:05:58 [notice] 1#1: unknown process 4382 exited with code 0
2026/06/13 17:06:30 [notice] 1#1: signal 17 (SIGCHLD) received from 4389
2026/06/13 17:06:30 [notice] 1#1: unknown process 4389 exited with code 0
2026/06/13 17:07:02 [notice] 1#1: signal 17 (SIGCHLD) received from 4396
2026/06/13 17:07:02 [notice] 1#1: unknown process 4396 exited with code 0
2026/06/13 17:07:34 [notice] 1#1: signal 17 (SIGCHLD) received from 4403
2026/06/13 17:07:34 [notice] 1#1: unknown process 4403 exited with code 0
2026/06/13 17:08:05 [notice] 1#1: signal 17 (SIGCHLD) received from 4410
2026/06/13 17:08:05 [notice] 1#1: unknown process 4410 exited with code 0
2026/06/13 17:08:37 [notice] 1#1: signal 17 (SIGCHLD) received from 4417
2026/06/13 17:08:37 [notice] 1#1: unknown process 4417 exited with code 0
2026/06/13 17:09:09 [notice] 1#1: signal 17 (SIGCHLD) received from 4424
2026/06/13 17:09:09 [notice] 1#1: unknown process 4424 exited with code 0
2026/06/13 17:09:40 [notice] 1#1: signal 17 (SIGCHLD) received from 4431
2026/06/13 17:09:40 [notice] 1#1: unknown process 4431 exited with code 0
2026/06/13 17:10:12 [notice] 1#1: signal 17 (SIGCHLD) received from 4438
2026/06/13 17:10:12 [notice] 1#1: unknown process 4438 exited with code 0
2026/06/13 17:10:46 [notice] 1#1: signal 17 (SIGCHLD) received from 4445
2026/06/13 17:10:46 [notice] 1#1: unknown process 4445 exited with code 0
2026/06/13 17:11:17 [notice] 1#1: signal 17 (SIGCHLD) received from 4452
2026/06/13 17:11:17 [notice] 1#1: unknown process 4452 exited with code 0
2026/06/13 17:11:49 [notice] 1#1: signal 17 (SIGCHLD) received from 4459
2026/06/13 17:11:49 [notice] 1#1: unknown process 4459 exited with code 0
2026/06/13 17:12:21 [notice] 1#1: signal 17 (SIGCHLD) received from 4466
2026/06/13 17:12:21 [notice] 1#1: unknown process 4466 exited with code 0
2026/06/13 17:12:54 [notice] 1#1: signal 17 (SIGCHLD) received from 4472
2026/06/13 17:12:54 [notice] 1#1: unknown process 4472 exited with code 0
2026/06/13 17:13:25 [notice] 1#1: signal 17 (SIGCHLD) received from 4479
2026/06/13 17:13:25 [notice] 1#1: unknown process 4479 exited with code 0
2026/06/13 17:13:56 [notice] 1#1: signal 17 (SIGCHLD) received from 4486
2026/06/13 17:13:56 [notice] 1#1: unknown process 4486 exited with code 0
2026/06/13 17:14:26 [notice] 1#1: signal 17 (SIGCHLD) received from 4493
2026/06/13 17:14:26 [notice] 1#1: unknown process 4493 exited with code 0
2026/06/13 17:14:58 [notice] 1#1: signal 17 (SIGCHLD) received from 4500
2026/06/13 17:14:58 [notice] 1#1: unknown process 4500 exited with code 0
2026/06/14 20:05:13 [notice] 1#1: using the "epoll" event method
2026/06/14 20:05:13 [notice] 1#1: nginx/1.31.1
2026/06/14 20:05:13 [notice] 1#1: built by gcc 15.2.0 (Alpine 15.2.0) 
2026/06/14 20:05:13 [notice] 1#1: OS: Linux 6.8.0-100-generic
2026/06/14 20:05:13 [notice] 1#1: getrlimit(RLIMIT_NOFILE): 1024:524288
2026/06/14 20:05:13 [notice] 1#1: start worker processes
2026/06/14 20:05:13 [notice] 1#1: start worker process 21
2026/06/14 20:05:13 [notice] 1#1: start worker process 22
2026/06/14 20:05:13 [notice] 1#1: start worker process 23
2026/06/14 20:05:13 [notice] 1#1: start worker process 24
2026/06/14 20:05:43 [notice] 1#1: signal 17 (SIGCHLD) received from 31
2026/06/14 20:05:43 [notice] 1#1: unknown process 31 exited with code 0
2026/06/14 20:06:13 [notice] 1#1: signal 17 (SIGCHLD) received from 38
2026/06/14 20:06:13 [notice] 1#1: unknown process 38 exited with code 0
2026/06/14 20:06:44 [notice] 1#1: signal 17 (SIGCHLD) received from 45
2026/06/14 20:06:44 [notice] 1#1: unknown process 45 exited with code 0
2026/06/14 20:07:14 [notice] 1#1: signal 17 (SIGCHLD) received from 52
2026/06/14 20:07:14 [notice] 1#1: unknown process 52 exited with code 0
2026/06/14 20:07:44 [notice] 1#1: signal 17 (SIGCHLD) received from 58
2026/06/14 20:07:44 [notice] 1#1: unknown process 58 exited with code 0
2026/06/14 20:08:15 [notice] 1#1: signal 17 (SIGCHLD) received from 65
2026/06/14 20:08:15 [notice] 1#1: unknown process 65 exited with code 0
2026/06/14 20:08:45 [notice] 1#1: signal 17 (SIGCHLD) received from 72
2026/06/14 20:08:45 [notice] 1#1: unknown process 72 exited with code 0
2026/06/14 20:09:15 [notice] 1#1: signal 17 (SIGCHLD) received from 79
2026/06/14 20:09:15 [notice] 1#1: unknown process 79 exited with code 0
2026/06/14 20:09:45 [notice] 1#1: signal 17 (SIGCHLD) received from 86
2026/06/14 20:09:45 [notice] 1#1: unknown process 86 exited with code 0
2026/06/14 20:10:16 [notice] 1#1: signal 17 (SIGCHLD) received from 92
2026/06/14 20:10:16 [notice] 1#1: unknown process 92 exited with code 0
2026/06/14 20:10:46 [notice] 1#1: signal 17 (SIGCHLD) received from 99
2026/06/14 20:10:46 [notice] 1#1: unknown process 99 exited with code 0
2026/06/14 20:11:16 [notice] 1#1: signal 17 (SIGCHLD) received from 106
2026/06/14 20:11:16 [notice] 1#1: unknown process 106 exited with code 0
2026/06/14 20:11:46 [notice] 1#1: signal 17 (SIGCHLD) received from 113
2026/06/14 20:11:46 [notice] 1#1: unknown process 113 exited with code 0
2026/06/14 20:12:17 [notice] 1#1: signal 17 (SIGCHLD) received from 120
2026/06/14 20:12:17 [notice] 1#1: unknown process 120 exited with code 0
2026/06/14 20:12:47 [notice] 1#1: signal 17 (SIGCHLD) received from 127
2026/06/14 20:12:47 [notice] 1#1: unknown process 127 exited with code 0
2026/06/14 20:13:18 [notice] 1#1: signal 17 (SIGCHLD) received from 134
2026/06/14 20:13:18 [notice] 1#1: unknown process 134 exited with code 0
2026/06/14 20:13:48 [notice] 1#1: signal 17 (SIGCHLD) received from 141
2026/06/14 20:13:48 [notice] 1#1: unknown process 141 exited with code 0
2026/06/14 20:14:18 [notice] 1#1: signal 17 (SIGCHLD) received from 148
2026/06/14 20:14:18 [notice] 1#1: unknown process 148 exited with code 0
2026/06/14 20:14:49 [notice] 1#1: signal 17 (SIGCHLD) received from 155
2026/06/14 20:14:49 [notice] 1#1: unknown process 155 exited with code 0
2026/06/14 20:15:19 [notice] 1#1: signal 17 (SIGCHLD) received from 163
2026/06/14 20:15:19 [notice] 1#1: unknown process 163 exited with code 0
2026/06/14 20:15:49 [notice] 1#1: signal 17 (SIGCHLD) received from 170
2026/06/14 20:15:49 [notice] 1#1: unknown process 170 exited with code 0
2026/06/14 20:16:19 [notice] 1#1: signal 17 (SIGCHLD) received from 177
2026/06/14 20:16:19 [notice] 1#1: unknown process 177 exited with code 0
2026/06/14 20:16:50 [notice] 1#1: signal 17 (SIGCHLD) received from 184
2026/06/14 20:16:50 [notice] 1#1: unknown process 184 exited with code 0
2026/06/14 20:17:20 [notice] 1#1: signal 17 (SIGCHLD) received from 191
2026/06/14 20:17:20 [notice] 1#1: unknown process 191 exited with code 0
2026/06/14 20:17:50 [notice] 1#1: signal 17 (SIGCHLD) received from 198
2026/06/14 20:17:50 [notice] 1#1: unknown process 198 exited with code 0
2026/06/14 20:18:20 [notice] 1#1: signal 17 (SIGCHLD) received from 204
2026/06/14 20:18:20 [notice] 1#1: unknown process 204 exited with code 0
2026/06/14 20:18:50 [notice] 1#1: signal 17 (SIGCHLD) received from 211
2026/06/14 20:18:50 [notice] 1#1: unknown process 211 exited with code 0
2026/06/14 20:19:21 [notice] 1#1: signal 17 (SIGCHLD) received from 218
2026/06/14 20:19:21 [notice] 1#1: unknown process 218 exited with code 0
2026/06/14 20:19:51 [notice] 1#1: signal 17 (SIGCHLD) received from 225
2026/06/14 20:19:51 [notice] 1#1: unknown process 225 exited with code 0
2026/06/14 20:20:21 [notice] 1#1: signal 17 (SIGCHLD) received from 232
2026/06/14 20:20:21 [notice] 1#1: unknown process 232 exited with code 0
2026/06/14 20:20:52 [notice] 1#1: signal 17 (SIGCHLD) received from 239
2026/06/14 20:20:52 [notice] 1#1: unknown process 239 exited with code 0
2026/06/14 20:21:22 [notice] 1#1: signal 17 (SIGCHLD) received from 246
2026/06/14 20:21:22 [notice] 1#1: unknown process 246 exited with code 0
2026/06/14 20:21:53 [notice] 1#1: signal 17 (SIGCHLD) received from 253
2026/06/14 20:21:53 [notice] 1#1: unknown process 253 exited with code 0
2026/06/14 20:22:23 [notice] 1#1: signal 17 (SIGCHLD) received from 260
2026/06/14 20:22:23 [notice] 1#1: unknown process 260 exited with code 0
2026/06/14 20:22:54 [notice] 1#1: signal 17 (SIGCHLD) received from 267
2026/06/14 20:22:54 [notice] 1#1: unknown process 267 exited with code 0
2026/06/14 20:23:25 [notice] 1#1: signal 17 (SIGCHLD) received from 274
2026/06/14 20:23:25 [notice] 1#1: unknown process 274 exited with code 0
2026/06/14 20:23:55 [notice] 1#1: signal 17 (SIGCHLD) received from 281
2026/06/14 20:23:55 [notice] 1#1: unknown process 281 exited with code 0
2026/06/14 20:24:25 [notice] 1#1: signal 17 (SIGCHLD) received from 288
2026/06/14 20:24:25 [notice] 1#1: unknown process 288 exited with code 0
2026/06/14 20:24:56 [notice] 1#1: signal 17 (SIGCHLD) received from 295
2026/06/14 20:24:56 [notice] 1#1: unknown process 295 exited with code 0
2026/06/14 20:25:26 [notice] 1#1: signal 17 (SIGCHLD) received from 302
2026/06/14 20:25:26 [notice] 1#1: unknown process 302 exited with code 0
2026/06/14 20:25:56 [notice] 1#1: signal 17 (SIGCHLD) received from 309
2026/06/14 20:25:56 [notice] 1#1: unknown process 309 exited with code 0
2026/06/14 20:26:27 [notice] 1#1: signal 17 (SIGCHLD) received from 316
2026/06/14 20:26:27 [notice] 1#1: unknown process 316 exited with code 0
2026/06/14 20:26:57 [notice] 1#1: signal 17 (SIGCHLD) received from 323
2026/06/14 20:26:57 [notice] 1#1: unknown process 323 exited with code 0
2026/06/14 20:27:27 [notice] 1#1: signal 17 (SIGCHLD) received from 330
2026/06/14 20:27:27 [notice] 1#1: unknown process 330 exited with code 0
2026/06/14 20:27:58 [notice] 1#1: signal 17 (SIGCHLD) received from 337
2026/06/14 20:27:58 [notice] 1#1: unknown process 337 exited with code 0
2026/06/14 20:28:28 [notice] 1#1: signal 17 (SIGCHLD) received from 344
2026/06/14 20:28:28 [notice] 1#1: unknown process 344 exited with code 0
2026/06/14 20:28:58 [notice] 1#1: signal 17 (SIGCHLD) received from 351
2026/06/14 20:28:58 [notice] 1#1: unknown process 351 exited with code 0
2026/06/14 20:29:29 [notice] 1#1: signal 17 (SIGCHLD) received from 358
2026/06/14 20:29:29 [notice] 1#1: unknown process 358 exited with code 0
2026/06/14 20:29:59 [notice] 1#1: signal 17 (SIGCHLD) received from 365
2026/06/14 20:29:59 [notice] 1#1: unknown process 365 exited with code 0
2026/06/14 20:30:29 [notice] 1#1: signal 17 (SIGCHLD) received from 372
2026/06/14 20:30:29 [notice] 1#1: unknown process 372 exited with code 0
2026/06/14 20:31:00 [notice] 1#1: signal 17 (SIGCHLD) received from 379
2026/06/14 20:31:00 [notice] 1#1: unknown process 379 exited with code 0
2026/06/14 20:31:30 [notice] 1#1: signal 17 (SIGCHLD) received from 386
2026/06/14 20:31:30 [notice] 1#1: unknown process 386 exited with code 0
2026/06/14 20:32:00 [notice] 1#1: signal 17 (SIGCHLD) received from 393
2026/06/14 20:32:00 [notice] 1#1: unknown process 393 exited with code 0
2026/06/14 20:32:31 [notice] 1#1: signal 17 (SIGCHLD) received from 400
2026/06/14 20:32:31 [notice] 1#1: unknown process 400 exited with code 0
2026/06/14 20:33:01 [notice] 1#1: signal 17 (SIGCHLD) received from 407
2026/06/14 20:33:01 [notice] 1#1: unknown process 407 exited with code 0
2026/06/14 20:33:31 [notice] 1#1: signal 17 (SIGCHLD) received from 414
2026/06/14 20:33:31 [notice] 1#1: unknown process 414 exited with code 0
2026/06/14 20:34:01 [notice] 1#1: signal 17 (SIGCHLD) received from 421
2026/06/14 20:34:01 [notice] 1#1: unknown process 421 exited with code 0
2026/06/14 20:34:32 [notice] 1#1: signal 17 (SIGCHLD) received from 428
2026/06/14 20:34:32 [notice] 1#1: unknown process 428 exited with code 0
2026/06/14 20:35:02 [notice] 1#1: signal 17 (SIGCHLD) received from 435
2026/06/14 20:35:02 [notice] 1#1: unknown process 435 exited with code 0
2026/06/14 20:35:32 [notice] 1#1: signal 17 (SIGCHLD) received from 442
2026/06/14 20:35:32 [notice] 1#1: unknown process 442 exited with code 0
2026/06/14 20:36:02 [notice] 1#1: signal 17 (SIGCHLD) received from 449
2026/06/14 20:36:02 [notice] 1#1: unknown process 449 exited with code 0
2026/06/14 20:36:33 [notice] 1#1: signal 17 (SIGCHLD) received from 456
2026/06/14 20:36:33 [notice] 1#1: unknown process 456 exited with code 0
2026/06/14 20:37:03 [notice] 1#1: signal 17 (SIGCHLD) received from 463
2026/06/14 20:37:03 [notice] 1#1: unknown process 463 exited with code 0
2026/06/14 20:37:33 [notice] 1#1: signal 17 (SIGCHLD) received from 470
2026/06/14 20:37:33 [notice] 1#1: unknown process 470 exited with code 0
2026/06/14 20:38:03 [notice] 1#1: signal 17 (SIGCHLD) received from 477
2026/06/14 20:38:03 [notice] 1#1: unknown process 477 exited with code 0
2026/06/14 20:38:33 [notice] 1#1: signal 17 (SIGCHLD) received from 484
2026/06/14 20:38:33 [notice] 1#1: unknown process 484 exited with code 0
2026/06/14 20:39:03 [notice] 1#1: signal 17 (SIGCHLD) received from 491
2026/06/14 20:39:03 [notice] 1#1: unknown process 491 exited with code 0
2026/06/14 20:39:34 [notice] 1#1: signal 17 (SIGCHLD) received from 498
2026/06/14 20:39:34 [notice] 1#1: unknown process 498 exited with code 0
2026/06/14 20:40:04 [notice] 1#1: signal 17 (SIGCHLD) received from 505
2026/06/14 20:40:04 [notice] 1#1: unknown process 505 exited with code 0
2026/06/14 20:40:34 [notice] 1#1: signal 17 (SIGCHLD) received from 512
2026/06/14 20:40:34 [notice] 1#1: unknown process 512 exited with code 0
2026/06/14 20:41:04 [notice] 1#1: signal 17 (SIGCHLD) received from 519
2026/06/14 20:41:04 [notice] 1#1: unknown process 519 exited with code 0
2026/06/14 20:41:34 [notice] 1#1: signal 17 (SIGCHLD) received from 526
2026/06/14 20:41:34 [notice] 1#1: unknown process 526 exited with code 0
2026/06/14 20:42:04 [notice] 1#1: signal 17 (SIGCHLD) received from 533
2026/06/14 20:42:04 [notice] 1#1: unknown process 533 exited with code 0
2026/06/14 20:42:34 [notice] 1#1: signal 17 (SIGCHLD) received from 540
2026/06/14 20:42:34 [notice] 1#1: unknown process 540 exited with code 0
2026/06/14 20:43:04 [notice] 1#1: signal 17 (SIGCHLD) received from 546
2026/06/14 20:43:04 [notice] 1#1: unknown process 546 exited with code 0
2026/06/14 20:43:35 [notice] 1#1: signal 17 (SIGCHLD) received from 553
2026/06/14 20:43:35 [notice] 1#1: unknown process 553 exited with code 0
2026/06/14 20:44:05 [notice] 1#1: signal 17 (SIGCHLD) received from 560
2026/06/14 20:44:05 [notice] 1#1: unknown process 560 exited with code 0
2026/06/14 20:44:35 [notice] 1#1: signal 17 (SIGCHLD) received from 567
2026/06/14 20:44:35 [notice] 1#1: unknown process 567 exited with code 0
2026/06/14 20:45:05 [notice] 1#1: signal 17 (SIGCHLD) received from 574
2026/06/14 20:45:05 [notice] 1#1: unknown process 574 exited with code 0
2026/06/14 20:45:35 [notice] 1#1: signal 17 (SIGCHLD) received from 581
2026/06/14 20:45:35 [notice] 1#1: unknown process 581 exited with code 0
2026/06/14 20:46:05 [notice] 1#1: signal 17 (SIGCHLD) received from 588
2026/06/14 20:46:05 [notice] 1#1: unknown process 588 exited with code 0
2026/06/14 20:46:35 [notice] 1#1: signal 17 (SIGCHLD) received from 595
2026/06/14 20:46:35 [notice] 1#1: unknown process 595 exited with code 0
2026/06/14 20:47:05 [notice] 1#1: signal 17 (SIGCHLD) received from 602
2026/06/14 20:47:05 [notice] 1#1: unknown process 602 exited with code 0
2026/06/14 20:47:35 [notice] 1#1: signal 17 (SIGCHLD) received from 609
2026/06/14 20:47:35 [notice] 1#1: unknown process 609 exited with code 0
2026/06/14 20:48:05 [notice] 1#1: signal 17 (SIGCHLD) received from 616
2026/06/14 20:48:05 [notice] 1#1: unknown process 616 exited with code 0
2026/06/14 20:48:36 [notice] 1#1: signal 17 (SIGCHLD) received from 623
2026/06/14 20:48:36 [notice] 1#1: unknown process 623 exited with code 0
2026/06/14 20:49:06 [notice] 1#1: signal 17 (SIGCHLD) received from 630
2026/06/14 20:49:06 [notice] 1#1: unknown process 630 exited with code 0
2026/06/14 20:49:36 [notice] 1#1: signal 17 (SIGCHLD) received from 637
2026/06/14 20:49:36 [notice] 1#1: unknown process 637 exited with code 0
2026/06/14 20:50:06 [notice] 1#1: signal 17 (SIGCHLD) received from 644
2026/06/14 20:50:06 [notice] 1#1: unknown process 644 exited with code 0
2026/06/14 20:50:36 [notice] 1#1: signal 17 (SIGCHLD) received from 651
2026/06/14 20:50:36 [notice] 1#1: unknown process 651 exited with code 0
2026/06/14 20:51:06 [notice] 1#1: signal 17 (SIGCHLD) received from 658
2026/06/14 20:51:06 [notice] 1#1: unknown process 658 exited with code 0
2026/06/14 20:51:36 [notice] 1#1: signal 17 (SIGCHLD) received from 665
2026/06/14 20:51:36 [notice] 1#1: unknown process 665 exited with code 0
2026/06/14 20:52:06 [notice] 1#1: signal 17 (SIGCHLD) received from 672
2026/06/14 20:52:06 [notice] 1#1: unknown process 672 exited with code 0
2026/06/14 20:52:37 [notice] 1#1: signal 17 (SIGCHLD) received from 679
2026/06/14 20:52:37 [notice] 1#1: unknown process 679 exited with code 0
2026/06/14 20:53:07 [notice] 1#1: signal 17 (SIGCHLD) received from 686
2026/06/14 20:53:07 [notice] 1#1: unknown process 686 exited with code 0
2026/06/14 20:53:37 [notice] 1#1: signal 17 (SIGCHLD) received from 693
2026/06/14 20:53:37 [notice] 1#1: unknown process 693 exited with code 0
2026/06/14 20:54:07 [notice] 1#1: signal 17 (SIGCHLD) received from 700
2026/06/14 20:54:07 [notice] 1#1: unknown process 700 exited with code 0
2026/06/14 20:54:37 [notice] 1#1: signal 17 (SIGCHLD) received from 707
2026/06/14 20:54:37 [notice] 1#1: unknown process 707 exited with code 0
2026/06/14 20:55:07 [notice] 1#1: signal 17 (SIGCHLD) received from 714
2026/06/14 20:55:07 [notice] 1#1: unknown process 714 exited with code 0
2026/06/14 20:55:37 [notice] 1#1: signal 17 (SIGCHLD) received from 721
2026/06/14 20:55:37 [notice] 1#1: unknown process 721 exited with code 0
2026/06/14 20:56:07 [notice] 1#1: signal 17 (SIGCHLD) received from 728
2026/06/14 20:56:07 [notice] 1#1: unknown process 728 exited with code 0
2026/06/14 20:56:37 [notice] 1#1: signal 17 (SIGCHLD) received from 735
2026/06/14 20:56:37 [notice] 1#1: unknown process 735 exited with code 0
2026/06/14 20:57:07 [notice] 1#1: signal 17 (SIGCHLD) received from 742
2026/06/14 20:57:07 [notice] 1#1: unknown process 742 exited with code 0
2026/06/14 20:57:37 [notice] 1#1: signal 17 (SIGCHLD) received from 749
2026/06/14 20:57:37 [notice] 1#1: unknown process 749 exited with code 0
2026/06/14 20:58:08 [notice] 1#1: signal 17 (SIGCHLD) received from 756
2026/06/14 20:58:08 [notice] 1#1: unknown process 756 exited with code 0
2026/06/14 20:58:38 [notice] 1#1: signal 17 (SIGCHLD) received from 763
2026/06/14 20:58:38 [notice] 1#1: unknown process 763 exited with code 0
2026/06/14 20:59:08 [notice] 1#1: signal 17 (SIGCHLD) received from 770
2026/06/14 20:59:08 [notice] 1#1: unknown process 770 exited with code 0
2026/06/14 20:59:38 [notice] 1#1: signal 17 (SIGCHLD) received from 777
2026/06/14 20:59:38 [notice] 1#1: unknown process 777 exited with code 0
2026/06/14 21:00:08 [notice] 1#1: signal 17 (SIGCHLD) received from 785
2026/06/14 21:00:08 [notice] 1#1: unknown process 785 exited with code 0
2026/06/14 21:00:38 [notice] 1#1: signal 17 (SIGCHLD) received from 792
2026/06/14 21:00:38 [notice] 1#1: unknown process 792 exited with code 0
2026/06/14 21:01:08 [notice] 1#1: signal 17 (SIGCHLD) received from 799
2026/06/14 21:01:08 [notice] 1#1: unknown process 799 exited with code 0
2026/06/14 21:01:38 [notice] 1#1: signal 17 (SIGCHLD) received from 806
2026/06/14 21:01:38 [notice] 1#1: unknown process 806 exited with code 0
2026/06/14 21:02:08 [notice] 1#1: signal 17 (SIGCHLD) received from 813
2026/06/14 21:02:08 [notice] 1#1: unknown process 813 exited with code 0
2026/06/14 21:02:39 [notice] 1#1: signal 17 (SIGCHLD) received from 820
2026/06/14 21:02:39 [notice] 1#1: unknown process 820 exited with code 0
2026/06/14 21:03:09 [notice] 1#1: signal 17 (SIGCHLD) received from 827
2026/06/14 21:03:09 [notice] 1#1: unknown process 827 exited with code 0
2026/06/14 21:03:39 [notice] 1#1: signal 17 (SIGCHLD) received from 834
2026/06/14 21:03:39 [notice] 1#1: unknown process 834 exited with code 0
2026/06/14 21:04:09 [notice] 1#1: signal 17 (SIGCHLD) received from 841
2026/06/14 21:04:09 [notice] 1#1: unknown process 841 exited with code 0
2026/06/14 21:04:39 [notice] 1#1: signal 17 (SIGCHLD) received from 848
2026/06/14 21:04:39 [notice] 1#1: unknown process 848 exited with code 0
2026/06/14 21:05:10 [notice] 1#1: signal 17 (SIGCHLD) received from 855
2026/06/14 21:05:10 [notice] 1#1: unknown process 855 exited with code 0
2026/06/14 21:05:40 [notice] 1#1: signal 17 (SIGCHLD) received from 862
2026/06/14 21:05:40 [notice] 1#1: unknown process 862 exited with code 0
2026/06/14 21:06:10 [notice] 1#1: signal 17 (SIGCHLD) received from 869
2026/06/14 21:06:10 [notice] 1#1: unknown process 869 exited with code 0
2026/06/14 21:06:40 [notice] 1#1: signal 17 (SIGCHLD) received from 876
2026/06/14 21:06:40 [notice] 1#1: unknown process 876 exited with code 0
2026/06/14 21:07:10 [notice] 1#1: signal 17 (SIGCHLD) received from 883
2026/06/14 21:07:10 [notice] 1#1: unknown process 883 exited with code 0
2026/06/14 21:07:41 [notice] 1#1: signal 17 (SIGCHLD) received from 890
2026/06/14 21:07:41 [notice] 1#1: unknown process 890 exited with code 0
2026/06/14 21:08:11 [notice] 1#1: signal 17 (SIGCHLD) received from 897
2026/06/14 21:08:11 [notice] 1#1: unknown process 897 exited with code 0
2026/06/14 21:08:41 [notice] 1#1: signal 17 (SIGCHLD) received from 904
2026/06/14 21:08:41 [notice] 1#1: unknown process 904 exited with code 0
2026/06/14 21:09:11 [notice] 1#1: signal 17 (SIGCHLD) received from 911
2026/06/14 21:09:11 [notice] 1#1: unknown process 911 exited with code 0
2026/06/14 21:09:42 [notice] 1#1: signal 17 (SIGCHLD) received from 918
2026/06/14 21:09:42 [notice] 1#1: unknown process 918 exited with code 0
2026/06/14 21:10:12 [notice] 1#1: signal 17 (SIGCHLD) received from 925
2026/06/14 21:10:12 [notice] 1#1: unknown process 925 exited with code 0
2026/06/14 21:10:42 [notice] 1#1: signal 17 (SIGCHLD) received from 932
2026/06/14 21:10:42 [notice] 1#1: unknown process 932 exited with code 0
2026/06/14 21:11:12 [notice] 1#1: signal 17 (SIGCHLD) received from 939
2026/06/14 21:11:12 [notice] 1#1: unknown process 939 exited with code 0
2026/06/14 21:11:42 [notice] 1#1: signal 17 (SIGCHLD) received from 946
2026/06/14 21:11:42 [notice] 1#1: unknown process 946 exited with code 0
2026/06/14 21:12:13 [notice] 1#1: signal 17 (SIGCHLD) received from 953
2026/06/14 21:12:13 [notice] 1#1: unknown process 953 exited with code 0
2026/06/14 21:12:43 [notice] 1#1: signal 17 (SIGCHLD) received from 960
2026/06/14 21:12:43 [notice] 1#1: unknown process 960 exited with code 0
2026/06/14 21:13:13 [notice] 1#1: signal 17 (SIGCHLD) received from 967
2026/06/14 21:13:13 [notice] 1#1: unknown process 967 exited with code 0
2026/06/14 21:13:43 [notice] 1#1: signal 17 (SIGCHLD) received from 974
2026/06/14 21:13:43 [notice] 1#1: unknown process 974 exited with code 0
2026/06/14 21:14:13 [notice] 1#1: signal 17 (SIGCHLD) received from 981
2026/06/14 21:14:13 [notice] 1#1: unknown process 981 exited with code 0
2026/06/14 21:14:44 [notice] 1#1: signal 17 (SIGCHLD) received from 988
2026/06/14 21:14:44 [notice] 1#1: unknown process 988 exited with code 0
2026/06/14 21:15:14 [notice] 1#1: signal 17 (SIGCHLD) received from 995
2026/06/14 21:15:14 [notice] 1#1: unknown process 995 exited with code 0
2026/06/14 21:15:44 [notice] 1#1: signal 17 (SIGCHLD) received from 1002
2026/06/14 21:15:44 [notice] 1#1: unknown process 1002 exited with code 0
2026/06/14 21:16:14 [notice] 1#1: signal 17 (SIGCHLD) received from 1009
2026/06/14 21:16:14 [notice] 1#1: unknown process 1009 exited with code 0
2026/06/14 21:16:45 [notice] 1#1: signal 17 (SIGCHLD) received from 1016
2026/06/14 21:16:45 [notice] 1#1: unknown process 1016 exited with code 0
2026/06/14 21:17:15 [notice] 1#1: signal 17 (SIGCHLD) received from 1023
2026/06/14 21:17:15 [notice] 1#1: unknown process 1023 exited with code 0
2026/06/14 21:17:45 [notice] 1#1: signal 17 (SIGCHLD) received from 1030
2026/06/14 21:17:45 [notice] 1#1: unknown process 1030 exited with code 0
2026/06/14 21:18:15 [notice] 1#1: signal 17 (SIGCHLD) received from 1037
2026/06/14 21:18:15 [notice] 1#1: unknown process 1037 exited with code 0
2026/06/14 21:18:45 [notice] 1#1: signal 17 (SIGCHLD) received from 1044
2026/06/14 21:18:45 [notice] 1#1: unknown process 1044 exited with code 0
2026/06/14 21:19:16 [notice] 1#1: signal 17 (SIGCHLD) received from 1051
2026/06/14 21:19:16 [notice] 1#1: unknown process 1051 exited with code 0
2026/06/14 21:19:46 [notice] 1#1: signal 17 (SIGCHLD) received from 1058
2026/06/14 21:19:46 [notice] 1#1: unknown process 1058 exited with code 0
2026/06/14 21:20:16 [notice] 1#1: signal 17 (SIGCHLD) received from 1065
2026/06/14 21:20:16 [notice] 1#1: unknown process 1065 exited with code 0
2026/06/14 21:20:46 [notice] 1#1: signal 17 (SIGCHLD) received from 1072
2026/06/14 21:20:46 [notice] 1#1: unknown process 1072 exited with code 0
2026/06/14 21:21:17 [notice] 1#1: signal 17 (SIGCHLD) received from 1079
2026/06/14 21:21:17 [notice] 1#1: unknown process 1079 exited with code 0
2026/06/14 21:21:47 [notice] 1#1: signal 17 (SIGCHLD) received from 1086
2026/06/14 21:21:47 [notice] 1#1: unknown process 1086 exited with code 0
2026/06/14 21:22:17 [notice] 1#1: signal 17 (SIGCHLD) received from 1093
2026/06/14 21:22:17 [notice] 1#1: unknown process 1093 exited with code 0
2026/06/14 21:22:47 [notice] 1#1: signal 17 (SIGCHLD) received from 1100
2026/06/14 21:22:47 [notice] 1#1: unknown process 1100 exited with code 0
2026/06/14 21:23:17 [notice] 1#1: signal 17 (SIGCHLD) received from 1107
2026/06/14 21:23:17 [notice] 1#1: unknown process 1107 exited with code 0
2026/06/14 21:23:48 [notice] 1#1: signal 17 (SIGCHLD) received from 1114
2026/06/14 21:23:48 [notice] 1#1: unknown process 1114 exited with code 0
2026/06/14 21:24:18 [notice] 1#1: signal 17 (SIGCHLD) received from 1121
2026/06/14 21:24:18 [notice] 1#1: unknown process 1121 exited with code 0
2026/06/14 21:24:48 [notice] 1#1: signal 17 (SIGCHLD) received from 1128
2026/06/14 21:24:48 [notice] 1#1: unknown process 1128 exited with code 0
2026/06/14 21:25:18 [notice] 1#1: signal 17 (SIGCHLD) received from 1135
2026/06/14 21:25:18 [notice] 1#1: unknown process 1135 exited with code 0
2026/06/14 21:25:49 [notice] 1#1: signal 17 (SIGCHLD) received from 1142
2026/06/14 21:25:49 [notice] 1#1: unknown process 1142 exited with code 0
2026/06/14 21:26:19 [notice] 1#1: signal 17 (SIGCHLD) received from 1149
2026/06/14 21:26:19 [notice] 1#1: unknown process 1149 exited with code 0
2026/06/14 21:26:49 [notice] 1#1: signal 17 (SIGCHLD) received from 1156
2026/06/14 21:26:49 [notice] 1#1: unknown process 1156 exited with code 0
2026/06/14 21:27:19 [notice] 1#1: signal 17 (SIGCHLD) received from 1163
2026/06/14 21:27:19 [notice] 1#1: unknown process 1163 exited with code 0
2026/06/14 21:27:49 [notice] 1#1: signal 17 (SIGCHLD) received from 1170
2026/06/14 21:27:49 [notice] 1#1: unknown process 1170 exited with code 0
2026/06/14 21:28:19 [notice] 1#1: signal 17 (SIGCHLD) received from 1177
2026/06/14 21:28:19 [notice] 1#1: unknown process 1177 exited with code 0
2026/06/14 21:28:50 [notice] 1#1: signal 17 (SIGCHLD) received from 1184
2026/06/14 21:28:50 [notice] 1#1: unknown process 1184 exited with code 0
2026/06/14 21:29:20 [notice] 1#1: signal 17 (SIGCHLD) received from 1191
2026/06/14 21:29:20 [notice] 1#1: unknown process 1191 exited with code 0
2026/06/14 21:29:50 [notice] 1#1: signal 17 (SIGCHLD) received from 1198
2026/06/14 21:29:50 [notice] 1#1: unknown process 1198 exited with code 0
2026/06/14 21:30:20 [notice] 1#1: signal 17 (SIGCHLD) received from 1205
2026/06/14 21:30:20 [notice] 1#1: unknown process 1205 exited with code 0
2026/06/14 21:30:50 [notice] 1#1: signal 17 (SIGCHLD) received from 1212
2026/06/14 21:30:50 [notice] 1#1: unknown process 1212 exited with code 0
2026/06/14 21:31:21 [notice] 1#1: signal 17 (SIGCHLD) received from 1219
2026/06/14 21:31:21 [notice] 1#1: unknown process 1219 exited with code 0
2026/06/14 21:31:51 [notice] 1#1: signal 17 (SIGCHLD) received from 1226
2026/06/14 21:31:51 [notice] 1#1: unknown process 1226 exited with code 0
2026/06/14 21:32:21 [notice] 1#1: signal 17 (SIGCHLD) received from 1233
2026/06/14 21:32:21 [notice] 1#1: unknown process 1233 exited with code 0
2026/06/14 21:32:51 [notice] 1#1: signal 17 (SIGCHLD) received from 1240
2026/06/14 21:32:51 [notice] 1#1: unknown process 1240 exited with code 0
2026/06/14 21:33:21 [notice] 1#1: signal 17 (SIGCHLD) received from 1247
2026/06/14 21:33:21 [notice] 1#1: unknown process 1247 exited with code 0
2026/06/14 21:33:52 [notice] 1#1: signal 17 (SIGCHLD) received from 1254
2026/06/14 21:33:52 [notice] 1#1: unknown process 1254 exited with code 0
2026/06/14 21:34:22 [notice] 1#1: signal 17 (SIGCHLD) received from 1261
2026/06/14 21:34:22 [notice] 1#1: unknown process 1261 exited with code 0
2026/06/14 21:34:52 [notice] 1#1: signal 17 (SIGCHLD) received from 1268
2026/06/14 21:34:52 [notice] 1#1: unknown process 1268 exited with code 0
2026/06/14 21:35:22 [notice] 1#1: signal 17 (SIGCHLD) received from 1275
2026/06/14 21:35:22 [notice] 1#1: unknown process 1275 exited with code 0
2026/06/14 21:35:52 [notice] 1#1: signal 17 (SIGCHLD) received from 1282
2026/06/14 21:35:52 [notice] 1#1: unknown process 1282 exited with code 0
2026/06/14 21:36:23 [notice] 1#1: signal 17 (SIGCHLD) received from 1289
2026/06/14 21:36:23 [notice] 1#1: unknown process 1289 exited with code 0
2026/06/14 21:36:53 [notice] 1#1: signal 17 (SIGCHLD) received from 1296
2026/06/14 21:36:53 [notice] 1#1: unknown process 1296 exited with code 0
2026/06/14 21:37:23 [notice] 1#1: signal 17 (SIGCHLD) received from 1303
2026/06/14 21:37:23 [notice] 1#1: unknown process 1303 exited with code 0
2026/06/14 21:37:53 [notice] 1#1: signal 17 (SIGCHLD) received from 1310
2026/06/14 21:37:53 [notice] 1#1: unknown process 1310 exited with code 0
2026/06/14 21:38:23 [notice] 1#1: signal 17 (SIGCHLD) received from 1317
2026/06/14 21:38:23 [notice] 1#1: unknown process 1317 exited with code 0
2026/06/14 21:38:54 [notice] 1#1: signal 17 (SIGCHLD) received from 1324
2026/06/14 21:38:54 [notice] 1#1: unknown process 1324 exited with code 0
2026/06/14 21:39:24 [notice] 1#1: signal 17 (SIGCHLD) received from 1331
2026/06/14 21:39:24 [notice] 1#1: unknown process 1331 exited with code 0
2026/06/14 21:39:54 [notice] 1#1: signal 17 (SIGCHLD) received from 1338
2026/06/14 21:39:54 [notice] 1#1: unknown process 1338 exited with code 0
2026/06/14 21:40:24 [notice] 1#1: signal 17 (SIGCHLD) received from 1345
2026/06/14 21:40:24 [notice] 1#1: unknown process 1345 exited with code 0
2026/06/14 21:40:54 [notice] 1#1: signal 17 (SIGCHLD) received from 1352
2026/06/14 21:40:54 [notice] 1#1: unknown process 1352 exited with code 0
2026/06/14 21:41:24 [notice] 1#1: signal 17 (SIGCHLD) received from 1359
2026/06/14 21:41:24 [notice] 1#1: unknown process 1359 exited with code 0
2026/06/14 21:41:55 [notice] 1#1: signal 17 (SIGCHLD) received from 1366
2026/06/14 21:41:55 [notice] 1#1: unknown process 1366 exited with code 0
2026/06/14 21:42:25 [notice] 1#1: signal 17 (SIGCHLD) received from 1373
2026/06/14 21:42:25 [notice] 1#1: unknown process 1373 exited with code 0
2026/06/14 21:42:55 [notice] 1#1: signal 17 (SIGCHLD) received from 1380
2026/06/14 21:42:55 [notice] 1#1: unknown process 1380 exited with code 0
2026/06/14 21:43:25 [notice] 1#1: signal 17 (SIGCHLD) received from 1387
2026/06/14 21:43:25 [notice] 1#1: unknown process 1387 exited with code 0
2026/06/14 21:43:55 [notice] 1#1: signal 17 (SIGCHLD) received from 1394
2026/06/14 21:43:55 [notice] 1#1: unknown process 1394 exited with code 0
2026/06/14 21:44:26 [notice] 1#1: signal 17 (SIGCHLD) received from 1401
2026/06/14 21:44:26 [notice] 1#1: unknown process 1401 exited with code 0
2026/06/14 21:44:56 [notice] 1#1: signal 17 (SIGCHLD) received from 1408
2026/06/14 21:44:56 [notice] 1#1: unknown process 1408 exited with code 0
2026/06/14 21:45:26 [notice] 1#1: signal 17 (SIGCHLD) received from 1415
2026/06/14 21:45:26 [notice] 1#1: unknown process 1415 exited with code 0
2026/06/14 21:45:56 [notice] 1#1: signal 17 (SIGCHLD) received from 1422
2026/06/14 21:45:56 [notice] 1#1: unknown process 1422 exited with code 0
2026/06/14 21:46:26 [notice] 1#1: signal 17 (SIGCHLD) received from 1429
2026/06/14 21:46:26 [notice] 1#1: unknown process 1429 exited with code 0
2026/06/14 21:46:56 [notice] 1#1: signal 17 (SIGCHLD) received from 1436
2026/06/14 21:46:56 [notice] 1#1: unknown process 1436 exited with code 0
2026/06/14 21:47:27 [notice] 1#1: signal 17 (SIGCHLD) received from 1443
2026/06/14 21:47:27 [notice] 1#1: unknown process 1443 exited with code 0
2026/06/14 21:47:57 [notice] 1#1: signal 17 (SIGCHLD) received from 1450
2026/06/14 21:47:57 [notice] 1#1: unknown process 1450 exited with code 0
2026/06/14 21:48:27 [notice] 1#1: signal 17 (SIGCHLD) received from 1457
2026/06/14 21:48:27 [notice] 1#1: unknown process 1457 exited with code 0
2026/06/14 21:48:57 [notice] 1#1: signal 17 (SIGCHLD) received from 1464
2026/06/14 21:48:57 [notice] 1#1: unknown process 1464 exited with code 0
2026/06/14 21:49:27 [notice] 1#1: signal 17 (SIGCHLD) received from 1471
2026/06/14 21:49:27 [notice] 1#1: unknown process 1471 exited with code 0
2026/06/14 21:49:57 [notice] 1#1: signal 17 (SIGCHLD) received from 1478
2026/06/14 21:49:57 [notice] 1#1: unknown process 1478 exited with code 0
2026/06/14 21:50:27 [notice] 1#1: signal 17 (SIGCHLD) received from 1485
2026/06/14 21:50:27 [notice] 1#1: unknown process 1485 exited with code 0
2026/06/14 21:50:57 [notice] 1#1: signal 17 (SIGCHLD) received from 1492
2026/06/14 21:50:57 [notice] 1#1: unknown process 1492 exited with code 0
2026/06/14 21:51:27 [notice] 1#1: signal 17 (SIGCHLD) received from 1499
2026/06/14 21:51:27 [notice] 1#1: unknown process 1499 exited with code 0
2026/06/14 21:51:57 [notice] 1#1: signal 17 (SIGCHLD) received from 1506
2026/06/14 21:51:57 [notice] 1#1: unknown process 1506 exited with code 0
2026/06/14 21:52:27 [notice] 1#1: signal 17 (SIGCHLD) received from 1513
2026/06/14 21:52:27 [notice] 1#1: unknown process 1513 exited with code 0
2026/06/14 21:53:37 [notice] 1#1: signal 17 (SIGCHLD) received from 1526
2026/06/14 21:53:37 [notice] 1#1: unknown process 1526 exited with code 0
2026/06/14 21:54:07 [notice] 1#1: signal 17 (SIGCHLD) received from 1533
2026/06/14 21:54:07 [notice] 1#1: unknown process 1533 exited with code 0
2026/06/14 21:54:37 [notice] 1#1: signal 17 (SIGCHLD) received from 1540
2026/06/14 21:54:37 [notice] 1#1: unknown process 1540 exited with code 0
2026/06/14 21:55:07 [notice] 1#1: signal 17 (SIGCHLD) received from 1547
2026/06/14 21:55:07 [notice] 1#1: unknown process 1547 exited with code 0
2026/06/14 21:55:37 [notice] 1#1: signal 17 (SIGCHLD) received from 1554
2026/06/14 21:55:37 [notice] 1#1: unknown process 1554 exited with code 0
2026/06/14 21:56:07 [notice] 1#1: signal 17 (SIGCHLD) received from 1561
2026/06/14 21:56:07 [notice] 1#1: unknown process 1561 exited with code 0
2026/06/14 21:56:37 [notice] 1#1: signal 17 (SIGCHLD) received from 1568
2026/06/14 21:56:37 [notice] 1#1: unknown process 1568 exited with code 0
2026/06/14 21:57:07 [notice] 1#1: signal 17 (SIGCHLD) received from 1575
2026/06/14 21:57:07 [notice] 1#1: unknown process 1575 exited with code 0
2026/06/14 21:57:37 [notice] 1#1: signal 17 (SIGCHLD) received from 1582
2026/06/14 21:57:37 [notice] 1#1: unknown process 1582 exited with code 0
2026/06/14 21:58:07 [notice] 1#1: signal 17 (SIGCHLD) received from 1589
2026/06/14 21:58:07 [notice] 1#1: unknown process 1589 exited with code 0
2026/06/14 21:58:37 [notice] 1#1: signal 17 (SIGCHLD) received from 1596
2026/06/14 21:58:37 [notice] 1#1: unknown process 1596 exited with code 0
2026/06/14 21:59:07 [notice] 1#1: signal 17 (SIGCHLD) received from 1603
2026/06/14 21:59:07 [notice] 1#1: unknown process 1603 exited with code 0
2026/06/14 21:59:37 [notice] 1#1: signal 17 (SIGCHLD) received from 1610
2026/06/14 21:59:37 [notice] 1#1: unknown process 1610 exited with code 0
2026/06/14 22:00:07 [notice] 1#1: signal 17 (SIGCHLD) received from 1617
2026/06/14 22:00:07 [notice] 1#1: unknown process 1617 exited with code 0
2026/06/14 22:00:37 [notice] 1#1: signal 17 (SIGCHLD) received from 1624
2026/06/14 22:00:37 [notice] 1#1: unknown process 1624 exited with code 0
2026/06/14 22:01:07 [notice] 1#1: signal 17 (SIGCHLD) received from 1632
2026/06/14 22:01:07 [notice] 1#1: unknown process 1632 exited with code 0
2026/06/14 22:01:37 [notice] 1#1: signal 17 (SIGCHLD) received from 1639
2026/06/14 22:01:37 [notice] 1#1: unknown process 1639 exited with code 0
2026/06/14 22:02:07 [notice] 1#1: signal 17 (SIGCHLD) received from 1646
2026/06/14 22:02:07 [notice] 1#1: unknown process 1646 exited with code 0
2026/06/14 22:02:37 [notice] 1#1: signal 17 (SIGCHLD) received from 1653
2026/06/14 22:02:37 [notice] 1#1: unknown process 1653 exited with code 0
2026/06/14 22:03:07 [notice] 1#1: signal 17 (SIGCHLD) received from 1660
2026/06/14 22:03:07 [notice] 1#1: unknown process 1660 exited with code 0
2026/06/14 22:03:37 [notice] 1#1: signal 17 (SIGCHLD) received from 1667
2026/06/14 22:03:37 [notice] 1#1: unknown process 1667 exited with code 0
2026/06/14 22:04:07 [notice] 1#1: signal 17 (SIGCHLD) received from 1674
2026/06/14 22:04:07 [notice] 1#1: unknown process 1674 exited with code 0
2026/06/14 22:04:37 [notice] 1#1: signal 17 (SIGCHLD) received from 1681
2026/06/14 22:04:37 [notice] 1#1: unknown process 1681 exited with code 0
2026/06/14 22:05:07 [notice] 1#1: signal 17 (SIGCHLD) received from 1688
2026/06/14 22:05:07 [notice] 1#1: unknown process 1688 exited with code 0
2026/06/14 22:05:37 [notice] 1#1: signal 17 (SIGCHLD) received from 1695
2026/06/14 22:05:37 [notice] 1#1: unknown process 1695 exited with code 0
2026/06/14 22:06:07 [notice] 1#1: signal 17 (SIGCHLD) received from 1702
2026/06/14 22:06:07 [notice] 1#1: unknown process 1702 exited with code 0
2026/06/14 22:06:37 [notice] 1#1: signal 17 (SIGCHLD) received from 1709
2026/06/14 22:06:37 [notice] 1#1: unknown process 1709 exited with code 0
2026/06/14 22:07:07 [notice] 1#1: signal 17 (SIGCHLD) received from 1716
2026/06/14 22:07:07 [notice] 1#1: unknown process 1716 exited with code 0
2026/06/14 22:07:37 [notice] 1#1: signal 17 (SIGCHLD) received from 1722
2026/06/14 22:07:37 [notice] 1#1: unknown process 1722 exited with code 0
2026/06/14 22:08:07 [notice] 1#1: signal 17 (SIGCHLD) received from 1729
2026/06/14 22:08:07 [notice] 1#1: unknown process 1729 exited with code 0
2026/06/14 22:08:37 [notice] 1#1: signal 17 (SIGCHLD) received from 1736
2026/06/14 22:08:37 [notice] 1#1: unknown process 1736 exited with code 0
2026/06/14 22:09:07 [notice] 1#1: signal 17 (SIGCHLD) received from 1743
2026/06/14 22:09:07 [notice] 1#1: unknown process 1743 exited with code 0
2026/06/14 22:09:36 [notice] 1#1: signal 17 (SIGCHLD) received from 1750
2026/06/14 22:09:36 [notice] 1#1: unknown process 1750 exited with code 0
2026/06/14 22:10:06 [notice] 1#1: signal 17 (SIGCHLD) received from 1757
2026/06/14 22:10:06 [notice] 1#1: unknown process 1757 exited with code 0
2026/06/14 22:10:36 [notice] 1#1: signal 17 (SIGCHLD) received from 1764
2026/06/14 22:10:36 [notice] 1#1: unknown process 1764 exited with code 0
2026/06/14 22:11:06 [notice] 1#1: signal 17 (SIGCHLD) received from 1771
2026/06/14 22:11:06 [notice] 1#1: unknown process 1771 exited with code 0
2026/06/14 22:11:36 [notice] 1#1: signal 17 (SIGCHLD) received from 1778
2026/06/14 22:11:36 [notice] 1#1: unknown process 1778 exited with code 0
2026/06/14 22:12:06 [notice] 1#1: signal 17 (SIGCHLD) received from 1785
2026/06/14 22:12:06 [notice] 1#1: unknown process 1785 exited with code 0
2026/06/14 22:12:36 [notice] 1#1: signal 17 (SIGCHLD) received from 1792
2026/06/14 22:12:36 [notice] 1#1: unknown process 1792 exited with code 0
2026/06/14 22:13:06 [notice] 1#1: signal 17 (SIGCHLD) received from 1799
2026/06/14 22:13:06 [notice] 1#1: unknown process 1799 exited with code 0
2026/06/14 22:13:36 [notice] 1#1: signal 17 (SIGCHLD) received from 1806
2026/06/14 22:13:36 [notice] 1#1: unknown process 1806 exited with code 0
2026/06/14 22:14:06 [notice] 1#1: signal 17 (SIGCHLD) received from 1813
2026/06/14 22:14:06 [notice] 1#1: unknown process 1813 exited with code 0
2026/06/14 22:14:36 [notice] 1#1: signal 17 (SIGCHLD) received from 1820
2026/06/14 22:14:36 [notice] 1#1: unknown process 1820 exited with code 0
2026/06/14 22:15:05 [notice] 1#1: signal 17 (SIGCHLD) received from 1827
2026/06/14 22:15:05 [notice] 1#1: unknown process 1827 exited with code 0
2026/06/14 22:15:35 [notice] 1#1: signal 17 (SIGCHLD) received from 1834
2026/06/14 22:15:35 [notice] 1#1: unknown process 1834 exited with code 0
2026/06/14 22:16:05 [notice] 1#1: signal 17 (SIGCHLD) received from 1841
2026/06/14 22:16:05 [notice] 1#1: unknown process 1841 exited with code 0
2026/06/14 22:16:35 [notice] 1#1: signal 17 (SIGCHLD) received from 1848
2026/06/14 22:16:35 [notice] 1#1: unknown process 1848 exited with code 0
2026/06/14 22:17:05 [notice] 1#1: signal 17 (SIGCHLD) received from 1855
2026/06/14 22:17:05 [notice] 1#1: unknown process 1855 exited with code 0
2026/06/14 22:17:35 [notice] 1#1: signal 17 (SIGCHLD) received from 1862
2026/06/14 22:17:35 [notice] 1#1: unknown process 1862 exited with code 0
2026/06/14 22:18:05 [notice] 1#1: signal 17 (SIGCHLD) received from 1869
2026/06/14 22:18:05 [notice] 1#1: unknown process 1869 exited with code 0
2026/06/14 22:18:35 [notice] 1#1: signal 17 (SIGCHLD) received from 1876
2026/06/14 22:18:35 [notice] 1#1: unknown process 1876 exited with code 0
2026/06/14 22:19:05 [notice] 1#1: signal 17 (SIGCHLD) received from 1883
2026/06/14 22:19:05 [notice] 1#1: unknown process 1883 exited with code 0
2026/06/14 22:19:35 [notice] 1#1: signal 17 (SIGCHLD) received from 1890
2026/06/14 22:19:35 [notice] 1#1: unknown process 1890 exited with code 0
2026/06/14 22:20:04 [notice] 1#1: signal 17 (SIGCHLD) received from 1897
2026/06/14 22:20:04 [notice] 1#1: unknown process 1897 exited with code 0
2026/06/14 22:20:34 [notice] 1#1: signal 17 (SIGCHLD) received from 1904
2026/06/14 22:20:34 [notice] 1#1: unknown process 1904 exited with code 0
2026/06/14 22:21:04 [notice] 1#1: signal 17 (SIGCHLD) received from 1911
2026/06/14 22:21:04 [notice] 1#1: unknown process 1911 exited with code 0
2026/06/14 22:21:34 [notice] 1#1: signal 17 (SIGCHLD) received from 1918
2026/06/14 22:21:34 [notice] 1#1: unknown process 1918 exited with code 0
2026/06/14 22:22:04 [notice] 1#1: signal 17 (SIGCHLD) received from 1925
2026/06/14 22:22:04 [notice] 1#1: unknown process 1925 exited with code 0
2026/06/14 22:22:34 [notice] 1#1: signal 17 (SIGCHLD) received from 1932
2026/06/14 22:22:34 [notice] 1#1: unknown process 1932 exited with code 0
2026/06/14 22:23:04 [notice] 1#1: signal 17 (SIGCHLD) received from 1939
2026/06/14 22:23:04 [notice] 1#1: unknown process 1939 exited with code 0
2026/06/14 22:23:33 [notice] 1#1: signal 17 (SIGCHLD) received from 1946
2026/06/14 22:23:33 [notice] 1#1: unknown process 1946 exited with code 0
2026/06/14 22:24:03 [notice] 1#1: signal 17 (SIGCHLD) received from 1953
2026/06/14 22:24:03 [notice] 1#1: unknown process 1953 exited with code 0
2026/06/14 22:24:33 [notice] 1#1: signal 17 (SIGCHLD) received from 1960
2026/06/14 22:24:33 [notice] 1#1: unknown process 1960 exited with code 0
2026/06/14 22:25:03 [notice] 1#1: signal 17 (SIGCHLD) received from 1967
2026/06/14 22:25:03 [notice] 1#1: unknown process 1967 exited with code 0
2026/06/14 22:25:33 [notice] 1#1: signal 17 (SIGCHLD) received from 1974
2026/06/14 22:25:33 [notice] 1#1: unknown process 1974 exited with code 0
2026/06/14 22:26:03 [notice] 1#1: signal 17 (SIGCHLD) received from 1981
2026/06/14 22:26:03 [notice] 1#1: unknown process 1981 exited with code 0
2026/06/14 22:26:33 [notice] 1#1: signal 17 (SIGCHLD) received from 1988
2026/06/14 22:26:33 [notice] 1#1: unknown process 1988 exited with code 0
2026/06/14 22:27:03 [notice] 1#1: signal 17 (SIGCHLD) received from 1995
2026/06/14 22:27:03 [notice] 1#1: unknown process 1995 exited with code 0
2026/06/14 22:27:32 [notice] 1#1: signal 17 (SIGCHLD) received from 2001
2026/06/14 22:27:32 [notice] 1#1: unknown process 2001 exited with code 0
2026/06/14 22:28:02 [notice] 1#1: signal 17 (SIGCHLD) received from 2008
2026/06/14 22:28:02 [notice] 1#1: unknown process 2008 exited with code 0
2026/06/14 22:28:32 [notice] 1#1: signal 17 (SIGCHLD) received from 2015
2026/06/14 22:28:32 [notice] 1#1: unknown process 2015 exited with code 0
2026/06/14 22:29:02 [notice] 1#1: signal 17 (SIGCHLD) received from 2022
2026/06/14 22:29:02 [notice] 1#1: unknown process 2022 exited with code 0
2026/06/14 22:29:32 [notice] 1#1: signal 17 (SIGCHLD) received from 2029
2026/06/14 22:29:32 [notice] 1#1: unknown process 2029 exited with code 0
2026/06/14 22:30:02 [notice] 1#1: signal 17 (SIGCHLD) received from 2036
2026/06/14 22:30:02 [notice] 1#1: unknown process 2036 exited with code 0
2026/06/14 22:30:32 [notice] 1#1: signal 17 (SIGCHLD) received from 2043
2026/06/14 22:30:32 [notice] 1#1: unknown process 2043 exited with code 0
2026/06/14 22:31:02 [notice] 1#1: signal 17 (SIGCHLD) received from 2050
2026/06/14 22:31:02 [notice] 1#1: unknown process 2050 exited with code 0
2026/06/14 22:31:32 [notice] 1#1: signal 17 (SIGCHLD) received from 2057
2026/06/14 22:31:32 [notice] 1#1: unknown process 2057 exited with code 0
2026/06/14 22:32:02 [notice] 1#1: signal 17 (SIGCHLD) received from 2064
2026/06/14 22:32:02 [notice] 1#1: unknown process 2064 exited with code 0
2026/06/14 22:32:32 [notice] 1#1: signal 17 (SIGCHLD) received from 2071
2026/06/14 22:32:32 [notice] 1#1: unknown process 2071 exited with code 0
2026/06/14 22:33:02 [notice] 1#1: signal 17 (SIGCHLD) received from 2078
2026/06/14 22:33:02 [notice] 1#1: unknown process 2078 exited with code 0
2026/06/14 22:33:32 [notice] 1#1: signal 17 (SIGCHLD) received from 2085
2026/06/14 22:33:32 [notice] 1#1: unknown process 2085 exited with code 0
2026/06/14 22:34:02 [notice] 1#1: signal 17 (SIGCHLD) received from 2092
2026/06/14 22:34:02 [notice] 1#1: unknown process 2092 exited with code 0
2026/06/14 22:34:32 [notice] 1#1: signal 17 (SIGCHLD) received from 2099
2026/06/14 22:34:32 [notice] 1#1: unknown process 2099 exited with code 0
2026/06/14 22:35:03 [notice] 1#1: signal 17 (SIGCHLD) received from 2106
2026/06/14 22:35:03 [notice] 1#1: unknown process 2106 exited with code 0
2026/06/14 22:35:32 [notice] 1#1: signal 17 (SIGCHLD) received from 2113
2026/06/14 22:35:32 [notice] 1#1: unknown process 2113 exited with code 0
2026/06/14 22:36:03 [notice] 1#1: signal 17 (SIGCHLD) received from 2120
2026/06/14 22:36:03 [notice] 1#1: unknown process 2120 exited with code 0
2026/06/14 22:36:33 [notice] 1#1: signal 17 (SIGCHLD) received from 2127
2026/06/14 22:36:33 [notice] 1#1: unknown process 2127 exited with code 0
2026/06/14 22:37:03 [notice] 1#1: signal 17 (SIGCHLD) received from 2134
2026/06/14 22:37:03 [notice] 1#1: unknown process 2134 exited with code 0
2026/06/14 22:37:33 [notice] 1#1: signal 17 (SIGCHLD) received from 2141
2026/06/14 22:37:33 [notice] 1#1: unknown process 2141 exited with code 0
2026/06/14 22:38:03 [notice] 1#1: signal 17 (SIGCHLD) received from 2148
2026/06/14 22:38:03 [notice] 1#1: unknown process 2148 exited with code 0
2026/06/14 22:38:33 [notice] 1#1: signal 17 (SIGCHLD) received from 2155
2026/06/14 22:38:33 [notice] 1#1: unknown process 2155 exited with code 0
2026/06/14 22:39:03 [notice] 1#1: signal 17 (SIGCHLD) received from 2162
2026/06/14 22:39:03 [notice] 1#1: unknown process 2162 exited with code 0
2026/06/14 22:39:33 [notice] 1#1: signal 17 (SIGCHLD) received from 2169
2026/06/14 22:39:33 [notice] 1#1: unknown process 2169 exited with code 0
2026/06/14 22:40:03 [notice] 1#1: signal 17 (SIGCHLD) received from 2176
2026/06/14 22:40:03 [notice] 1#1: unknown process 2176 exited with code 0
2026/06/14 22:40:33 [notice] 1#1: signal 17 (SIGCHLD) received from 2183
2026/06/14 22:40:33 [notice] 1#1: unknown process 2183 exited with code 0
2026/06/14 22:41:03 [notice] 1#1: signal 17 (SIGCHLD) received from 2190
2026/06/14 22:41:03 [notice] 1#1: unknown process 2190 exited with code 0
2026/06/14 22:41:33 [notice] 1#1: signal 17 (SIGCHLD) received from 2197
2026/06/14 22:41:33 [notice] 1#1: unknown process 2197 exited with code 0
2026/06/14 22:42:03 [notice] 1#1: signal 17 (SIGCHLD) received from 2204
2026/06/14 22:42:03 [notice] 1#1: unknown process 2204 exited with code 0
2026/06/14 22:42:33 [notice] 1#1: signal 17 (SIGCHLD) received from 2211
2026/06/14 22:42:33 [notice] 1#1: unknown process 2211 exited with code 0
2026/06/14 22:43:03 [notice] 1#1: signal 17 (SIGCHLD) received from 2218
2026/06/14 22:43:03 [notice] 1#1: unknown process 2218 exited with code 0
2026/06/14 22:43:33 [notice] 1#1: signal 17 (SIGCHLD) received from 2225
2026/06/14 22:43:33 [notice] 1#1: unknown process 2225 exited with code 0
2026/06/14 22:44:03 [notice] 1#1: signal 17 (SIGCHLD) received from 2232
2026/06/14 22:44:03 [notice] 1#1: unknown process 2232 exited with code 0
2026/06/14 22:44:33 [notice] 1#1: signal 17 (SIGCHLD) received from 2239
2026/06/14 22:44:33 [notice] 1#1: unknown process 2239 exited with code 0
2026/06/14 22:45:03 [notice] 1#1: signal 17 (SIGCHLD) received from 2246
2026/06/14 22:45:03 [notice] 1#1: unknown process 2246 exited with code 0
2026/06/14 22:45:34 [notice] 1#1: signal 17 (SIGCHLD) received from 2253
2026/06/14 22:45:34 [notice] 1#1: unknown process 2253 exited with code 0
2026/06/14 22:46:04 [notice] 1#1: signal 17 (SIGCHLD) received from 2260
2026/06/14 22:46:04 [notice] 1#1: unknown process 2260 exited with code 0
2026/06/14 22:46:34 [notice] 1#1: signal 17 (SIGCHLD) received from 2267
2026/06/14 22:46:34 [notice] 1#1: unknown process 2267 exited with code 0
2026/06/14 22:47:04 [notice] 1#1: signal 17 (SIGCHLD) received from 2274
2026/06/14 22:47:04 [notice] 1#1: unknown process 2274 exited with code 0
2026/06/14 22:47:34 [notice] 1#1: signal 17 (SIGCHLD) received from 2281
2026/06/14 22:47:34 [notice] 1#1: unknown process 2281 exited with code 0
2026/06/14 22:48:04 [notice] 1#1: signal 17 (SIGCHLD) received from 2288
2026/06/14 22:48:04 [notice] 1#1: unknown process 2288 exited with code 0
2026/06/14 22:48:34 [notice] 1#1: signal 17 (SIGCHLD) received from 2295
2026/06/14 22:48:34 [notice] 1#1: unknown process 2295 exited with code 0
2026/06/14 22:49:04 [notice] 1#1: signal 17 (SIGCHLD) received from 2302
2026/06/14 22:49:04 [notice] 1#1: unknown process 2302 exited with code 0
2026/06/14 22:49:34 [notice] 1#1: signal 17 (SIGCHLD) received from 2309
2026/06/14 22:49:34 [notice] 1#1: unknown process 2309 exited with code 0
2026/06/14 22:50:04 [notice] 1#1: signal 17 (SIGCHLD) received from 2316
2026/06/14 22:50:04 [notice] 1#1: unknown process 2316 exited with code 0
2026/06/14 22:50:34 [notice] 1#1: signal 17 (SIGCHLD) received from 2323
2026/06/14 22:50:34 [notice] 1#1: unknown process 2323 exited with code 0
2026/06/14 22:51:04 [notice] 1#1: signal 17 (SIGCHLD) received from 2330
2026/06/14 22:51:04 [notice] 1#1: unknown process 2330 exited with code 0
2026/06/14 22:51:34 [notice] 1#1: signal 17 (SIGCHLD) received from 2337
2026/06/14 22:51:34 [notice] 1#1: unknown process 2337 exited with code 0
2026/06/14 22:52:04 [notice] 1#1: signal 17 (SIGCHLD) received from 2343
2026/06/14 22:52:04 [notice] 1#1: unknown process 2343 exited with code 0
2026/06/14 22:52:34 [notice] 1#1: signal 17 (SIGCHLD) received from 2350
2026/06/14 22:52:34 [notice] 1#1: unknown process 2350 exited with code 0
2026/06/14 22:53:04 [notice] 1#1: signal 17 (SIGCHLD) received from 2357
2026/06/14 22:53:04 [notice] 1#1: unknown process 2357 exited with code 0
2026/06/14 22:53:34 [notice] 1#1: signal 17 (SIGCHLD) received from 2364
2026/06/14 22:53:34 [notice] 1#1: unknown process 2364 exited with code 0
2026/06/14 22:54:04 [notice] 1#1: signal 17 (SIGCHLD) received from 2371
2026/06/14 22:54:04 [notice] 1#1: unknown process 2371 exited with code 0
2026/06/14 22:54:34 [notice] 1#1: signal 17 (SIGCHLD) received from 2378
2026/06/14 22:54:34 [notice] 1#1: unknown process 2378 exited with code 0
2026/06/14 22:55:04 [notice] 1#1: signal 17 (SIGCHLD) received from 2385
2026/06/14 22:55:04 [notice] 1#1: unknown process 2385 exited with code 0
2026/06/14 22:55:34 [notice] 1#1: signal 17 (SIGCHLD) received from 2392
2026/06/14 22:55:34 [notice] 1#1: unknown process 2392 exited with code 0
2026/06/14 22:56:05 [notice] 1#1: signal 17 (SIGCHLD) received from 2399
2026/06/14 22:56:05 [notice] 1#1: unknown process 2399 exited with code 0
2026/06/14 22:56:35 [notice] 1#1: signal 17 (SIGCHLD) received from 2406
2026/06/14 22:56:35 [notice] 1#1: unknown process 2406 exited with code 0
2026/06/14 22:57:05 [notice] 1#1: signal 17 (SIGCHLD) received from 2413
2026/06/14 22:57:05 [notice] 1#1: unknown process 2413 exited with code 0
2026/06/14 22:57:35 [notice] 1#1: signal 17 (SIGCHLD) received from 2420
2026/06/14 22:57:35 [notice] 1#1: unknown process 2420 exited with code 0
2026/06/14 22:58:05 [notice] 1#1: signal 17 (SIGCHLD) received from 2427
2026/06/14 22:58:05 [notice] 1#1: unknown process 2427 exited with code 0
2026/06/14 22:58:35 [notice] 1#1: signal 17 (SIGCHLD) received from 2434
2026/06/14 22:58:35 [notice] 1#1: unknown process 2434 exited with code 0
2026/06/14 22:59:05 [notice] 1#1: signal 17 (SIGCHLD) received from 2440
2026/06/14 22:59:05 [notice] 1#1: unknown process 2440 exited with code 0
2026/06/14 22:59:35 [notice] 1#1: signal 17 (SIGCHLD) received from 2447
2026/06/14 22:59:35 [notice] 1#1: unknown process 2447 exited with code 0
2026/06/14 23:00:05 [notice] 1#1: signal 17 (SIGCHLD) received from 2454
2026/06/14 23:00:05 [notice] 1#1: unknown process 2454 exited with code 0
2026/06/14 23:00:35 [notice] 1#1: signal 17 (SIGCHLD) received from 2461
2026/06/14 23:00:35 [notice] 1#1: unknown process 2461 exited with code 0
2026/06/14 23:01:05 [notice] 1#1: signal 17 (SIGCHLD) received from 2468
2026/06/14 23:01:05 [notice] 1#1: unknown process 2468 exited with code 0
2026/06/14 23:01:35 [notice] 1#1: signal 17 (SIGCHLD) received from 2475
2026/06/14 23:01:35 [notice] 1#1: unknown process 2475 exited with code 0
2026/06/14 23:02:05 [notice] 1#1: signal 17 (SIGCHLD) received from 2482
2026/06/14 23:02:05 [notice] 1#1: unknown process 2482 exited with code 0
2026/06/14 23:02:35 [notice] 1#1: signal 17 (SIGCHLD) received from 2489
2026/06/14 23:02:35 [notice] 1#1: unknown process 2489 exited with code 0
2026/06/14 23:03:05 [notice] 1#1: signal 17 (SIGCHLD) received from 2496
2026/06/14 23:03:05 [notice] 1#1: unknown process 2496 exited with code 0
2026/06/14 23:03:35 [notice] 1#1: signal 17 (SIGCHLD) received from 2503
2026/06/14 23:03:35 [notice] 1#1: unknown process 2503 exited with code 0
2026/06/14 23:04:05 [notice] 1#1: signal 17 (SIGCHLD) received from 2510
2026/06/14 23:04:05 [notice] 1#1: unknown process 2510 exited with code 0
2026/06/14 23:04:35 [notice] 1#1: signal 17 (SIGCHLD) received from 2517
2026/06/14 23:04:35 [notice] 1#1: unknown process 2517 exited with code 0
2026/06/14 23:05:05 [notice] 1#1: signal 17 (SIGCHLD) received from 2524
2026/06/14 23:05:05 [notice] 1#1: unknown process 2524 exited with code 0
2026/06/14 23:05:35 [notice] 1#1: signal 17 (SIGCHLD) received from 2531
2026/06/14 23:05:35 [notice] 1#1: unknown process 2531 exited with code 0
2026/06/14 23:06:05 [notice] 1#1: signal 17 (SIGCHLD) received from 2538
2026/06/14 23:06:05 [notice] 1#1: unknown process 2538 exited with code 0
2026/06/14 23:06:35 [notice] 1#1: signal 17 (SIGCHLD) received from 2545
2026/06/14 23:06:35 [notice] 1#1: unknown process 2545 exited with code 0
2026/06/14 23:07:05 [notice] 1#1: signal 17 (SIGCHLD) received from 2552
2026/06/14 23:07:05 [notice] 1#1: unknown process 2552 exited with code 0
2026/06/14 23:07:35 [notice] 1#1: signal 17 (SIGCHLD) received from 2559
2026/06/14 23:07:35 [notice] 1#1: unknown process 2559 exited with code 0
2026/06/14 23:08:06 [notice] 1#1: signal 17 (SIGCHLD) received from 2566
2026/06/14 23:08:06 [notice] 1#1: unknown process 2566 exited with code 0
2026/06/14 23:08:36 [notice] 1#1: signal 17 (SIGCHLD) received from 2573
2026/06/14 23:08:36 [notice] 1#1: unknown process 2573 exited with code 0
2026/06/14 23:09:06 [notice] 1#1: signal 17 (SIGCHLD) received from 2580
2026/06/14 23:09:06 [notice] 1#1: unknown process 2580 exited with code 0
2026/06/14 23:09:36 [notice] 1#1: signal 17 (SIGCHLD) received from 2587
2026/06/14 23:09:36 [notice] 1#1: unknown process 2587 exited with code 0
2026/06/14 23:10:06 [notice] 1#1: signal 17 (SIGCHLD) received from 2594
2026/06/14 23:10:06 [notice] 1#1: unknown process 2594 exited with code 0
2026/06/14 23:10:36 [notice] 1#1: signal 17 (SIGCHLD) received from 2601
2026/06/14 23:10:36 [notice] 1#1: unknown process 2601 exited with code 0
2026/06/14 23:11:06 [notice] 1#1: signal 17 (SIGCHLD) received from 2608
2026/06/14 23:11:06 [notice] 1#1: unknown process 2608 exited with code 0
2026/06/14 23:11:36 [notice] 1#1: signal 17 (SIGCHLD) received from 2615
2026/06/14 23:11:36 [notice] 1#1: unknown process 2615 exited with code 0
2026/06/14 23:12:06 [notice] 1#1: signal 17 (SIGCHLD) received from 2622
2026/06/14 23:12:06 [notice] 1#1: unknown process 2622 exited with code 0
2026/06/14 23:12:36 [notice] 1#1: signal 17 (SIGCHLD) received from 2629
2026/06/14 23:12:36 [notice] 1#1: unknown process 2629 exited with code 0
2026/06/14 23:13:06 [notice] 1#1: signal 17 (SIGCHLD) received from 2636
2026/06/14 23:13:06 [notice] 1#1: unknown process 2636 exited with code 0
2026/06/14 23:13:36 [notice] 1#1: signal 17 (SIGCHLD) received from 2643
2026/06/14 23:13:36 [notice] 1#1: unknown process 2643 exited with code 0
2026/06/14 23:14:06 [notice] 1#1: signal 17 (SIGCHLD) received from 2650
2026/06/14 23:14:06 [notice] 1#1: unknown process 2650 exited with code 0
2026/06/14 23:14:36 [notice] 1#1: signal 17 (SIGCHLD) received from 2657
2026/06/14 23:14:36 [notice] 1#1: unknown process 2657 exited with code 0
2026/06/14 23:15:06 [notice] 1#1: signal 17 (SIGCHLD) received from 2664
2026/06/14 23:15:06 [notice] 1#1: unknown process 2664 exited with code 0
2026/06/14 23:15:36 [notice] 1#1: signal 17 (SIGCHLD) received from 2671
2026/06/14 23:15:36 [notice] 1#1: unknown process 2671 exited with code 0
2026/06/14 23:16:06 [notice] 1#1: signal 17 (SIGCHLD) received from 2679
2026/06/14 23:16:06 [notice] 1#1: unknown process 2679 exited with code 0
2026/06/14 23:16:36 [notice] 1#1: signal 17 (SIGCHLD) received from 2686
2026/06/14 23:16:36 [notice] 1#1: unknown process 2686 exited with code 0
2026/06/14 23:17:06 [notice] 1#1: signal 17 (SIGCHLD) received from 2693
2026/06/14 23:17:06 [notice] 1#1: unknown process 2693 exited with code 0
2026/06/14 23:17:36 [notice] 1#1: signal 17 (SIGCHLD) received from 2700
2026/06/14 23:17:36 [notice] 1#1: unknown process 2700 exited with code 0
2026/06/14 23:18:06 [notice] 1#1: signal 17 (SIGCHLD) received from 2707
2026/06/14 23:18:06 [notice] 1#1: unknown process 2707 exited with code 0
2026/06/14 23:18:36 [notice] 1#1: signal 17 (SIGCHLD) received from 2714
2026/06/14 23:18:36 [notice] 1#1: unknown process 2714 exited with code 0
2026/06/14 23:19:06 [notice] 1#1: signal 17 (SIGCHLD) received from 2721
2026/06/14 23:19:06 [notice] 1#1: unknown process 2721 exited with code 0
2026/06/14 23:19:36 [notice] 1#1: signal 17 (SIGCHLD) received from 2728
2026/06/14 23:19:36 [notice] 1#1: unknown process 2728 exited with code 0
2026/06/14 23:20:06 [notice] 1#1: signal 17 (SIGCHLD) received from 2735
2026/06/14 23:20:06 [notice] 1#1: unknown process 2735 exited with code 0
2026/06/14 23:20:36 [notice] 1#1: signal 17 (SIGCHLD) received from 2742
2026/06/14 23:20:36 [notice] 1#1: unknown process 2742 exited with code 0
2026/06/14 23:21:06 [notice] 1#1: signal 17 (SIGCHLD) received from 2749
2026/06/14 23:21:06 [notice] 1#1: unknown process 2749 exited with code 0
2026/06/14 23:21:36 [notice] 1#1: signal 17 (SIGCHLD) received from 2756
2026/06/14 23:21:36 [notice] 1#1: unknown process 2756 exited with code 0
2026/06/14 23:22:05 [notice] 1#1: signal 17 (SIGCHLD) received from 2763
2026/06/14 23:22:05 [notice] 1#1: unknown process 2763 exited with code 0
2026/06/14 23:22:35 [notice] 1#1: signal 17 (SIGCHLD) received from 2770
2026/06/14 23:22:35 [notice] 1#1: unknown process 2770 exited with code 0
2026/06/14 23:23:05 [notice] 1#1: signal 17 (SIGCHLD) received from 2777
2026/06/14 23:23:05 [notice] 1#1: unknown process 2777 exited with code 0
2026/06/14 23:23:35 [notice] 1#1: signal 17 (SIGCHLD) received from 2784
2026/06/14 23:23:35 [notice] 1#1: unknown process 2784 exited with code 0
2026/06/14 23:24:05 [notice] 1#1: signal 17 (SIGCHLD) received from 2791
2026/06/14 23:24:05 [notice] 1#1: unknown process 2791 exited with code 0
2026/06/14 23:24:35 [notice] 1#1: signal 17 (SIGCHLD) received from 2798
2026/06/14 23:24:35 [notice] 1#1: unknown process 2798 exited with code 0
2026/06/14 23:25:05 [notice] 1#1: signal 17 (SIGCHLD) received from 2805
2026/06/14 23:25:05 [notice] 1#1: unknown process 2805 exited with code 0
2026/06/14 23:25:35 [notice] 1#1: signal 17 (SIGCHLD) received from 2812
2026/06/14 23:25:35 [notice] 1#1: unknown process 2812 exited with code 0
2026/06/14 23:26:05 [notice] 1#1: signal 17 (SIGCHLD) received from 2819
2026/06/14 23:26:05 [notice] 1#1: unknown process 2819 exited with code 0
2026/06/14 23:26:34 [notice] 1#1: signal 17 (SIGCHLD) received from 2826
2026/06/14 23:26:34 [notice] 1#1: unknown process 2826 exited with code 0
2026/06/14 23:27:04 [notice] 1#1: signal 17 (SIGCHLD) received from 2833
2026/06/14 23:27:04 [notice] 1#1: unknown process 2833 exited with code 0
2026/06/14 23:27:34 [notice] 1#1: signal 17 (SIGCHLD) received from 2840
2026/06/14 23:27:34 [notice] 1#1: unknown process 2840 exited with code 0
2026/06/14 23:28:04 [notice] 1#1: signal 17 (SIGCHLD) received from 2847
2026/06/14 23:28:04 [notice] 1#1: unknown process 2847 exited with code 0
2026/06/14 23:28:34 [notice] 1#1: signal 17 (SIGCHLD) received from 2854
2026/06/14 23:28:34 [notice] 1#1: unknown process 2854 exited with code 0
2026/06/14 23:29:04 [notice] 1#1: signal 17 (SIGCHLD) received from 2861
2026/06/14 23:29:04 [notice] 1#1: unknown process 2861 exited with code 0
2026/06/14 23:29:34 [notice] 1#1: signal 17 (SIGCHLD) received from 2868
2026/06/14 23:29:34 [notice] 1#1: unknown process 2868 exited with code 0
2026/06/14 23:30:04 [notice] 1#1: signal 17 (SIGCHLD) received from 2875
2026/06/14 23:30:04 [notice] 1#1: unknown process 2875 exited with code 0
2026/06/14 23:30:33 [notice] 1#1: signal 17 (SIGCHLD) received from 2882
2026/06/14 23:30:33 [notice] 1#1: unknown process 2882 exited with code 0
2026/06/14 23:31:03 [notice] 1#1: signal 17 (SIGCHLD) received from 2889
2026/06/14 23:31:03 [notice] 1#1: unknown process 2889 exited with code 0
2026/06/14 23:31:33 [notice] 1#1: signal 17 (SIGCHLD) received from 2896
2026/06/14 23:31:33 [notice] 1#1: unknown process 2896 exited with code 0
2026/06/14 23:32:03 [notice] 1#1: signal 17 (SIGCHLD) received from 2903
2026/06/14 23:32:03 [notice] 1#1: unknown process 2903 exited with code 0
2026/06/14 23:32:33 [notice] 1#1: signal 17 (SIGCHLD) received from 2910
2026/06/14 23:32:33 [notice] 1#1: unknown process 2910 exited with code 0
2026/06/14 23:33:03 [notice] 1#1: signal 17 (SIGCHLD) received from 2917
2026/06/14 23:33:03 [notice] 1#1: unknown process 2917 exited with code 0
2026/06/14 23:33:33 [notice] 1#1: signal 17 (SIGCHLD) received from 2924
2026/06/14 23:33:33 [notice] 1#1: unknown process 2924 exited with code 0
2026/06/14 23:34:03 [notice] 1#1: signal 17 (SIGCHLD) received from 2931
2026/06/14 23:34:03 [notice] 1#1: unknown process 2931 exited with code 0
2026/06/14 23:34:32 [notice] 1#1: signal 17 (SIGCHLD) received from 2938
2026/06/14 23:34:32 [notice] 1#1: unknown process 2938 exited with code 0
2026/06/14 23:35:02 [notice] 1#1: signal 17 (SIGCHLD) received from 2945
2026/06/14 23:35:02 [notice] 1#1: unknown process 2945 exited with code 0
2026/06/14 23:35:32 [notice] 1#1: signal 17 (SIGCHLD) received from 2952
2026/06/14 23:35:32 [notice] 1#1: unknown process 2952 exited with code 0
2026/06/14 23:36:02 [notice] 1#1: signal 17 (SIGCHLD) received from 2959
2026/06/14 23:36:02 [notice] 1#1: unknown process 2959 exited with code 0
2026/06/14 23:36:32 [notice] 1#1: signal 17 (SIGCHLD) received from 2966
2026/06/14 23:36:32 [notice] 1#1: unknown process 2966 exited with code 0
2026/06/14 23:37:02 [notice] 1#1: signal 17 (SIGCHLD) received from 2973
2026/06/14 23:37:02 [notice] 1#1: unknown process 2973 exited with code 0
2026/06/14 23:37:32 [notice] 1#1: signal 17 (SIGCHLD) received from 2980
2026/06/14 23:37:32 [notice] 1#1: unknown process 2980 exited with code 0
2026/06/14 23:38:02 [notice] 1#1: signal 17 (SIGCHLD) received from 2987
2026/06/14 23:38:02 [notice] 1#1: unknown process 2987 exited with code 0
2026/06/14 23:38:33 [notice] 1#1: signal 17 (SIGCHLD) received from 2994
2026/06/14 23:38:33 [notice] 1#1: unknown process 2994 exited with code 0
2026/06/14 23:39:03 [notice] 1#1: signal 17 (SIGCHLD) received from 3001
2026/06/14 23:39:03 [notice] 1#1: unknown process 3001 exited with code 0
2026/06/14 23:39:33 [notice] 1#1: signal 17 (SIGCHLD) received from 3008
2026/06/14 23:39:33 [notice] 1#1: unknown process 3008 exited with code 0
2026/06/14 23:40:03 [notice] 1#1: signal 17 (SIGCHLD) received from 3015
2026/06/14 23:40:03 [notice] 1#1: unknown process 3015 exited with code 0
2026/06/14 23:40:33 [notice] 1#1: signal 17 (SIGCHLD) received from 3022
2026/06/14 23:40:33 [notice] 1#1: unknown process 3022 exited with code 0
2026/06/14 23:41:04 [notice] 1#1: signal 17 (SIGCHLD) received from 3029
2026/06/14 23:41:04 [notice] 1#1: unknown process 3029 exited with code 0
2026/06/14 23:41:34 [notice] 1#1: signal 17 (SIGCHLD) received from 3036
2026/06/14 23:41:34 [notice] 1#1: unknown process 3036 exited with code 0
2026/06/14 23:42:04 [notice] 1#1: signal 17 (SIGCHLD) received from 3043
2026/06/14 23:42:04 [notice] 1#1: unknown process 3043 exited with code 0
2026/06/14 23:42:34 [notice] 1#1: signal 17 (SIGCHLD) received from 3050
2026/06/14 23:42:34 [notice] 1#1: unknown process 3050 exited with code 0
2026/06/14 23:43:04 [notice] 1#1: signal 17 (SIGCHLD) received from 3057
2026/06/14 23:43:04 [notice] 1#1: unknown process 3057 exited with code 0
2026/06/14 23:43:35 [notice] 1#1: signal 17 (SIGCHLD) received from 3064
2026/06/14 23:43:35 [notice] 1#1: unknown process 3064 exited with code 0
2026/06/14 23:44:05 [notice] 1#1: signal 17 (SIGCHLD) received from 3070
2026/06/14 23:44:05 [notice] 1#1: unknown process 3070 exited with code 0
2026/06/14 23:44:35 [notice] 1#1: signal 17 (SIGCHLD) received from 3077
2026/06/14 23:44:35 [notice] 1#1: unknown process 3077 exited with code 0
2026/06/14 23:45:05 [notice] 1#1: signal 17 (SIGCHLD) received from 3084
2026/06/14 23:45:05 [notice] 1#1: unknown process 3084 exited with code 0
2026/06/14 23:45:35 [notice] 1#1: signal 17 (SIGCHLD) received from 3091
2026/06/14 23:45:35 [notice] 1#1: unknown process 3091 exited with code 0
2026/06/14 23:46:05 [notice] 1#1: signal 17 (SIGCHLD) received from 3097
2026/06/14 23:46:05 [notice] 1#1: unknown process 3097 exited with code 0
2026/06/14 23:46:36 [notice] 1#1: signal 17 (SIGCHLD) received from 3104
2026/06/14 23:46:36 [notice] 1#1: unknown process 3104 exited with code 0
2026/06/14 23:47:06 [notice] 1#1: signal 17 (SIGCHLD) received from 3111
2026/06/14 23:47:06 [notice] 1#1: unknown process 3111 exited with code 0
2026/06/14 23:47:36 [notice] 1#1: signal 17 (SIGCHLD) received from 3118
2026/06/14 23:47:36 [notice] 1#1: unknown process 3118 exited with code 0
2026/06/14 23:48:06 [notice] 1#1: signal 17 (SIGCHLD) received from 3125
2026/06/14 23:48:06 [notice] 1#1: unknown process 3125 exited with code 0
2026/06/14 23:48:36 [notice] 1#1: signal 17 (SIGCHLD) received from 3133
2026/06/14 23:48:36 [notice] 1#1: unknown process 3133 exited with code 0
2026/06/14 23:49:07 [notice] 1#1: signal 17 (SIGCHLD) received from 3140
2026/06/14 23:49:07 [notice] 1#1: unknown process 3140 exited with code 0
2026/06/14 23:49:37 [notice] 1#1: signal 17 (SIGCHLD) received from 3147
2026/06/14 23:49:37 [notice] 1#1: unknown process 3147 exited with code 0
2026/06/14 23:50:07 [notice] 1#1: signal 17 (SIGCHLD) received from 3154
2026/06/14 23:50:07 [notice] 1#1: unknown process 3154 exited with code 0
2026/06/14 23:50:37 [notice] 1#1: signal 17 (SIGCHLD) received from 3161
2026/06/14 23:50:37 [notice] 1#1: unknown process 3161 exited with code 0
2026/06/14 23:51:07 [notice] 1#1: signal 17 (SIGCHLD) received from 3168
2026/06/14 23:51:07 [notice] 1#1: unknown process 3168 exited with code 0
2026/06/14 23:51:38 [notice] 1#1: signal 17 (SIGCHLD) received from 3175
2026/06/14 23:51:38 [notice] 1#1: unknown process 3175 exited with code 0
2026/06/14 23:52:08 [notice] 1#1: signal 17 (SIGCHLD) received from 3182
2026/06/14 23:52:08 [notice] 1#1: unknown process 3182 exited with code 0
2026/06/14 23:52:38 [notice] 1#1: signal 17 (SIGCHLD) received from 3189
2026/06/14 23:52:38 [notice] 1#1: unknown process 3189 exited with code 0
2026/06/14 23:53:08 [notice] 1#1: signal 17 (SIGCHLD) received from 3196
2026/06/14 23:53:08 [notice] 1#1: unknown process 3196 exited with code 0
2026/06/14 23:53:38 [notice] 1#1: signal 17 (SIGCHLD) received from 3203
2026/06/14 23:53:38 [notice] 1#1: unknown process 3203 exited with code 0
2026/06/14 23:54:08 [notice] 1#1: signal 17 (SIGCHLD) received from 3210
2026/06/14 23:54:08 [notice] 1#1: unknown process 3210 exited with code 0
2026/06/14 23:54:39 [notice] 1#1: signal 17 (SIGCHLD) received from 3217
2026/06/14 23:54:39 [notice] 1#1: unknown process 3217 exited with code 0
2026/06/14 23:55:09 [notice] 1#1: signal 17 (SIGCHLD) received from 3224
2026/06/14 23:55:09 [notice] 1#1: unknown process 3224 exited with code 0
2026/06/14 23:55:39 [notice] 1#1: signal 17 (SIGCHLD) received from 3231
2026/06/14 23:55:39 [notice] 1#1: unknown process 3231 exited with code 0
2026/06/14 23:56:09 [notice] 1#1: signal 17 (SIGCHLD) received from 3238
2026/06/14 23:56:09 [notice] 1#1: unknown process 3238 exited with code 0
2026/06/14 23:56:39 [notice] 1#1: signal 17 (SIGCHLD) received from 3245
2026/06/14 23:56:39 [notice] 1#1: unknown process 3245 exited with code 0
2026/06/14 23:57:10 [notice] 1#1: signal 17 (SIGCHLD) received from 3252
2026/06/14 23:57:10 [notice] 1#1: unknown process 3252 exited with code 0
2026/06/14 23:57:40 [notice] 1#1: signal 17 (SIGCHLD) received from 3259
2026/06/14 23:57:40 [notice] 1#1: unknown process 3259 exited with code 0
2026/06/14 23:58:10 [notice] 1#1: signal 17 (SIGCHLD) received from 3265
2026/06/14 23:58:10 [notice] 1#1: unknown process 3265 exited with code 0
2026/06/14 23:58:40 [notice] 1#1: signal 17 (SIGCHLD) received from 3272
2026/06/14 23:58:40 [notice] 1#1: unknown process 3272 exited with code 0
2026/06/14 23:59:10 [notice] 1#1: signal 17 (SIGCHLD) received from 3279
2026/06/14 23:59:10 [notice] 1#1: unknown process 3279 exited with code 0
2026/06/14 23:59:41 [notice] 1#1: signal 17 (SIGCHLD) received from 3286
2026/06/14 23:59:41 [notice] 1#1: unknown process 3286 exited with code 0
2026/06/15 00:00:11 [notice] 1#1: signal 17 (SIGCHLD) received from 3293
2026/06/15 00:00:11 [notice] 1#1: unknown process 3293 exited with code 0
2026/06/15 00:00:41 [notice] 1#1: signal 17 (SIGCHLD) received from 3300
2026/06/15 00:00:41 [notice] 1#1: unknown process 3300 exited with code 0
2026/06/15 00:01:11 [notice] 1#1: signal 17 (SIGCHLD) received from 3307
2026/06/15 00:01:11 [notice] 1#1: unknown process 3307 exited with code 0
2026/06/15 00:01:41 [notice] 1#1: signal 17 (SIGCHLD) received from 3314
2026/06/15 00:01:41 [notice] 1#1: unknown process 3314 exited with code 0
2026/06/15 00:02:11 [notice] 1#1: signal 17 (SIGCHLD) received from 3321
2026/06/15 00:02:11 [notice] 1#1: unknown process 3321 exited with code 0
2026/06/15 00:02:42 [notice] 1#1: signal 17 (SIGCHLD) received from 3328
2026/06/15 00:02:42 [notice] 1#1: unknown process 3328 exited with code 0
2026/06/15 00:03:12 [notice] 1#1: signal 17 (SIGCHLD) received from 3335
2026/06/15 00:03:12 [notice] 1#1: unknown process 3335 exited with code 0
2026/06/15 00:03:42 [notice] 1#1: signal 17 (SIGCHLD) received from 3341
2026/06/15 00:03:42 [notice] 1#1: unknown process 3341 exited with code 0
2026/06/15 00:04:12 [notice] 1#1: signal 17 (SIGCHLD) received from 3348
2026/06/15 00:04:12 [notice] 1#1: unknown process 3348 exited with code 0
2026/06/15 00:04:43 [notice] 1#1: signal 17 (SIGCHLD) received from 3355
2026/06/15 00:04:43 [notice] 1#1: unknown process 3355 exited with code 0
2026/06/15 00:05:13 [notice] 1#1: signal 17 (SIGCHLD) received from 3362
2026/06/15 00:05:13 [notice] 1#1: unknown process 3362 exited with code 0
2026/06/15 00:05:43 [notice] 1#1: signal 17 (SIGCHLD) received from 3369
2026/06/15 00:05:43 [notice] 1#1: unknown process 3369 exited with code 0
2026/06/15 00:06:13 [notice] 1#1: signal 17 (SIGCHLD) received from 3376
2026/06/15 00:06:13 [notice] 1#1: unknown process 3376 exited with code 0
2026/06/15 00:06:43 [notice] 1#1: signal 17 (SIGCHLD) received from 3383
2026/06/15 00:06:43 [notice] 1#1: unknown process 3383 exited with code 0
2026/06/15 00:07:14 [notice] 1#1: signal 17 (SIGCHLD) received from 3390
2026/06/15 00:07:14 [notice] 1#1: unknown process 3390 exited with code 0
2026/06/15 00:07:44 [notice] 1#1: signal 17 (SIGCHLD) received from 3397
2026/06/15 00:07:44 [notice] 1#1: unknown process 3397 exited with code 0
2026/06/15 00:08:14 [notice] 1#1: signal 17 (SIGCHLD) received from 3404
2026/06/15 00:08:14 [notice] 1#1: unknown process 3404 exited with code 0
2026/06/15 00:08:44 [notice] 1#1: signal 17 (SIGCHLD) received from 3411
2026/06/15 00:08:44 [notice] 1#1: unknown process 3411 exited with code 0
2026/06/15 00:09:14 [notice] 1#1: signal 17 (SIGCHLD) received from 3418
2026/06/15 00:09:14 [notice] 1#1: unknown process 3418 exited with code 0
2026/06/15 00:09:45 [notice] 1#1: signal 17 (SIGCHLD) received from 3425
2026/06/15 00:09:45 [notice] 1#1: unknown process 3425 exited with code 0
2026/06/15 00:10:15 [notice] 1#1: signal 17 (SIGCHLD) received from 3432
2026/06/15 00:10:15 [notice] 1#1: unknown process 3432 exited with code 0
2026/06/15 00:10:45 [notice] 1#1: signal 17 (SIGCHLD) received from 3439
2026/06/15 00:10:45 [notice] 1#1: unknown process 3439 exited with code 0
2026/06/15 00:11:15 [notice] 1#1: signal 17 (SIGCHLD) received from 3446
2026/06/15 00:11:15 [notice] 1#1: unknown process 3446 exited with code 0
2026/06/15 00:11:45 [notice] 1#1: signal 17 (SIGCHLD) received from 3453
2026/06/15 00:11:45 [notice] 1#1: unknown process 3453 exited with code 0
2026/06/15 00:12:16 [notice] 1#1: signal 17 (SIGCHLD) received from 3460
2026/06/15 00:12:16 [notice] 1#1: unknown process 3460 exited with code 0
2026/06/15 00:12:46 [notice] 1#1: signal 17 (SIGCHLD) received from 3467
2026/06/15 00:12:46 [notice] 1#1: unknown process 3467 exited with code 0
2026/06/15 00:13:16 [notice] 1#1: signal 17 (SIGCHLD) received from 3473
2026/06/15 00:13:16 [notice] 1#1: unknown process 3473 exited with code 0
2026/06/15 00:13:46 [notice] 1#1: signal 17 (SIGCHLD) received from 3480
2026/06/15 00:13:46 [notice] 1#1: unknown process 3480 exited with code 0
2026/06/15 00:14:16 [notice] 1#1: signal 17 (SIGCHLD) received from 3487
2026/06/15 00:14:16 [notice] 1#1: unknown process 3487 exited with code 0
2026/06/15 00:14:47 [notice] 1#1: signal 17 (SIGCHLD) received from 3494
2026/06/15 00:14:47 [notice] 1#1: unknown process 3494 exited with code 0
2026/06/15 00:15:17 [notice] 1#1: signal 17 (SIGCHLD) received from 3501
2026/06/15 00:15:17 [notice] 1#1: unknown process 3501 exited with code 0
2026/06/15 00:15:47 [notice] 1#1: signal 17 (SIGCHLD) received from 3508
2026/06/15 00:15:47 [notice] 1#1: unknown process 3508 exited with code 0
2026/06/15 00:16:17 [notice] 1#1: signal 17 (SIGCHLD) received from 3515
2026/06/15 00:16:17 [notice] 1#1: unknown process 3515 exited with code 0
2026/06/15 00:16:47 [notice] 1#1: signal 17 (SIGCHLD) received from 3522
2026/06/15 00:16:47 [notice] 1#1: unknown process 3522 exited with code 0
2026/06/15 00:17:18 [notice] 1#1: signal 17 (SIGCHLD) received from 3529
2026/06/15 00:17:18 [notice] 1#1: unknown process 3529 exited with code 0
2026/06/15 00:17:48 [notice] 1#1: signal 17 (SIGCHLD) received from 3536
2026/06/15 00:17:48 [notice] 1#1: unknown process 3536 exited with code 0
2026/06/15 00:18:18 [notice] 1#1: signal 17 (SIGCHLD) received from 3543
2026/06/15 00:18:18 [notice] 1#1: unknown process 3543 exited with code 0
2026/06/15 00:18:48 [notice] 1#1: signal 17 (SIGCHLD) received from 3550
2026/06/15 00:18:48 [notice] 1#1: unknown process 3550 exited with code 0
2026/06/15 00:19:18 [notice] 1#1: signal 17 (SIGCHLD) received from 3557
2026/06/15 00:19:18 [notice] 1#1: unknown process 3557 exited with code 0
2026/06/15 00:19:49 [notice] 1#1: signal 17 (SIGCHLD) received from 3564
2026/06/15 00:19:49 [notice] 1#1: unknown process 3564 exited with code 0
2026/06/15 00:20:19 [notice] 1#1: signal 17 (SIGCHLD) received from 3571
2026/06/15 00:20:19 [notice] 1#1: unknown process 3571 exited with code 0
2026/06/15 00:20:49 [notice] 1#1: signal 17 (SIGCHLD) received from 3578
2026/06/15 00:20:49 [notice] 1#1: unknown process 3578 exited with code 0
2026/06/15 00:21:19 [notice] 1#1: signal 17 (SIGCHLD) received from 3585
2026/06/15 00:21:19 [notice] 1#1: unknown process 3585 exited with code 0
2026/06/15 00:21:49 [notice] 1#1: signal 17 (SIGCHLD) received from 3592
2026/06/15 00:21:49 [notice] 1#1: unknown process 3592 exited with code 0
2026/06/15 00:22:20 [notice] 1#1: signal 17 (SIGCHLD) received from 3599
2026/06/15 00:22:20 [notice] 1#1: unknown process 3599 exited with code 0
2026/06/15 00:22:50 [notice] 1#1: signal 17 (SIGCHLD) received from 3606
2026/06/15 00:22:50 [notice] 1#1: unknown process 3606 exited with code 0
2026/06/15 00:23:20 [notice] 1#1: signal 17 (SIGCHLD) received from 3613
2026/06/15 00:23:20 [notice] 1#1: unknown process 3613 exited with code 0
2026/06/15 00:23:50 [notice] 1#1: signal 17 (SIGCHLD) received from 3620
2026/06/15 00:23:50 [notice] 1#1: unknown process 3620 exited with code 0
2026/06/15 00:24:20 [notice] 1#1: signal 17 (SIGCHLD) received from 3627
2026/06/15 00:24:20 [notice] 1#1: unknown process 3627 exited with code 0
2026/06/15 00:24:51 [notice] 1#1: signal 17 (SIGCHLD) received from 3634
2026/06/15 00:24:51 [notice] 1#1: unknown process 3634 exited with code 0
2026/06/15 00:25:21 [notice] 1#1: signal 17 (SIGCHLD) received from 3641
2026/06/15 00:25:21 [notice] 1#1: unknown process 3641 exited with code 0
2026/06/15 00:25:51 [notice] 1#1: signal 17 (SIGCHLD) received from 3648
2026/06/15 00:25:51 [notice] 1#1: unknown process 3648 exited with code 0
2026/06/15 00:26:21 [notice] 1#1: signal 17 (SIGCHLD) received from 3655
2026/06/15 00:26:21 [notice] 1#1: unknown process 3655 exited with code 0
2026/06/15 00:26:51 [notice] 1#1: signal 17 (SIGCHLD) received from 3662
2026/06/15 00:26:51 [notice] 1#1: unknown process 3662 exited with code 0
2026/06/15 00:27:22 [notice] 1#1: signal 17 (SIGCHLD) received from 3669
2026/06/15 00:27:22 [notice] 1#1: unknown process 3669 exited with code 0
2026/06/15 00:27:52 [notice] 1#1: signal 17 (SIGCHLD) received from 3676
2026/06/15 00:27:52 [notice] 1#1: unknown process 3676 exited with code 0
2026/06/15 00:28:22 [notice] 1#1: signal 17 (SIGCHLD) received from 3683
2026/06/15 00:28:22 [notice] 1#1: unknown process 3683 exited with code 0
2026/06/15 00:28:52 [notice] 1#1: signal 17 (SIGCHLD) received from 3690
2026/06/15 00:28:52 [notice] 1#1: unknown process 3690 exited with code 0
2026/06/15 00:29:22 [notice] 1#1: signal 17 (SIGCHLD) received from 3698
2026/06/15 00:29:22 [notice] 1#1: unknown process 3698 exited with code 0
2026/06/15 00:29:53 [notice] 1#1: signal 17 (SIGCHLD) received from 3705
2026/06/15 00:29:53 [notice] 1#1: unknown process 3705 exited with code 0
2026/06/15 00:30:23 [notice] 1#1: signal 17 (SIGCHLD) received from 3712
2026/06/15 00:30:23 [notice] 1#1: unknown process 3712 exited with code 0
2026/06/15 00:30:53 [notice] 1#1: signal 17 (SIGCHLD) received from 3719
2026/06/15 00:30:53 [notice] 1#1: unknown process 3719 exited with code 0
2026/06/15 00:31:23 [notice] 1#1: signal 17 (SIGCHLD) received from 3726
2026/06/15 00:31:23 [notice] 1#1: unknown process 3726 exited with code 0
2026/06/15 00:31:53 [notice] 1#1: signal 17 (SIGCHLD) received from 3733
2026/06/15 00:31:53 [notice] 1#1: unknown process 3733 exited with code 0
2026/06/15 00:32:24 [notice] 1#1: signal 17 (SIGCHLD) received from 3740
2026/06/15 00:32:24 [notice] 1#1: unknown process 3740 exited with code 0
2026/06/15 00:32:54 [notice] 1#1: signal 17 (SIGCHLD) received from 3747
2026/06/15 00:32:54 [notice] 1#1: unknown process 3747 exited with code 0
2026/06/15 00:33:24 [notice] 1#1: signal 17 (SIGCHLD) received from 3754
2026/06/15 00:33:24 [notice] 1#1: unknown process 3754 exited with code 0
2026/06/15 00:33:54 [notice] 1#1: signal 17 (SIGCHLD) received from 3761
2026/06/15 00:33:54 [notice] 1#1: unknown process 3761 exited with code 0
2026/06/15 00:34:24 [notice] 1#1: signal 17 (SIGCHLD) received from 3768
2026/06/15 00:34:24 [notice] 1#1: unknown process 3768 exited with code 0
2026/06/15 00:34:55 [notice] 1#1: signal 17 (SIGCHLD) received from 3775
2026/06/15 00:34:55 [notice] 1#1: unknown process 3775 exited with code 0
2026/06/15 00:35:25 [notice] 1#1: signal 17 (SIGCHLD) received from 3782
2026/06/15 00:35:25 [notice] 1#1: unknown process 3782 exited with code 0
2026/06/15 00:35:55 [notice] 1#1: signal 17 (SIGCHLD) received from 3789
2026/06/15 00:35:55 [notice] 1#1: unknown process 3789 exited with code 0
2026/06/15 00:36:25 [notice] 1#1: signal 17 (SIGCHLD) received from 3796
2026/06/15 00:36:25 [notice] 1#1: unknown process 3796 exited with code 0
2026/06/15 00:36:55 [notice] 1#1: signal 17 (SIGCHLD) received from 3803
2026/06/15 00:36:55 [notice] 1#1: unknown process 3803 exited with code 0
2026/06/15 00:37:25 [notice] 1#1: signal 17 (SIGCHLD) received from 3810
2026/06/15 00:37:25 [notice] 1#1: unknown process 3810 exited with code 0
2026/06/15 00:37:56 [notice] 1#1: signal 17 (SIGCHLD) received from 3817
2026/06/15 00:37:56 [notice] 1#1: unknown process 3817 exited with code 0
2026/06/15 00:38:26 [notice] 1#1: signal 17 (SIGCHLD) received from 3824
2026/06/15 00:38:26 [notice] 1#1: unknown process 3824 exited with code 0
2026/06/15 00:38:56 [notice] 1#1: signal 17 (SIGCHLD) received from 3831
2026/06/15 00:38:56 [notice] 1#1: unknown process 3831 exited with code 0
2026/06/15 00:39:26 [notice] 1#1: signal 17 (SIGCHLD) received from 3838
2026/06/15 00:39:26 [notice] 1#1: unknown process 3838 exited with code 0
2026/06/15 00:39:56 [notice] 1#1: signal 17 (SIGCHLD) received from 3845
2026/06/15 00:39:56 [notice] 1#1: unknown process 3845 exited with code 0
2026/06/15 00:40:27 [notice] 1#1: signal 17 (SIGCHLD) received from 3852
2026/06/15 00:40:27 [notice] 1#1: unknown process 3852 exited with code 0
2026/06/15 00:40:57 [notice] 1#1: signal 17 (SIGCHLD) received from 3859
2026/06/15 00:40:57 [notice] 1#1: unknown process 3859 exited with code 0
2026/06/15 00:41:27 [notice] 1#1: signal 17 (SIGCHLD) received from 3866
2026/06/15 00:41:27 [notice] 1#1: unknown process 3866 exited with code 0
2026/06/15 00:41:57 [notice] 1#1: signal 17 (SIGCHLD) received from 3873
2026/06/15 00:41:57 [notice] 1#1: unknown process 3873 exited with code 0
2026/06/15 00:42:27 [notice] 1#1: signal 17 (SIGCHLD) received from 3880
2026/06/15 00:42:27 [notice] 1#1: unknown process 3880 exited with code 0
2026/06/15 00:42:58 [notice] 1#1: signal 17 (SIGCHLD) received from 3887
2026/06/15 00:42:58 [notice] 1#1: unknown process 3887 exited with code 0
2026/06/15 00:43:28 [notice] 1#1: signal 17 (SIGCHLD) received from 3894
2026/06/15 00:43:28 [notice] 1#1: unknown process 3894 exited with code 0
2026/06/15 00:43:58 [notice] 1#1: signal 17 (SIGCHLD) received from 3901
2026/06/15 00:43:58 [notice] 1#1: unknown process 3901 exited with code 0
2026/06/15 00:44:28 [notice] 1#1: signal 17 (SIGCHLD) received from 3908
2026/06/15 00:44:28 [notice] 1#1: unknown process 3908 exited with code 0
2026/06/15 00:44:58 [notice] 1#1: signal 17 (SIGCHLD) received from 3915
2026/06/15 00:44:58 [notice] 1#1: unknown process 3915 exited with code 0
2026/06/15 00:45:28 [notice] 1#1: signal 17 (SIGCHLD) received from 3922
2026/06/15 00:45:28 [notice] 1#1: unknown process 3922 exited with code 0
2026/06/15 00:45:59 [notice] 1#1: signal 17 (SIGCHLD) received from 3929
2026/06/15 00:45:59 [notice] 1#1: unknown process 3929 exited with code 0
2026/06/15 00:46:29 [notice] 1#1: signal 17 (SIGCHLD) received from 3936
2026/06/15 00:46:29 [notice] 1#1: unknown process 3936 exited with code 0
2026/06/15 00:46:59 [notice] 1#1: signal 17 (SIGCHLD) received from 3943
2026/06/15 00:46:59 [notice] 1#1: unknown process 3943 exited with code 0
2026/06/15 00:47:29 [notice] 1#1: signal 17 (SIGCHLD) received from 3950
2026/06/15 00:47:29 [notice] 1#1: unknown process 3950 exited with code 0
2026/06/15 00:47:59 [notice] 1#1: signal 17 (SIGCHLD) received from 3957
2026/06/15 00:47:59 [notice] 1#1: unknown process 3957 exited with code 0
2026/06/15 00:48:30 [notice] 1#1: signal 17 (SIGCHLD) received from 3964
2026/06/15 00:48:30 [notice] 1#1: unknown process 3964 exited with code 0
2026/06/15 00:49:00 [notice] 1#1: signal 17 (SIGCHLD) received from 3971
2026/06/15 00:49:00 [notice] 1#1: unknown process 3971 exited with code 0
2026/06/15 00:49:30 [notice] 1#1: signal 17 (SIGCHLD) received from 3977
2026/06/15 00:49:30 [notice] 1#1: unknown process 3977 exited with code 0
2026/06/15 00:50:00 [notice] 1#1: signal 17 (SIGCHLD) received from 3984
2026/06/15 00:50:00 [notice] 1#1: unknown process 3984 exited with code 0
2026/06/15 00:50:30 [notice] 1#1: signal 17 (SIGCHLD) received from 3991
2026/06/15 00:50:30 [notice] 1#1: unknown process 3991 exited with code 0
2026/06/15 00:51:01 [notice] 1#1: signal 17 (SIGCHLD) received from 3998
2026/06/15 00:51:01 [notice] 1#1: unknown process 3998 exited with code 0
2026/06/15 00:51:31 [notice] 1#1: signal 17 (SIGCHLD) received from 4005
2026/06/15 00:51:31 [notice] 1#1: unknown process 4005 exited with code 0
2026/06/15 00:52:01 [notice] 1#1: signal 17 (SIGCHLD) received from 4012
2026/06/15 00:52:01 [notice] 1#1: unknown process 4012 exited with code 0
2026/06/15 00:52:31 [notice] 1#1: signal 17 (SIGCHLD) received from 4019
2026/06/15 00:52:31 [notice] 1#1: unknown process 4019 exited with code 0
2026/06/15 00:53:01 [notice] 1#1: signal 17 (SIGCHLD) received from 4026
2026/06/15 00:53:01 [notice] 1#1: unknown process 4026 exited with code 0
2026/06/15 00:53:32 [notice] 1#1: signal 17 (SIGCHLD) received from 4033
2026/06/15 00:53:32 [notice] 1#1: unknown process 4033 exited with code 0
2026/06/15 00:54:02 [notice] 1#1: signal 17 (SIGCHLD) received from 4040
2026/06/15 00:54:02 [notice] 1#1: unknown process 4040 exited with code 0
2026/06/15 00:54:32 [notice] 1#1: signal 17 (SIGCHLD) received from 4047
2026/06/15 00:54:32 [notice] 1#1: unknown process 4047 exited with code 0
2026/06/15 00:55:02 [notice] 1#1: signal 17 (SIGCHLD) received from 4054
2026/06/15 00:55:02 [notice] 1#1: unknown process 4054 exited with code 0
2026/06/15 00:55:32 [notice] 1#1: signal 17 (SIGCHLD) received from 4061
2026/06/15 00:55:32 [notice] 1#1: unknown process 4061 exited with code 0
2026/06/15 00:56:03 [notice] 1#1: signal 17 (SIGCHLD) received from 4068
2026/06/15 00:56:03 [notice] 1#1: unknown process 4068 exited with code 0
2026/06/15 00:56:33 [notice] 1#1: signal 17 (SIGCHLD) received from 4075
2026/06/15 00:56:33 [notice] 1#1: unknown process 4075 exited with code 0
2026/06/15 00:57:03 [notice] 1#1: signal 17 (SIGCHLD) received from 4082
2026/06/15 00:57:03 [notice] 1#1: unknown process 4082 exited with code 0
2026/06/15 00:57:33 [notice] 1#1: signal 17 (SIGCHLD) received from 4089
2026/06/15 00:57:33 [notice] 1#1: unknown process 4089 exited with code 0
2026/06/15 00:58:03 [notice] 1#1: signal 17 (SIGCHLD) received from 4096
2026/06/15 00:58:03 [notice] 1#1: unknown process 4096 exited with code 0
2026/06/15 00:58:34 [notice] 1#1: signal 17 (SIGCHLD) received from 4103
2026/06/15 00:58:34 [notice] 1#1: unknown process 4103 exited with code 0
2026/06/15 00:59:04 [notice] 1#1: signal 17 (SIGCHLD) received from 4110
2026/06/15 00:59:04 [notice] 1#1: unknown process 4110 exited with code 0
2026/06/15 00:59:34 [notice] 1#1: signal 17 (SIGCHLD) received from 4117
2026/06/15 00:59:34 [notice] 1#1: unknown process 4117 exited with code 0
2026/06/15 01:00:04 [notice] 1#1: signal 17 (SIGCHLD) received from 4124
2026/06/15 01:00:04 [notice] 1#1: unknown process 4124 exited with code 0
2026/06/15 01:00:34 [notice] 1#1: signal 17 (SIGCHLD) received from 4131
2026/06/15 01:00:34 [notice] 1#1: unknown process 4131 exited with code 0
2026/06/15 01:01:05 [notice] 1#1: signal 17 (SIGCHLD) received from 4138
2026/06/15 01:01:05 [notice] 1#1: unknown process 4138 exited with code 0
2026/06/15 01:01:35 [notice] 1#1: signal 17 (SIGCHLD) received from 4146
2026/06/15 01:01:35 [notice] 1#1: unknown process 4146 exited with code 0
2026/06/15 01:02:05 [notice] 1#1: signal 17 (SIGCHLD) received from 4153
2026/06/15 01:02:05 [notice] 1#1: unknown process 4153 exited with code 0
2026/06/15 01:02:35 [notice] 1#1: signal 17 (SIGCHLD) received from 4160
2026/06/15 01:02:35 [notice] 1#1: unknown process 4160 exited with code 0
2026/06/15 01:03:05 [notice] 1#1: signal 17 (SIGCHLD) received from 4166
2026/06/15 01:03:05 [notice] 1#1: unknown process 4166 exited with code 0
2026/06/15 01:03:36 [notice] 1#1: signal 17 (SIGCHLD) received from 4173
2026/06/15 01:03:36 [notice] 1#1: unknown process 4173 exited with code 0
2026/06/15 01:04:06 [notice] 1#1: signal 17 (SIGCHLD) received from 4180
2026/06/15 01:04:06 [notice] 1#1: unknown process 4180 exited with code 0
2026/06/15 01:04:36 [notice] 1#1: signal 17 (SIGCHLD) received from 4186
2026/06/15 01:04:36 [notice] 1#1: unknown process 4186 exited with code 0
2026/06/15 01:05:06 [notice] 1#1: signal 17 (SIGCHLD) received from 4193
2026/06/15 01:05:06 [notice] 1#1: unknown process 4193 exited with code 0
2026/06/15 01:05:36 [notice] 1#1: signal 17 (SIGCHLD) received from 4200
2026/06/15 01:05:36 [notice] 1#1: unknown process 4200 exited with code 0
2026/06/15 01:06:07 [notice] 1#1: signal 17 (SIGCHLD) received from 4207
2026/06/15 01:06:07 [notice] 1#1: unknown process 4207 exited with code 0
2026/06/15 01:06:37 [notice] 1#1: signal 17 (SIGCHLD) received from 4214
2026/06/15 01:06:37 [notice] 1#1: unknown process 4214 exited with code 0
2026/06/15 01:07:07 [notice] 1#1: signal 17 (SIGCHLD) received from 4221
2026/06/15 01:07:07 [notice] 1#1: unknown process 4221 exited with code 0
2026/06/15 01:07:37 [notice] 1#1: signal 17 (SIGCHLD) received from 4228
2026/06/15 01:07:37 [notice] 1#1: unknown process 4228 exited with code 0
2026/06/15 01:08:07 [notice] 1#1: signal 17 (SIGCHLD) received from 4235
2026/06/15 01:08:07 [notice] 1#1: unknown process 4235 exited with code 0
2026/06/15 01:08:38 [notice] 1#1: signal 17 (SIGCHLD) received from 4242
2026/06/15 01:08:38 [notice] 1#1: unknown process 4242 exited with code 0
2026/06/15 01:09:08 [notice] 1#1: signal 17 (SIGCHLD) received from 4249
2026/06/15 01:09:08 [notice] 1#1: unknown process 4249 exited with code 0
2026/06/15 01:09:38 [notice] 1#1: signal 17 (SIGCHLD) received from 4256
2026/06/15 01:09:38 [notice] 1#1: unknown process 4256 exited with code 0
2026/06/15 01:10:08 [notice] 1#1: signal 17 (SIGCHLD) received from 4263
2026/06/15 01:10:08 [notice] 1#1: unknown process 4263 exited with code 0
2026/06/15 01:10:38 [notice] 1#1: signal 17 (SIGCHLD) received from 4270
2026/06/15 01:10:38 [notice] 1#1: unknown process 4270 exited with code 0
2026/06/15 01:11:08 [notice] 1#1: signal 17 (SIGCHLD) received from 4277
2026/06/15 01:11:08 [notice] 1#1: unknown process 4277 exited with code 0
2026/06/15 01:11:39 [notice] 1#1: signal 17 (SIGCHLD) received from 4284
2026/06/15 01:11:39 [notice] 1#1: unknown process 4284 exited with code 0
2026/06/15 01:12:09 [notice] 1#1: signal 17 (SIGCHLD) received from 4291
2026/06/15 01:12:09 [notice] 1#1: unknown process 4291 exited with code 0
2026/06/15 01:12:39 [notice] 1#1: signal 17 (SIGCHLD) received from 4298
2026/06/15 01:12:39 [notice] 1#1: unknown process 4298 exited with code 0
2026/06/15 01:13:09 [notice] 1#1: signal 17 (SIGCHLD) received from 4305
2026/06/15 01:13:09 [notice] 1#1: unknown process 4305 exited with code 0
2026/06/15 01:13:39 [notice] 1#1: signal 17 (SIGCHLD) received from 4312
2026/06/15 01:13:39 [notice] 1#1: unknown process 4312 exited with code 0
2026/06/15 01:14:10 [notice] 1#1: signal 17 (SIGCHLD) received from 4319
2026/06/15 01:14:10 [notice] 1#1: unknown process 4319 exited with code 0
2026/06/15 01:14:40 [notice] 1#1: signal 17 (SIGCHLD) received from 4326
2026/06/15 01:14:40 [notice] 1#1: unknown process 4326 exited with code 0
2026/06/15 01:15:10 [notice] 1#1: signal 17 (SIGCHLD) received from 4333
2026/06/15 01:15:10 [notice] 1#1: unknown process 4333 exited with code 0
2026/06/15 01:15:40 [notice] 1#1: signal 17 (SIGCHLD) received from 4340
2026/06/15 01:15:40 [notice] 1#1: unknown process 4340 exited with code 0
2026/06/15 01:16:10 [notice] 1#1: signal 17 (SIGCHLD) received from 4347
2026/06/15 01:16:10 [notice] 1#1: unknown process 4347 exited with code 0
2026/06/15 01:16:40 [notice] 1#1: signal 17 (SIGCHLD) received from 4354
2026/06/15 01:16:40 [notice] 1#1: unknown process 4354 exited with code 0
2026/06/15 01:17:11 [notice] 1#1: signal 17 (SIGCHLD) received from 4361
2026/06/15 01:17:11 [notice] 1#1: unknown process 4361 exited with code 0
2026/06/15 01:17:41 [notice] 1#1: signal 17 (SIGCHLD) received from 4368
2026/06/15 01:17:41 [notice] 1#1: unknown process 4368 exited with code 0
2026/06/15 01:18:11 [notice] 1#1: signal 17 (SIGCHLD) received from 4375
2026/06/15 01:18:11 [notice] 1#1: unknown process 4375 exited with code 0
2026/06/15 01:18:41 [notice] 1#1: signal 17 (SIGCHLD) received from 4382
2026/06/15 01:18:41 [notice] 1#1: unknown process 4382 exited with code 0
2026/06/15 01:19:11 [notice] 1#1: signal 17 (SIGCHLD) received from 4389
2026/06/15 01:19:11 [notice] 1#1: unknown process 4389 exited with code 0
2026/06/15 01:19:42 [notice] 1#1: signal 17 (SIGCHLD) received from 4396
2026/06/15 01:19:42 [notice] 1#1: unknown process 4396 exited with code 0
2026/06/15 01:20:12 [notice] 1#1: signal 17 (SIGCHLD) received from 4403
2026/06/15 01:20:12 [notice] 1#1: unknown process 4403 exited with code 0
2026/06/15 01:20:42 [notice] 1#1: signal 17 (SIGCHLD) received from 4410
2026/06/15 01:20:42 [notice] 1#1: unknown process 4410 exited with code 0
2026/06/15 01:21:12 [notice] 1#1: signal 17 (SIGCHLD) received from 4417
2026/06/15 01:21:12 [notice] 1#1: unknown process 4417 exited with code 0
2026/06/15 01:21:42 [notice] 1#1: signal 17 (SIGCHLD) received from 4424
2026/06/15 01:21:42 [notice] 1#1: unknown process 4424 exited with code 0
2026/06/15 01:22:13 [notice] 1#1: signal 17 (SIGCHLD) received from 4431
2026/06/15 01:22:13 [notice] 1#1: unknown process 4431 exited with code 0
2026/06/15 01:22:43 [notice] 1#1: signal 17 (SIGCHLD) received from 4438
2026/06/15 01:22:43 [notice] 1#1: unknown process 4438 exited with code 0
2026/06/15 01:23:13 [notice] 1#1: signal 17 (SIGCHLD) received from 4445
2026/06/15 01:23:13 [notice] 1#1: unknown process 4445 exited with code 0
2026/06/15 01:23:43 [notice] 1#1: signal 17 (SIGCHLD) received from 4452
2026/06/15 01:23:43 [notice] 1#1: unknown process 4452 exited with code 0
2026/06/15 01:24:13 [notice] 1#1: signal 17 (SIGCHLD) received from 4459
2026/06/15 01:24:13 [notice] 1#1: unknown process 4459 exited with code 0
2026/06/15 01:24:43 [notice] 1#1: signal 17 (SIGCHLD) received from 4466
2026/06/15 01:24:43 [notice] 1#1: unknown process 4466 exited with code 0
2026/06/15 01:25:14 [notice] 1#1: signal 17 (SIGCHLD) received from 4473
2026/06/15 01:25:14 [notice] 1#1: unknown process 4473 exited with code 0
2026/06/15 01:25:44 [notice] 1#1: signal 17 (SIGCHLD) received from 4480
2026/06/15 01:25:44 [notice] 1#1: unknown process 4480 exited with code 0
2026/06/15 01:26:14 [notice] 1#1: signal 17 (SIGCHLD) received from 4487
2026/06/15 01:26:14 [notice] 1#1: unknown process 4487 exited with code 0
2026/06/15 01:26:44 [notice] 1#1: signal 17 (SIGCHLD) received from 4494
2026/06/15 01:26:44 [notice] 1#1: unknown process 4494 exited with code 0
2026/06/15 01:27:14 [notice] 1#1: signal 17 (SIGCHLD) received from 4500
2026/06/15 01:27:14 [notice] 1#1: unknown process 4500 exited with code 0
2026/06/15 01:27:44 [notice] 1#1: signal 17 (SIGCHLD) received from 4507
2026/06/15 01:27:44 [notice] 1#1: unknown process 4507 exited with code 0
2026/06/15 01:28:15 [notice] 1#1: signal 17 (SIGCHLD) received from 4514
2026/06/15 01:28:15 [notice] 1#1: unknown process 4514 exited with code 0
2026/06/15 01:28:45 [notice] 1#1: signal 17 (SIGCHLD) received from 4521
2026/06/15 01:28:45 [notice] 1#1: unknown process 4521 exited with code 0
2026/06/15 01:29:15 [notice] 1#1: signal 17 (SIGCHLD) received from 4528
2026/06/15 01:29:15 [notice] 1#1: unknown process 4528 exited with code 0
2026/06/15 01:29:45 [notice] 1#1: signal 17 (SIGCHLD) received from 4535
2026/06/15 01:29:45 [notice] 1#1: unknown process 4535 exited with code 0
2026/06/15 01:30:15 [notice] 1#1: signal 17 (SIGCHLD) received from 4542
2026/06/15 01:30:15 [notice] 1#1: unknown process 4542 exited with code 0
2026/06/15 01:30:45 [notice] 1#1: signal 17 (SIGCHLD) received from 4549
2026/06/15 01:30:45 [notice] 1#1: unknown process 4549 exited with code 0
2026/06/15 01:31:16 [notice] 1#1: signal 17 (SIGCHLD) received from 4556
2026/06/15 01:31:16 [notice] 1#1: unknown process 4556 exited with code 0
2026/06/15 01:31:46 [notice] 1#1: signal 17 (SIGCHLD) received from 4563
2026/06/15 01:31:46 [notice] 1#1: unknown process 4563 exited with code 0
2026/06/15 01:32:16 [notice] 1#1: signal 17 (SIGCHLD) received from 4570
2026/06/15 01:32:16 [notice] 1#1: unknown process 4570 exited with code 0
2026/06/15 01:32:46 [notice] 1#1: signal 17 (SIGCHLD) received from 4577
2026/06/15 01:32:46 [notice] 1#1: unknown process 4577 exited with code 0
2026/06/15 01:33:16 [notice] 1#1: signal 17 (SIGCHLD) received from 4584
2026/06/15 01:33:16 [notice] 1#1: unknown process 4584 exited with code 0
2026/06/15 01:33:46 [notice] 1#1: signal 17 (SIGCHLD) received from 4591
2026/06/15 01:33:46 [notice] 1#1: unknown process 4591 exited with code 0
2026/06/15 01:34:17 [notice] 1#1: signal 17 (SIGCHLD) received from 4598
2026/06/15 01:34:17 [notice] 1#1: unknown process 4598 exited with code 0
2026/06/15 01:34:47 [notice] 1#1: signal 17 (SIGCHLD) received from 4605
2026/06/15 01:34:47 [notice] 1#1: unknown process 4605 exited with code 0
2026/06/15 01:35:17 [notice] 1#1: signal 17 (SIGCHLD) received from 4612
2026/06/15 01:35:17 [notice] 1#1: unknown process 4612 exited with code 0
2026/06/15 01:35:47 [notice] 1#1: signal 17 (SIGCHLD) received from 4619
2026/06/15 01:35:47 [notice] 1#1: unknown process 4619 exited with code 0
2026/06/15 01:36:17 [notice] 1#1: signal 17 (SIGCHLD) received from 4626
2026/06/15 01:36:17 [notice] 1#1: unknown process 4626 exited with code 0
2026/06/15 01:36:48 [notice] 1#1: signal 17 (SIGCHLD) received from 4633
2026/06/15 01:36:48 [notice] 1#1: unknown process 4633 exited with code 0
2026/06/15 01:37:18 [notice] 1#1: signal 17 (SIGCHLD) received from 4640
2026/06/15 01:37:18 [notice] 1#1: unknown process 4640 exited with code 0
2026/06/15 01:37:48 [notice] 1#1: signal 17 (SIGCHLD) received from 4647
2026/06/15 01:37:48 [notice] 1#1: unknown process 4647 exited with code 0
2026/06/15 01:38:18 [notice] 1#1: signal 17 (SIGCHLD) received from 4654
2026/06/15 01:38:18 [notice] 1#1: unknown process 4654 exited with code 0
2026/06/15 01:38:48 [notice] 1#1: signal 17 (SIGCHLD) received from 4661
2026/06/15 01:38:48 [notice] 1#1: unknown process 4661 exited with code 0
2026/06/15 01:39:19 [notice] 1#1: signal 17 (SIGCHLD) received from 4668
2026/06/15 01:39:19 [notice] 1#1: unknown process 4668 exited with code 0
2026/06/15 01:39:49 [notice] 1#1: signal 17 (SIGCHLD) received from 4675
2026/06/15 01:39:49 [notice] 1#1: unknown process 4675 exited with code 0
2026/06/15 01:40:19 [notice] 1#1: signal 17 (SIGCHLD) received from 4682
2026/06/15 01:40:19 [notice] 1#1: unknown process 4682 exited with code 0
2026/06/15 01:40:49 [notice] 1#1: signal 17 (SIGCHLD) received from 4689
2026/06/15 01:40:49 [notice] 1#1: unknown process 4689 exited with code 0
2026/06/15 01:41:19 [notice] 1#1: signal 17 (SIGCHLD) received from 4696
2026/06/15 01:41:19 [notice] 1#1: unknown process 4696 exited with code 0
2026/06/15 01:41:49 [notice] 1#1: signal 17 (SIGCHLD) received from 4703
2026/06/15 01:41:49 [notice] 1#1: unknown process 4703 exited with code 0
2026/06/15 01:42:20 [notice] 1#1: signal 17 (SIGCHLD) received from 4710
2026/06/15 01:42:20 [notice] 1#1: unknown process 4710 exited with code 0
2026/06/15 01:42:50 [notice] 1#1: signal 17 (SIGCHLD) received from 4717
2026/06/15 01:42:50 [notice] 1#1: unknown process 4717 exited with code 0
2026/06/15 01:43:20 [notice] 1#1: signal 17 (SIGCHLD) received from 4724
2026/06/15 01:43:20 [notice] 1#1: unknown process 4724 exited with code 0
2026/06/15 01:43:50 [notice] 1#1: signal 17 (SIGCHLD) received from 4731
2026/06/15 01:43:50 [notice] 1#1: unknown process 4731 exited with code 0
2026/06/15 01:44:20 [notice] 1#1: signal 17 (SIGCHLD) received from 4738
2026/06/15 01:44:20 [notice] 1#1: unknown process 4738 exited with code 0
2026/06/15 01:44:50 [notice] 1#1: signal 17 (SIGCHLD) received from 4745
2026/06/15 01:44:50 [notice] 1#1: unknown process 4745 exited with code 0
2026/06/15 01:45:21 [notice] 1#1: signal 17 (SIGCHLD) received from 4752
2026/06/15 01:45:21 [notice] 1#1: unknown process 4752 exited with code 0
2026/06/15 01:45:51 [notice] 1#1: signal 17 (SIGCHLD) received from 4759
2026/06/15 01:45:51 [notice] 1#1: unknown process 4759 exited with code 0
2026/06/15 01:46:21 [notice] 1#1: signal 17 (SIGCHLD) received from 4766
2026/06/15 01:46:21 [notice] 1#1: unknown process 4766 exited with code 0
2026/06/15 01:46:51 [notice] 1#1: signal 17 (SIGCHLD) received from 4773
2026/06/15 01:46:51 [notice] 1#1: unknown process 4773 exited with code 0
2026/06/15 01:47:21 [notice] 1#1: signal 17 (SIGCHLD) received from 4780
2026/06/15 01:47:21 [notice] 1#1: unknown process 4780 exited with code 0
2026/06/15 01:47:52 [notice] 1#1: signal 17 (SIGCHLD) received from 4787
2026/06/15 01:47:52 [notice] 1#1: unknown process 4787 exited with code 0
2026/06/15 01:48:22 [notice] 1#1: signal 17 (SIGCHLD) received from 4794
2026/06/15 01:48:22 [notice] 1#1: unknown process 4794 exited with code 0
2026/06/15 01:48:52 [notice] 1#1: signal 17 (SIGCHLD) received from 4801
2026/06/15 01:48:52 [notice] 1#1: unknown process 4801 exited with code 0
2026/06/15 01:49:22 [notice] 1#1: signal 17 (SIGCHLD) received from 4808
2026/06/15 01:49:22 [notice] 1#1: unknown process 4808 exited with code 0
2026/06/15 01:49:52 [notice] 1#1: signal 17 (SIGCHLD) received from 4815
2026/06/15 01:49:52 [notice] 1#1: unknown process 4815 exited with code 0
2026/06/15 01:50:23 [notice] 1#1: signal 17 (SIGCHLD) received from 4822
2026/06/15 01:50:23 [notice] 1#1: unknown process 4822 exited with code 0
2026/06/15 01:50:53 [notice] 1#1: signal 17 (SIGCHLD) received from 4829
2026/06/15 01:50:53 [notice] 1#1: unknown process 4829 exited with code 0
2026/06/15 01:51:23 [notice] 1#1: signal 17 (SIGCHLD) received from 4836
2026/06/15 01:51:23 [notice] 1#1: unknown process 4836 exited with code 0
2026/06/15 01:51:53 [notice] 1#1: signal 17 (SIGCHLD) received from 4843
2026/06/15 01:51:53 [notice] 1#1: unknown process 4843 exited with code 0
2026/06/15 01:52:23 [notice] 1#1: signal 17 (SIGCHLD) received from 4850
2026/06/15 01:52:23 [notice] 1#1: unknown process 4850 exited with code 0
2026/06/15 01:52:54 [notice] 1#1: signal 17 (SIGCHLD) received from 4857
2026/06/15 01:52:54 [notice] 1#1: unknown process 4857 exited with code 0
2026/06/15 01:53:24 [notice] 1#1: signal 17 (SIGCHLD) received from 4864
2026/06/15 01:53:24 [notice] 1#1: unknown process 4864 exited with code 0
2026/06/15 01:53:54 [notice] 1#1: signal 17 (SIGCHLD) received from 4871
2026/06/15 01:53:54 [notice] 1#1: unknown process 4871 exited with code 0
2026/06/15 01:54:24 [notice] 1#1: signal 17 (SIGCHLD) received from 4878
2026/06/15 01:54:24 [notice] 1#1: unknown process 4878 exited with code 0
2026/06/15 01:54:54 [notice] 1#1: signal 17 (SIGCHLD) received from 4885
2026/06/15 01:54:54 [notice] 1#1: unknown process 4885 exited with code 0
2026/06/15 01:55:25 [notice] 1#1: signal 17 (SIGCHLD) received from 4892
2026/06/15 01:55:25 [notice] 1#1: unknown process 4892 exited with code 0
2026/06/15 01:55:55 [notice] 1#1: signal 17 (SIGCHLD) received from 4899
2026/06/15 01:55:55 [notice] 1#1: unknown process 4899 exited with code 0
2026/06/15 01:56:25 [notice] 1#1: signal 17 (SIGCHLD) received from 4906
2026/06/15 01:56:25 [notice] 1#1: unknown process 4906 exited with code 0
2026/06/15 01:56:55 [notice] 1#1: signal 17 (SIGCHLD) received from 4913
2026/06/15 01:56:55 [notice] 1#1: unknown process 4913 exited with code 0
2026/06/15 01:57:25 [notice] 1#1: signal 17 (SIGCHLD) received from 4920
2026/06/15 01:57:25 [notice] 1#1: unknown process 4920 exited with code 0
2026/06/15 01:57:56 [notice] 1#1: signal 17 (SIGCHLD) received from 4927
2026/06/15 01:57:56 [notice] 1#1: unknown process 4927 exited with code 0
2026/06/15 01:58:26 [notice] 1#1: signal 17 (SIGCHLD) received from 4933
2026/06/15 01:58:26 [notice] 1#1: unknown process 4933 exited with code 0
2026/06/15 01:58:56 [notice] 1#1: signal 17 (SIGCHLD) received from 4940
2026/06/15 01:58:56 [notice] 1#1: unknown process 4940 exited with code 0
2026/06/15 01:59:26 [notice] 1#1: signal 17 (SIGCHLD) received from 4947
2026/06/15 01:59:26 [notice] 1#1: unknown process 4947 exited with code 0
2026/06/15 01:59:56 [notice] 1#1: signal 17 (SIGCHLD) received from 4954
2026/06/15 01:59:56 [notice] 1#1: unknown process 4954 exited with code 0
2026/06/15 02:00:27 [notice] 1#1: signal 17 (SIGCHLD) received from 4961
2026/06/15 02:00:27 [notice] 1#1: unknown process 4961 exited with code 0
2026/06/15 02:00:57 [notice] 1#1: signal 17 (SIGCHLD) received from 4968
2026/06/15 02:00:57 [notice] 1#1: unknown process 4968 exited with code 0
2026/06/15 02:01:27 [notice] 1#1: signal 17 (SIGCHLD) received from 4975
2026/06/15 02:01:27 [notice] 1#1: unknown process 4975 exited with code 0
2026/06/15 02:01:57 [notice] 1#1: signal 17 (SIGCHLD) received from 4982
2026/06/15 02:01:57 [notice] 1#1: unknown process 4982 exited with code 0
2026/06/15 02:02:27 [notice] 1#1: signal 17 (SIGCHLD) received from 4989
2026/06/15 02:02:27 [notice] 1#1: unknown process 4989 exited with code 0
2026/06/15 02:02:57 [notice] 1#1: signal 17 (SIGCHLD) received from 4996
2026/06/15 02:02:57 [notice] 1#1: unknown process 4996 exited with code 0
2026/06/15 02:03:28 [notice] 1#1: signal 17 (SIGCHLD) received from 5003
2026/06/15 02:03:28 [notice] 1#1: unknown process 5003 exited with code 0
2026/06/15 02:03:58 [notice] 1#1: signal 17 (SIGCHLD) received from 5010
2026/06/15 02:03:58 [notice] 1#1: unknown process 5010 exited with code 0
2026/06/15 02:04:28 [notice] 1#1: signal 17 (SIGCHLD) received from 5017
2026/06/15 02:04:28 [notice] 1#1: unknown process 5017 exited with code 0
2026/06/15 02:04:58 [notice] 1#1: signal 17 (SIGCHLD) received from 5024
2026/06/15 02:04:58 [notice] 1#1: unknown process 5024 exited with code 0
2026/06/15 02:05:28 [notice] 1#1: signal 17 (SIGCHLD) received from 5031
2026/06/15 02:05:28 [notice] 1#1: unknown process 5031 exited with code 0
2026/06/15 02:05:59 [notice] 1#1: signal 17 (SIGCHLD) received from 5038
2026/06/15 02:05:59 [notice] 1#1: unknown process 5038 exited with code 0
2026/06/15 02:06:29 [notice] 1#1: signal 17 (SIGCHLD) received from 5045
2026/06/15 02:06:29 [notice] 1#1: unknown process 5045 exited with code 0
2026/06/15 02:06:59 [notice] 1#1: signal 17 (SIGCHLD) received from 5052
2026/06/15 02:06:59 [notice] 1#1: unknown process 5052 exited with code 0
2026/06/15 02:07:29 [notice] 1#1: signal 17 (SIGCHLD) received from 5059
2026/06/15 02:07:29 [notice] 1#1: unknown process 5059 exited with code 0
2026/06/15 02:07:59 [notice] 1#1: signal 17 (SIGCHLD) received from 5066
2026/06/15 02:07:59 [notice] 1#1: unknown process 5066 exited with code 0
2026/06/15 02:08:30 [notice] 1#1: signal 17 (SIGCHLD) received from 5073
2026/06/15 02:08:30 [notice] 1#1: unknown process 5073 exited with code 0
2026/06/15 02:09:00 [notice] 1#1: signal 17 (SIGCHLD) received from 5080
2026/06/15 02:09:00 [notice] 1#1: unknown process 5080 exited with code 0
2026/06/15 02:09:30 [notice] 1#1: signal 17 (SIGCHLD) received from 5087
2026/06/15 02:09:30 [notice] 1#1: unknown process 5087 exited with code 0
2026/06/15 02:10:00 [notice] 1#1: signal 17 (SIGCHLD) received from 5094
2026/06/15 02:10:00 [notice] 1#1: unknown process 5094 exited with code 0
2026/06/15 02:10:30 [notice] 1#1: signal 17 (SIGCHLD) received from 5101
2026/06/15 02:10:30 [notice] 1#1: unknown process 5101 exited with code 0
2026/06/15 02:11:01 [notice] 1#1: signal 17 (SIGCHLD) received from 5108
2026/06/15 02:11:01 [notice] 1#1: unknown process 5108 exited with code 0
2026/06/15 02:11:31 [notice] 1#1: signal 17 (SIGCHLD) received from 5115
2026/06/15 02:11:31 [notice] 1#1: unknown process 5115 exited with code 0
2026/06/15 02:12:01 [notice] 1#1: signal 17 (SIGCHLD) received from 5122
2026/06/15 02:12:01 [notice] 1#1: unknown process 5122 exited with code 0
2026/06/15 02:12:31 [notice] 1#1: signal 17 (SIGCHLD) received from 5129
2026/06/15 02:12:31 [notice] 1#1: unknown process 5129 exited with code 0
2026/06/15 02:13:01 [notice] 1#1: signal 17 (SIGCHLD) received from 5136
2026/06/15 02:13:01 [notice] 1#1: unknown process 5136 exited with code 0
2026/06/15 02:13:32 [notice] 1#1: signal 17 (SIGCHLD) received from 5143
2026/06/15 02:13:32 [notice] 1#1: unknown process 5143 exited with code 0
2026/06/15 02:14:02 [notice] 1#1: signal 17 (SIGCHLD) received from 5150
2026/06/15 02:14:02 [notice] 1#1: unknown process 5150 exited with code 0
2026/06/15 02:14:32 [notice] 1#1: signal 17 (SIGCHLD) received from 5157
2026/06/15 02:14:32 [notice] 1#1: unknown process 5157 exited with code 0
2026/06/15 02:15:02 [notice] 1#1: signal 17 (SIGCHLD) received from 5164
2026/06/15 02:15:02 [notice] 1#1: unknown process 5164 exited with code 0
2026/06/15 02:15:32 [notice] 1#1: signal 17 (SIGCHLD) received from 5171
2026/06/15 02:15:32 [notice] 1#1: unknown process 5171 exited with code 0
2026/06/15 02:16:03 [notice] 1#1: signal 17 (SIGCHLD) received from 5178
2026/06/15 02:16:03 [notice] 1#1: unknown process 5178 exited with code 0
2026/06/15 02:16:33 [notice] 1#1: signal 17 (SIGCHLD) received from 5185
2026/06/15 02:16:33 [notice] 1#1: unknown process 5185 exited with code 0
2026/06/15 02:17:03 [notice] 1#1: signal 17 (SIGCHLD) received from 5192
2026/06/15 02:17:03 [notice] 1#1: unknown process 5192 exited with code 0
2026/06/15 02:17:33 [notice] 1#1: signal 17 (SIGCHLD) received from 5199
2026/06/15 02:17:33 [notice] 1#1: unknown process 5199 exited with code 0
2026/06/15 02:18:03 [notice] 1#1: signal 17 (SIGCHLD) received from 5206
2026/06/15 02:18:03 [notice] 1#1: unknown process 5206 exited with code 0
2026/06/15 02:18:34 [notice] 1#1: signal 17 (SIGCHLD) received from 5213
2026/06/15 02:18:34 [notice] 1#1: unknown process 5213 exited with code 0
2026/06/15 02:19:04 [notice] 1#1: signal 17 (SIGCHLD) received from 5220
2026/06/15 02:19:04 [notice] 1#1: unknown process 5220 exited with code 0
2026/06/15 02:19:34 [notice] 1#1: signal 17 (SIGCHLD) received from 5227
2026/06/15 02:19:34 [notice] 1#1: unknown process 5227 exited with code 0
2026/06/15 02:20:04 [notice] 1#1: signal 17 (SIGCHLD) received from 5234
2026/06/15 02:20:04 [notice] 1#1: unknown process 5234 exited with code 0
2026/06/15 02:20:34 [notice] 1#1: signal 17 (SIGCHLD) received from 5241
2026/06/15 02:20:34 [notice] 1#1: unknown process 5241 exited with code 0
2026/06/15 02:21:05 [notice] 1#1: signal 17 (SIGCHLD) received from 5248
2026/06/15 02:21:05 [notice] 1#1: unknown process 5248 exited with code 0
2026/06/15 02:21:35 [notice] 1#1: signal 17 (SIGCHLD) received from 5255
2026/06/15 02:21:35 [notice] 1#1: unknown process 5255 exited with code 0
2026/06/15 02:22:05 [notice] 1#1: signal 17 (SIGCHLD) received from 5262
2026/06/15 02:22:05 [notice] 1#1: unknown process 5262 exited with code 0
2026/06/15 02:22:35 [notice] 1#1: signal 17 (SIGCHLD) received from 5269
2026/06/15 02:22:35 [notice] 1#1: unknown process 5269 exited with code 0
2026/06/15 02:23:05 [notice] 1#1: signal 17 (SIGCHLD) received from 5276
2026/06/15 02:23:05 [notice] 1#1: unknown process 5276 exited with code 0
2026/06/15 02:23:35 [notice] 1#1: signal 17 (SIGCHLD) received from 5283
2026/06/15 02:23:35 [notice] 1#1: unknown process 5283 exited with code 0
2026/06/15 02:24:06 [notice] 1#1: signal 17 (SIGCHLD) received from 5290
2026/06/15 02:24:06 [notice] 1#1: unknown process 5290 exited with code 0
2026/06/15 02:24:36 [notice] 1#1: signal 17 (SIGCHLD) received from 5297
2026/06/15 02:24:36 [notice] 1#1: unknown process 5297 exited with code 0
2026/06/15 02:25:06 [notice] 1#1: signal 17 (SIGCHLD) received from 5304
2026/06/15 02:25:06 [notice] 1#1: unknown process 5304 exited with code 0
2026/06/15 02:25:36 [notice] 1#1: signal 17 (SIGCHLD) received from 5311
2026/06/15 02:25:36 [notice] 1#1: unknown process 5311 exited with code 0
2026/06/15 02:26:06 [notice] 1#1: signal 17 (SIGCHLD) received from 5318
2026/06/15 02:26:06 [notice] 1#1: unknown process 5318 exited with code 0
2026/06/15 02:26:37 [notice] 1#1: signal 17 (SIGCHLD) received from 5325
2026/06/15 02:26:37 [notice] 1#1: unknown process 5325 exited with code 0
2026/06/15 02:27:07 [notice] 1#1: signal 17 (SIGCHLD) received from 5332
2026/06/15 02:27:07 [notice] 1#1: unknown process 5332 exited with code 0
2026/06/15 02:27:37 [notice] 1#1: signal 17 (SIGCHLD) received from 5339
2026/06/15 02:27:37 [notice] 1#1: unknown process 5339 exited with code 0
2026/06/15 02:28:07 [notice] 1#1: signal 17 (SIGCHLD) received from 5346
2026/06/15 02:28:07 [notice] 1#1: unknown process 5346 exited with code 0
2026/06/15 02:28:37 [notice] 1#1: signal 17 (SIGCHLD) received from 5353
2026/06/15 02:28:37 [notice] 1#1: unknown process 5353 exited with code 0
2026/06/15 02:29:07 [notice] 1#1: signal 17 (SIGCHLD) received from 5360
2026/06/15 02:29:07 [notice] 1#1: unknown process 5360 exited with code 0
2026/06/15 02:29:38 [notice] 1#1: signal 17 (SIGCHLD) received from 5367
2026/06/15 02:29:38 [notice] 1#1: unknown process 5367 exited with code 0
2026/06/15 02:30:08 [notice] 1#1: signal 17 (SIGCHLD) received from 5374
2026/06/15 02:30:08 [notice] 1#1: unknown process 5374 exited with code 0
2026/06/15 02:30:38 [notice] 1#1: signal 17 (SIGCHLD) received from 5381
2026/06/15 02:30:38 [notice] 1#1: unknown process 5381 exited with code 0
2026/06/15 02:31:08 [notice] 1#1: signal 17 (SIGCHLD) received from 5388
2026/06/15 02:31:08 [notice] 1#1: unknown process 5388 exited with code 0
2026/06/15 02:31:38 [notice] 1#1: signal 17 (SIGCHLD) received from 5395
2026/06/15 02:31:38 [notice] 1#1: unknown process 5395 exited with code 0
2026/06/15 02:32:09 [notice] 1#1: signal 17 (SIGCHLD) received from 5402
2026/06/15 02:32:09 [notice] 1#1: unknown process 5402 exited with code 0
2026/06/15 02:32:39 [notice] 1#1: signal 17 (SIGCHLD) received from 5409
2026/06/15 02:32:39 [notice] 1#1: unknown process 5409 exited with code 0
2026/06/15 02:33:09 [notice] 1#1: signal 17 (SIGCHLD) received from 5416
2026/06/15 02:33:09 [notice] 1#1: unknown process 5416 exited with code 0
2026/06/15 02:33:39 [notice] 1#1: signal 17 (SIGCHLD) received from 5423
2026/06/15 02:33:39 [notice] 1#1: unknown process 5423 exited with code 0
2026/06/15 02:34:09 [notice] 1#1: signal 17 (SIGCHLD) received from 5430
2026/06/15 02:34:09 [notice] 1#1: unknown process 5430 exited with code 0
2026/06/15 02:34:40 [notice] 1#1: signal 17 (SIGCHLD) received from 5437
2026/06/15 02:34:40 [notice] 1#1: unknown process 5437 exited with code 0
2026/06/15 02:35:10 [notice] 1#1: signal 17 (SIGCHLD) received from 5444
2026/06/15 02:35:10 [notice] 1#1: unknown process 5444 exited with code 0
2026/06/15 02:35:40 [notice] 1#1: signal 17 (SIGCHLD) received from 5451
2026/06/15 02:35:40 [notice] 1#1: unknown process 5451 exited with code 0
2026/06/15 02:36:10 [notice] 1#1: signal 17 (SIGCHLD) received from 5458
2026/06/15 02:36:10 [notice] 1#1: unknown process 5458 exited with code 0
2026/06/15 02:36:40 [notice] 1#1: signal 17 (SIGCHLD) received from 5465
2026/06/15 02:36:40 [notice] 1#1: unknown process 5465 exited with code 0
2026/06/15 02:37:10 [notice] 1#1: signal 17 (SIGCHLD) received from 5472
2026/06/15 02:37:10 [notice] 1#1: unknown process 5472 exited with code 0
2026/06/15 02:37:41 [notice] 1#1: signal 17 (SIGCHLD) received from 5479
2026/06/15 02:37:41 [notice] 1#1: unknown process 5479 exited with code 0
2026/06/15 02:38:11 [notice] 1#1: signal 17 (SIGCHLD) received from 5486
2026/06/15 02:38:11 [notice] 1#1: unknown process 5486 exited with code 0
2026/06/15 02:38:41 [notice] 1#1: signal 17 (SIGCHLD) received from 5493
2026/06/15 02:38:41 [notice] 1#1: unknown process 5493 exited with code 0
2026/06/15 02:39:11 [notice] 1#1: signal 17 (SIGCHLD) received from 5500
2026/06/15 02:39:11 [notice] 1#1: unknown process 5500 exited with code 0
2026/06/15 02:39:41 [notice] 1#1: signal 17 (SIGCHLD) received from 5507
2026/06/15 02:39:41 [notice] 1#1: unknown process 5507 exited with code 0
2026/06/15 02:40:12 [notice] 1#1: signal 17 (SIGCHLD) received from 5514
2026/06/15 02:40:12 [notice] 1#1: unknown process 5514 exited with code 0
2026/06/15 02:40:42 [notice] 1#1: signal 17 (SIGCHLD) received from 5521
2026/06/15 02:40:42 [notice] 1#1: unknown process 5521 exited with code 0
2026/06/15 02:41:12 [notice] 1#1: signal 17 (SIGCHLD) received from 5528
2026/06/15 02:41:12 [notice] 1#1: unknown process 5528 exited with code 0
2026/06/15 02:41:42 [notice] 1#1: signal 17 (SIGCHLD) received from 5535
2026/06/15 02:41:42 [notice] 1#1: unknown process 5535 exited with code 0
2026/06/15 02:42:12 [notice] 1#1: signal 17 (SIGCHLD) received from 5542
2026/06/15 02:42:12 [notice] 1#1: unknown process 5542 exited with code 0
2026/06/15 02:42:43 [notice] 1#1: signal 17 (SIGCHLD) received from 5549
2026/06/15 02:42:43 [notice] 1#1: unknown process 5549 exited with code 0
2026/06/15 02:43:13 [notice] 1#1: signal 17 (SIGCHLD) received from 5556
2026/06/15 02:43:13 [notice] 1#1: unknown process 5556 exited with code 0
2026/06/15 02:43:43 [notice] 1#1: signal 17 (SIGCHLD) received from 5563
2026/06/15 02:43:43 [notice] 1#1: unknown process 5563 exited with code 0
2026/06/15 02:44:13 [notice] 1#1: signal 17 (SIGCHLD) received from 5570
2026/06/15 02:44:13 [notice] 1#1: unknown process 5570 exited with code 0
2026/06/15 02:44:43 [notice] 1#1: signal 17 (SIGCHLD) received from 5577
2026/06/15 02:44:43 [notice] 1#1: unknown process 5577 exited with code 0
2026/06/15 02:45:14 [notice] 1#1: signal 17 (SIGCHLD) received from 5584
2026/06/15 02:45:14 [notice] 1#1: unknown process 5584 exited with code 0
2026/06/15 02:45:44 [notice] 1#1: signal 17 (SIGCHLD) received from 5591
2026/06/15 02:45:44 [notice] 1#1: unknown process 5591 exited with code 0
2026/06/15 02:46:14 [notice] 1#1: signal 17 (SIGCHLD) received from 5598
2026/06/15 02:46:14 [notice] 1#1: unknown process 5598 exited with code 0
2026/06/15 02:46:44 [notice] 1#1: signal 17 (SIGCHLD) received from 5605
2026/06/15 02:46:44 [notice] 1#1: unknown process 5605 exited with code 0
2026/06/15 02:47:14 [notice] 1#1: signal 17 (SIGCHLD) received from 5612
2026/06/15 02:47:14 [notice] 1#1: unknown process 5612 exited with code 0
2026/06/15 02:47:45 [notice] 1#1: signal 17 (SIGCHLD) received from 5619
2026/06/15 02:47:45 [notice] 1#1: unknown process 5619 exited with code 0
2026/06/15 02:48:15 [notice] 1#1: signal 17 (SIGCHLD) received from 5626
2026/06/15 02:48:15 [notice] 1#1: unknown process 5626 exited with code 0
2026/06/15 02:48:45 [notice] 1#1: signal 17 (SIGCHLD) received from 5633
2026/06/15 02:48:45 [notice] 1#1: unknown process 5633 exited with code 0
2026/06/15 02:49:15 [notice] 1#1: signal 17 (SIGCHLD) received from 5640
2026/06/15 02:49:15 [notice] 1#1: unknown process 5640 exited with code 0
2026/06/15 02:49:45 [notice] 1#1: signal 17 (SIGCHLD) received from 5647
2026/06/15 02:49:45 [notice] 1#1: unknown process 5647 exited with code 0
2026/06/15 02:50:15 [notice] 1#1: signal 17 (SIGCHLD) received from 5654
2026/06/15 02:50:15 [notice] 1#1: unknown process 5654 exited with code 0
2026/06/15 02:50:46 [notice] 1#1: signal 17 (SIGCHLD) received from 5661
2026/06/15 02:50:46 [notice] 1#1: unknown process 5661 exited with code 0
2026/06/15 02:51:16 [notice] 1#1: signal 17 (SIGCHLD) received from 5668
2026/06/15 02:51:16 [notice] 1#1: unknown process 5668 exited with code 0
2026/06/15 02:51:46 [notice] 1#1: signal 17 (SIGCHLD) received from 5675
2026/06/15 02:51:46 [notice] 1#1: unknown process 5675 exited with code 0
2026/06/15 02:52:16 [notice] 1#1: signal 17 (SIGCHLD) received from 5682
2026/06/15 02:52:16 [notice] 1#1: unknown process 5682 exited with code 0
2026/06/15 02:52:46 [notice] 1#1: signal 17 (SIGCHLD) received from 5689
2026/06/15 02:52:46 [notice] 1#1: unknown process 5689 exited with code 0
2026/06/15 02:53:17 [notice] 1#1: signal 17 (SIGCHLD) received from 5696
2026/06/15 02:53:17 [notice] 1#1: unknown process 5696 exited with code 0
2026/06/15 02:53:47 [notice] 1#1: signal 17 (SIGCHLD) received from 5703
2026/06/15 02:53:47 [notice] 1#1: unknown process 5703 exited with code 0
2026/06/15 02:54:17 [notice] 1#1: signal 17 (SIGCHLD) received from 5710
2026/06/15 02:54:17 [notice] 1#1: unknown process 5710 exited with code 0
2026/06/15 02:54:47 [notice] 1#1: signal 17 (SIGCHLD) received from 5717
2026/06/15 02:54:47 [notice] 1#1: unknown process 5717 exited with code 0
2026/06/15 02:55:17 [notice] 1#1: signal 17 (SIGCHLD) received from 5724
2026/06/15 02:55:17 [notice] 1#1: unknown process 5724 exited with code 0
2026/06/15 02:55:48 [notice] 1#1: signal 17 (SIGCHLD) received from 5731
2026/06/15 02:55:48 [notice] 1#1: unknown process 5731 exited with code 0
2026/06/15 02:56:18 [notice] 1#1: signal 17 (SIGCHLD) received from 5738
2026/06/15 02:56:18 [notice] 1#1: unknown process 5738 exited with code 0
2026/06/15 02:56:48 [notice] 1#1: signal 17 (SIGCHLD) received from 5745
2026/06/15 02:56:48 [notice] 1#1: unknown process 5745 exited with code 0
2026/06/15 02:57:18 [notice] 1#1: signal 17 (SIGCHLD) received from 5752
2026/06/15 02:57:18 [notice] 1#1: unknown process 5752 exited with code 0
2026/06/15 02:57:49 [notice] 1#1: signal 17 (SIGCHLD) received from 5759
2026/06/15 02:57:49 [notice] 1#1: unknown process 5759 exited with code 0
2026/06/15 02:58:19 [notice] 1#1: signal 17 (SIGCHLD) received from 5766
2026/06/15 02:58:19 [notice] 1#1: unknown process 5766 exited with code 0
2026/06/15 02:58:49 [notice] 1#1: signal 17 (SIGCHLD) received from 5773
2026/06/15 02:58:49 [notice] 1#1: unknown process 5773 exited with code 0
2026/06/15 02:59:19 [notice] 1#1: signal 17 (SIGCHLD) received from 5780
2026/06/15 02:59:19 [notice] 1#1: unknown process 5780 exited with code 0
2026/06/15 02:59:49 [notice] 1#1: signal 17 (SIGCHLD) received from 5787
2026/06/15 02:59:49 [notice] 1#1: unknown process 5787 exited with code 0
2026/06/15 03:00:19 [notice] 1#1: signal 17 (SIGCHLD) received from 5794
2026/06/15 03:00:19 [notice] 1#1: unknown process 5794 exited with code 0
2026/06/15 03:00:50 [notice] 1#1: signal 17 (SIGCHLD) received from 5801
2026/06/15 03:00:50 [notice] 1#1: unknown process 5801 exited with code 0
2026/06/15 03:01:20 [notice] 1#1: signal 17 (SIGCHLD) received from 5808
2026/06/15 03:01:20 [notice] 1#1: unknown process 5808 exited with code 0
2026/06/15 03:01:50 [notice] 1#1: signal 17 (SIGCHLD) received from 5815
2026/06/15 03:01:50 [notice] 1#1: unknown process 5815 exited with code 0
2026/06/15 03:02:20 [notice] 1#1: signal 17 (SIGCHLD) received from 5822
2026/06/15 03:02:20 [notice] 1#1: unknown process 5822 exited with code 0
2026/06/15 03:02:50 [notice] 1#1: signal 17 (SIGCHLD) received from 5829
2026/06/15 03:02:50 [notice] 1#1: unknown process 5829 exited with code 0
2026/06/15 03:03:21 [notice] 1#1: signal 17 (SIGCHLD) received from 5836
2026/06/15 03:03:21 [notice] 1#1: unknown process 5836 exited with code 0
2026/06/15 03:03:51 [notice] 1#1: signal 17 (SIGCHLD) received from 5843
2026/06/15 03:03:51 [notice] 1#1: unknown process 5843 exited with code 0
2026/06/15 03:04:21 [notice] 1#1: signal 17 (SIGCHLD) received from 5850
2026/06/15 03:04:21 [notice] 1#1: unknown process 5850 exited with code 0
2026/06/15 03:04:51 [notice] 1#1: signal 17 (SIGCHLD) received from 5857
2026/06/15 03:04:51 [notice] 1#1: unknown process 5857 exited with code 0
2026/06/15 03:05:21 [notice] 1#1: signal 17 (SIGCHLD) received from 5864
2026/06/15 03:05:21 [notice] 1#1: unknown process 5864 exited with code 0
2026/06/15 03:05:52 [notice] 1#1: signal 17 (SIGCHLD) received from 5871
2026/06/15 03:05:52 [notice] 1#1: unknown process 5871 exited with code 0
2026/06/15 03:06:22 [notice] 1#1: signal 17 (SIGCHLD) received from 5878
2026/06/15 03:06:22 [notice] 1#1: unknown process 5878 exited with code 0
2026/06/15 03:06:52 [notice] 1#1: signal 17 (SIGCHLD) received from 5885
2026/06/15 03:06:52 [notice] 1#1: unknown process 5885 exited with code 0
2026/06/15 03:07:22 [notice] 1#1: signal 17 (SIGCHLD) received from 5892
2026/06/15 03:07:22 [notice] 1#1: unknown process 5892 exited with code 0
2026/06/15 03:07:52 [notice] 1#1: signal 17 (SIGCHLD) received from 5899
2026/06/15 03:07:52 [notice] 1#1: unknown process 5899 exited with code 0
2026/06/15 03:08:23 [notice] 1#1: signal 17 (SIGCHLD) received from 5906
2026/06/15 03:08:23 [notice] 1#1: unknown process 5906 exited with code 0
2026/06/15 03:08:53 [notice] 1#1: signal 17 (SIGCHLD) received from 5913
2026/06/15 03:08:53 [notice] 1#1: unknown process 5913 exited with code 0
2026/06/15 03:09:23 [notice] 1#1: signal 17 (SIGCHLD) received from 5920
2026/06/15 03:09:23 [notice] 1#1: unknown process 5920 exited with code 0
2026/06/15 03:09:53 [notice] 1#1: signal 17 (SIGCHLD) received from 5927
2026/06/15 03:09:53 [notice] 1#1: unknown process 5927 exited with code 0
2026/06/15 03:10:23 [notice] 1#1: signal 17 (SIGCHLD) received from 5934
2026/06/15 03:10:23 [notice] 1#1: unknown process 5934 exited with code 0
2026/06/15 03:10:54 [notice] 1#1: signal 17 (SIGCHLD) received from 5941
2026/06/15 03:10:54 [notice] 1#1: unknown process 5941 exited with code 0
2026/06/15 03:11:24 [notice] 1#1: signal 17 (SIGCHLD) received from 5948
2026/06/15 03:11:24 [notice] 1#1: unknown process 5948 exited with code 0
2026/06/15 03:11:54 [notice] 1#1: signal 17 (SIGCHLD) received from 5955
2026/06/15 03:11:54 [notice] 1#1: unknown process 5955 exited with code 0
2026/06/15 03:12:24 [notice] 1#1: signal 17 (SIGCHLD) received from 5962
2026/06/15 03:12:24 [notice] 1#1: unknown process 5962 exited with code 0
2026/06/15 03:12:54 [notice] 1#1: signal 17 (SIGCHLD) received from 5969
2026/06/15 03:12:54 [notice] 1#1: unknown process 5969 exited with code 0
2026/06/15 03:13:24 [notice] 1#1: signal 17 (SIGCHLD) received from 5976
2026/06/15 03:13:24 [notice] 1#1: unknown process 5976 exited with code 0
2026/06/15 03:13:55 [notice] 1#1: signal 17 (SIGCHLD) received from 5983
2026/06/15 03:13:55 [notice] 1#1: unknown process 5983 exited with code 0
2026/06/15 03:14:25 [notice] 1#1: signal 17 (SIGCHLD) received from 5990
2026/06/15 03:14:25 [notice] 1#1: unknown process 5990 exited with code 0
2026/06/15 03:14:55 [notice] 1#1: signal 17 (SIGCHLD) received from 5997
2026/06/15 03:14:55 [notice] 1#1: unknown process 5997 exited with code 0
2026/06/15 03:15:25 [notice] 1#1: signal 17 (SIGCHLD) received from 6004
2026/06/15 03:15:25 [notice] 1#1: unknown process 6004 exited with code 0
2026/06/15 03:15:55 [notice] 1#1: signal 17 (SIGCHLD) received from 6011
2026/06/15 03:15:55 [notice] 1#1: unknown process 6011 exited with code 0
2026/06/15 03:16:26 [notice] 1#1: signal 17 (SIGCHLD) received from 6018
2026/06/15 03:16:26 [notice] 1#1: unknown process 6018 exited with code 0
2026/06/15 03:16:56 [notice] 1#1: signal 17 (SIGCHLD) received from 6025
2026/06/15 03:16:56 [notice] 1#1: unknown process 6025 exited with code 0
2026/06/15 03:17:26 [notice] 1#1: signal 17 (SIGCHLD) received from 6032
2026/06/15 03:17:26 [notice] 1#1: unknown process 6032 exited with code 0
2026/06/15 03:17:56 [notice] 1#1: signal 17 (SIGCHLD) received from 6039
2026/06/15 03:17:56 [notice] 1#1: unknown process 6039 exited with code 0
2026/06/15 03:18:26 [notice] 1#1: signal 17 (SIGCHLD) received from 6046
2026/06/15 03:18:26 [notice] 1#1: unknown process 6046 exited with code 0
2026/06/15 03:18:57 [notice] 1#1: signal 17 (SIGCHLD) received from 6053
2026/06/15 03:18:57 [notice] 1#1: unknown process 6053 exited with code 0
2026/06/15 03:19:27 [notice] 1#1: signal 17 (SIGCHLD) received from 6060
2026/06/15 03:19:27 [notice] 1#1: unknown process 6060 exited with code 0
2026/06/15 03:19:57 [notice] 1#1: signal 17 (SIGCHLD) received from 6067
2026/06/15 03:19:57 [notice] 1#1: unknown process 6067 exited with code 0
2026/06/15 03:20:27 [notice] 1#1: signal 17 (SIGCHLD) received from 6074
2026/06/15 03:20:27 [notice] 1#1: unknown process 6074 exited with code 0
2026/06/15 03:20:57 [notice] 1#1: signal 17 (SIGCHLD) received from 6081
2026/06/15 03:20:57 [notice] 1#1: unknown process 6081 exited with code 0
2026/06/15 03:21:28 [notice] 1#1: signal 17 (SIGCHLD) received from 6088
2026/06/15 03:21:28 [notice] 1#1: unknown process 6088 exited with code 0
2026/06/15 03:21:58 [notice] 1#1: signal 17 (SIGCHLD) received from 6095
2026/06/15 03:21:58 [notice] 1#1: unknown process 6095 exited with code 0
2026/06/15 03:22:28 [notice] 1#1: signal 17 (SIGCHLD) received from 6102
2026/06/15 03:22:28 [notice] 1#1: unknown process 6102 exited with code 0
2026/06/15 03:22:58 [notice] 1#1: signal 17 (SIGCHLD) received from 6109
2026/06/15 03:22:58 [notice] 1#1: unknown process 6109 exited with code 0
2026/06/15 03:23:28 [notice] 1#1: signal 17 (SIGCHLD) received from 6116
2026/06/15 03:23:28 [notice] 1#1: unknown process 6116 exited with code 0
2026/06/15 03:23:59 [notice] 1#1: signal 17 (SIGCHLD) received from 6123
2026/06/15 03:23:59 [notice] 1#1: unknown process 6123 exited with code 0
2026/06/15 03:24:29 [notice] 1#1: signal 17 (SIGCHLD) received from 6130
2026/06/15 03:24:29 [notice] 1#1: unknown process 6130 exited with code 0
2026/06/15 03:24:59 [notice] 1#1: signal 17 (SIGCHLD) received from 6137
2026/06/15 03:24:59 [notice] 1#1: unknown process 6137 exited with code 0
2026/06/15 03:25:29 [notice] 1#1: signal 17 (SIGCHLD) received from 6144
2026/06/15 03:25:29 [notice] 1#1: unknown process 6144 exited with code 0
2026/06/15 03:25:59 [notice] 1#1: signal 17 (SIGCHLD) received from 6151
2026/06/15 03:25:59 [notice] 1#1: unknown process 6151 exited with code 0
2026/06/15 03:26:30 [notice] 1#1: signal 17 (SIGCHLD) received from 6158
2026/06/15 03:26:30 [notice] 1#1: unknown process 6158 exited with code 0
2026/06/15 03:27:00 [notice] 1#1: signal 17 (SIGCHLD) received from 6165
2026/06/15 03:27:00 [notice] 1#1: unknown process 6165 exited with code 0
2026/06/15 03:27:30 [notice] 1#1: signal 17 (SIGCHLD) received from 6172
2026/06/15 03:27:30 [notice] 1#1: unknown process 6172 exited with code 0
2026/06/15 03:28:00 [notice] 1#1: signal 17 (SIGCHLD) received from 6179
2026/06/15 03:28:00 [notice] 1#1: unknown process 6179 exited with code 0
2026/06/15 03:28:30 [notice] 1#1: signal 17 (SIGCHLD) received from 6186
2026/06/15 03:28:30 [notice] 1#1: unknown process 6186 exited with code 0
2026/06/15 03:29:01 [notice] 1#1: signal 17 (SIGCHLD) received from 6193
2026/06/15 03:29:01 [notice] 1#1: unknown process 6193 exited with code 0
2026/06/15 03:29:31 [notice] 1#1: signal 17 (SIGCHLD) received from 6200
2026/06/15 03:29:31 [notice] 1#1: unknown process 6200 exited with code 0
2026/06/15 03:30:01 [notice] 1#1: signal 17 (SIGCHLD) received from 6207
2026/06/15 03:30:01 [notice] 1#1: unknown process 6207 exited with code 0
2026/06/15 03:30:31 [notice] 1#1: signal 17 (SIGCHLD) received from 6214
2026/06/15 03:30:31 [notice] 1#1: unknown process 6214 exited with code 0
2026/06/15 03:31:01 [notice] 1#1: signal 17 (SIGCHLD) received from 6221
2026/06/15 03:31:01 [notice] 1#1: unknown process 6221 exited with code 0
2026/06/15 03:31:32 [notice] 1#1: signal 17 (SIGCHLD) received from 6228
2026/06/15 03:31:32 [notice] 1#1: unknown process 6228 exited with code 0
2026/06/15 03:32:02 [notice] 1#1: signal 17 (SIGCHLD) received from 6235
2026/06/15 03:32:02 [notice] 1#1: unknown process 6235 exited with code 0
2026/06/15 03:32:32 [notice] 1#1: signal 17 (SIGCHLD) received from 6242
2026/06/15 03:32:32 [notice] 1#1: unknown process 6242 exited with code 0
2026/06/15 03:33:02 [notice] 1#1: signal 17 (SIGCHLD) received from 6249
2026/06/15 03:33:02 [notice] 1#1: unknown process 6249 exited with code 0
2026/06/15 03:33:32 [notice] 1#1: signal 17 (SIGCHLD) received from 6255
2026/06/15 03:33:32 [notice] 1#1: unknown process 6255 exited with code 0
2026/06/15 03:34:03 [notice] 1#1: signal 17 (SIGCHLD) received from 6262
2026/06/15 03:34:03 [notice] 1#1: unknown process 6262 exited with code 0
2026/06/15 03:34:33 [notice] 1#1: signal 17 (SIGCHLD) received from 6269
2026/06/15 03:34:33 [notice] 1#1: unknown process 6269 exited with code 0
2026/06/15 03:35:03 [notice] 1#1: signal 17 (SIGCHLD) received from 6276
2026/06/15 03:35:03 [notice] 1#1: unknown process 6276 exited with code 0
2026/06/15 03:35:33 [notice] 1#1: signal 17 (SIGCHLD) received from 6283
2026/06/15 03:35:33 [notice] 1#1: unknown process 6283 exited with code 0
2026/06/15 03:36:03 [notice] 1#1: signal 17 (SIGCHLD) received from 6290
2026/06/15 03:36:03 [notice] 1#1: unknown process 6290 exited with code 0
2026/06/15 03:36:34 [notice] 1#1: signal 17 (SIGCHLD) received from 6297
2026/06/15 03:36:34 [notice] 1#1: unknown process 6297 exited with code 0
2026/06/15 03:37:04 [notice] 1#1: signal 17 (SIGCHLD) received from 6304
2026/06/15 03:37:04 [notice] 1#1: unknown process 6304 exited with code 0
2026/06/15 03:37:34 [notice] 1#1: signal 17 (SIGCHLD) received from 6311
2026/06/15 03:37:34 [notice] 1#1: unknown process 6311 exited with code 0
2026/06/15 03:38:04 [notice] 1#1: signal 17 (SIGCHLD) received from 6318
2026/06/15 03:38:04 [notice] 1#1: unknown process 6318 exited with code 0
2026/06/15 03:38:34 [notice] 1#1: signal 17 (SIGCHLD) received from 6325
2026/06/15 03:38:34 [notice] 1#1: unknown process 6325 exited with code 0
2026/06/15 03:39:05 [notice] 1#1: signal 17 (SIGCHLD) received from 6332
2026/06/15 03:39:05 [notice] 1#1: unknown process 6332 exited with code 0
2026/06/15 03:39:35 [notice] 1#1: signal 17 (SIGCHLD) received from 6339
2026/06/15 03:39:35 [notice] 1#1: unknown process 6339 exited with code 0
2026/06/15 03:40:05 [notice] 1#1: signal 17 (SIGCHLD) received from 6346
2026/06/15 03:40:05 [notice] 1#1: unknown process 6346 exited with code 0
2026/06/15 03:40:35 [notice] 1#1: signal 17 (SIGCHLD) received from 6353
2026/06/15 03:40:35 [notice] 1#1: unknown process 6353 exited with code 0
2026/06/15 03:41:05 [notice] 1#1: signal 17 (SIGCHLD) received from 6360
2026/06/15 03:41:05 [notice] 1#1: unknown process 6360 exited with code 0
2026/06/15 03:41:36 [notice] 1#1: signal 17 (SIGCHLD) received from 6367
2026/06/15 03:41:36 [notice] 1#1: unknown process 6367 exited with code 0
2026/06/15 03:42:06 [notice] 1#1: signal 17 (SIGCHLD) received from 6374
2026/06/15 03:42:06 [notice] 1#1: unknown process 6374 exited with code 0
2026/06/15 03:42:36 [notice] 1#1: signal 17 (SIGCHLD) received from 6381
2026/06/15 03:42:36 [notice] 1#1: unknown process 6381 exited with code 0
2026/06/15 03:43:06 [notice] 1#1: signal 17 (SIGCHLD) received from 6388
2026/06/15 03:43:06 [notice] 1#1: unknown process 6388 exited with code 0
2026/06/15 03:43:36 [notice] 1#1: signal 17 (SIGCHLD) received from 6395
2026/06/15 03:43:36 [notice] 1#1: unknown process 6395 exited with code 0
2026/06/15 03:44:06 [notice] 1#1: signal 17 (SIGCHLD) received from 6402
2026/06/15 03:44:06 [notice] 1#1: unknown process 6402 exited with code 0
2026/06/15 03:44:37 [notice] 1#1: signal 17 (SIGCHLD) received from 6409
2026/06/15 03:44:37 [notice] 1#1: unknown process 6409 exited with code 0
2026/06/15 03:45:07 [notice] 1#1: signal 17 (SIGCHLD) received from 6416
2026/06/15 03:45:07 [notice] 1#1: unknown process 6416 exited with code 0
2026/06/15 03:45:37 [notice] 1#1: signal 17 (SIGCHLD) received from 6423
2026/06/15 03:45:37 [notice] 1#1: unknown process 6423 exited with code 0
2026/06/15 03:46:07 [notice] 1#1: signal 17 (SIGCHLD) received from 6430
2026/06/15 03:46:07 [notice] 1#1: unknown process 6430 exited with code 0
2026/06/15 03:46:37 [notice] 1#1: signal 17 (SIGCHLD) received from 6437
2026/06/15 03:46:37 [notice] 1#1: unknown process 6437 exited with code 0
2026/06/15 03:47:08 [notice] 1#1: signal 17 (SIGCHLD) received from 6444
2026/06/15 03:47:08 [notice] 1#1: unknown process 6444 exited with code 0
2026/06/15 03:47:38 [notice] 1#1: signal 17 (SIGCHLD) received from 6451
2026/06/15 03:47:38 [notice] 1#1: unknown process 6451 exited with code 0
2026/06/15 03:48:08 [notice] 1#1: signal 17 (SIGCHLD) received from 6458
2026/06/15 03:48:08 [notice] 1#1: unknown process 6458 exited with code 0
2026/06/15 03:48:38 [notice] 1#1: signal 17 (SIGCHLD) received from 6465
2026/06/15 03:48:38 [notice] 1#1: unknown process 6465 exited with code 0
2026/06/15 03:49:08 [notice] 1#1: signal 17 (SIGCHLD) received from 6472
2026/06/15 03:49:08 [notice] 1#1: unknown process 6472 exited with code 0
2026/06/15 03:49:39 [notice] 1#1: signal 17 (SIGCHLD) received from 6479
2026/06/15 03:49:39 [notice] 1#1: unknown process 6479 exited with code 0
2026/06/15 03:50:09 [notice] 1#1: signal 17 (SIGCHLD) received from 6486
2026/06/15 03:50:09 [notice] 1#1: unknown process 6486 exited with code 0
2026/06/15 03:50:39 [notice] 1#1: signal 17 (SIGCHLD) received from 6493
2026/06/15 03:50:39 [notice] 1#1: unknown process 6493 exited with code 0
2026/06/15 03:51:09 [notice] 1#1: signal 17 (SIGCHLD) received from 6500
2026/06/15 03:51:09 [notice] 1#1: unknown process 6500 exited with code 0
2026/06/15 03:51:39 [notice] 1#1: signal 17 (SIGCHLD) received from 6507
2026/06/15 03:51:39 [notice] 1#1: unknown process 6507 exited with code 0
2026/06/15 03:52:10 [notice] 1#1: signal 17 (SIGCHLD) received from 6514
2026/06/15 03:52:10 [notice] 1#1: unknown process 6514 exited with code 0
2026/06/15 03:52:40 [notice] 1#1: signal 17 (SIGCHLD) received from 6521
2026/06/15 03:52:40 [notice] 1#1: unknown process 6521 exited with code 0
2026/06/15 03:53:10 [notice] 1#1: signal 17 (SIGCHLD) received from 6528
2026/06/15 03:53:10 [notice] 1#1: unknown process 6528 exited with code 0
2026/06/15 03:53:40 [notice] 1#1: signal 17 (SIGCHLD) received from 6535
2026/06/15 03:53:40 [notice] 1#1: unknown process 6535 exited with code 0
2026/06/15 03:54:11 [notice] 1#1: signal 17 (SIGCHLD) received from 6542
2026/06/15 03:54:11 [notice] 1#1: unknown process 6542 exited with code 0
2026/06/15 03:54:41 [notice] 1#1: signal 17 (SIGCHLD) received from 6549
2026/06/15 03:54:41 [notice] 1#1: unknown process 6549 exited with code 0
2026/06/15 03:55:11 [notice] 1#1: signal 17 (SIGCHLD) received from 6556
2026/06/15 03:55:11 [notice] 1#1: unknown process 6556 exited with code 0
2026/06/15 03:55:41 [notice] 1#1: signal 17 (SIGCHLD) received from 6563
2026/06/15 03:55:41 [notice] 1#1: unknown process 6563 exited with code 0
2026/06/15 03:56:11 [notice] 1#1: signal 17 (SIGCHLD) received from 6570
2026/06/15 03:56:11 [notice] 1#1: unknown process 6570 exited with code 0
2026/06/15 03:56:42 [notice] 1#1: signal 17 (SIGCHLD) received from 6577
2026/06/15 03:56:42 [notice] 1#1: unknown process 6577 exited with code 0
2026/06/15 03:57:12 [notice] 1#1: signal 17 (SIGCHLD) received from 6584
2026/06/15 03:57:12 [notice] 1#1: unknown process 6584 exited with code 0
2026/06/15 03:57:42 [notice] 1#1: signal 17 (SIGCHLD) received from 6591
2026/06/15 03:57:42 [notice] 1#1: unknown process 6591 exited with code 0
2026/06/15 03:58:12 [notice] 1#1: signal 17 (SIGCHLD) received from 6597
2026/06/15 03:58:12 [notice] 1#1: unknown process 6597 exited with code 0
2026/06/15 03:58:42 [notice] 1#1: signal 17 (SIGCHLD) received from 6604
2026/06/15 03:58:42 [notice] 1#1: unknown process 6604 exited with code 0
2026/06/15 03:59:13 [notice] 1#1: signal 17 (SIGCHLD) received from 6611
2026/06/15 03:59:13 [notice] 1#1: unknown process 6611 exited with code 0
2026/06/15 03:59:43 [notice] 1#1: signal 17 (SIGCHLD) received from 6618
2026/06/15 03:59:43 [notice] 1#1: unknown process 6618 exited with code 0
2026/06/15 04:00:13 [notice] 1#1: signal 17 (SIGCHLD) received from 6625
2026/06/15 04:00:13 [notice] 1#1: unknown process 6625 exited with code 0
2026/06/15 04:00:43 [notice] 1#1: signal 17 (SIGCHLD) received from 6632
2026/06/15 04:00:43 [notice] 1#1: unknown process 6632 exited with code 0
2026/06/15 04:01:13 [notice] 1#1: signal 17 (SIGCHLD) received from 6639
2026/06/15 04:01:13 [notice] 1#1: unknown process 6639 exited with code 0
2026/06/15 04:01:44 [notice] 1#1: signal 17 (SIGCHLD) received from 6646
2026/06/15 04:01:44 [notice] 1#1: unknown process 6646 exited with code 0
2026/06/15 04:02:14 [notice] 1#1: signal 17 (SIGCHLD) received from 6653
2026/06/15 04:02:14 [notice] 1#1: unknown process 6653 exited with code 0
2026/06/15 04:02:44 [notice] 1#1: signal 17 (SIGCHLD) received from 6660
2026/06/15 04:02:44 [notice] 1#1: unknown process 6660 exited with code 0
2026/06/15 04:03:14 [notice] 1#1: signal 17 (SIGCHLD) received from 6667
2026/06/15 04:03:14 [notice] 1#1: unknown process 6667 exited with code 0
2026/06/15 04:03:44 [notice] 1#1: signal 17 (SIGCHLD) received from 6674
2026/06/15 04:03:44 [notice] 1#1: unknown process 6674 exited with code 0
2026/06/15 04:04:15 [notice] 1#1: signal 17 (SIGCHLD) received from 6681
2026/06/15 04:04:15 [notice] 1#1: unknown process 6681 exited with code 0
2026/06/15 04:04:45 [notice] 1#1: signal 17 (SIGCHLD) received from 6688
2026/06/15 04:04:45 [notice] 1#1: unknown process 6688 exited with code 0
2026/06/15 04:05:15 [notice] 1#1: signal 17 (SIGCHLD) received from 6695
2026/06/15 04:05:15 [notice] 1#1: unknown process 6695 exited with code 0
2026/06/15 04:05:45 [notice] 1#1: signal 17 (SIGCHLD) received from 6702
2026/06/15 04:05:45 [notice] 1#1: unknown process 6702 exited with code 0
2026/06/15 04:06:15 [notice] 1#1: signal 17 (SIGCHLD) received from 6709
2026/06/15 04:06:15 [notice] 1#1: unknown process 6709 exited with code 0
2026/06/15 04:06:45 [notice] 1#1: signal 17 (SIGCHLD) received from 6716
2026/06/15 04:06:45 [notice] 1#1: unknown process 6716 exited with code 0
2026/06/15 04:07:16 [notice] 1#1: signal 17 (SIGCHLD) received from 6723
2026/06/15 04:07:16 [notice] 1#1: unknown process 6723 exited with code 0
2026/06/15 04:07:46 [notice] 1#1: signal 17 (SIGCHLD) received from 6730
2026/06/15 04:07:46 [notice] 1#1: unknown process 6730 exited with code 0
2026/06/15 04:08:16 [notice] 1#1: signal 17 (SIGCHLD) received from 6737
2026/06/15 04:08:16 [notice] 1#1: unknown process 6737 exited with code 0
2026/06/15 04:08:46 [notice] 1#1: signal 17 (SIGCHLD) received from 6744
2026/06/15 04:08:46 [notice] 1#1: unknown process 6744 exited with code 0
2026/06/15 04:09:16 [notice] 1#1: signal 17 (SIGCHLD) received from 6751
2026/06/15 04:09:16 [notice] 1#1: unknown process 6751 exited with code 0
2026/06/15 04:09:47 [notice] 1#1: signal 17 (SIGCHLD) received from 6758
2026/06/15 04:09:47 [notice] 1#1: unknown process 6758 exited with code 0
2026/06/15 04:10:17 [notice] 1#1: signal 17 (SIGCHLD) received from 6765
2026/06/15 04:10:17 [notice] 1#1: unknown process 6765 exited with code 0
2026/06/15 04:10:47 [notice] 1#1: signal 17 (SIGCHLD) received from 6772
2026/06/15 04:10:47 [notice] 1#1: unknown process 6772 exited with code 0
2026/06/15 04:11:17 [notice] 1#1: signal 17 (SIGCHLD) received from 6779
2026/06/15 04:11:17 [notice] 1#1: unknown process 6779 exited with code 0
2026/06/15 04:11:47 [notice] 1#1: signal 17 (SIGCHLD) received from 6786
2026/06/15 04:11:47 [notice] 1#1: unknown process 6786 exited with code 0
2026/06/15 04:12:18 [notice] 1#1: signal 17 (SIGCHLD) received from 6793
2026/06/15 04:12:18 [notice] 1#1: unknown process 6793 exited with code 0
2026/06/15 04:12:48 [notice] 1#1: signal 17 (SIGCHLD) received from 6800
2026/06/15 04:12:48 [notice] 1#1: unknown process 6800 exited with code 0
2026/06/15 04:13:18 [notice] 1#1: signal 17 (SIGCHLD) received from 6807
2026/06/15 04:13:18 [notice] 1#1: unknown process 6807 exited with code 0
2026/06/15 04:13:48 [notice] 1#1: signal 17 (SIGCHLD) received from 6814
2026/06/15 04:13:48 [notice] 1#1: unknown process 6814 exited with code 0
2026/06/15 04:14:18 [notice] 1#1: signal 17 (SIGCHLD) received from 6821
2026/06/15 04:14:18 [notice] 1#1: unknown process 6821 exited with code 0
2026/06/15 04:14:49 [notice] 1#1: signal 17 (SIGCHLD) received from 6828
2026/06/15 04:14:49 [notice] 1#1: unknown process 6828 exited with code 0
2026/06/15 04:15:19 [notice] 1#1: signal 17 (SIGCHLD) received from 6835
2026/06/15 04:15:19 [notice] 1#1: unknown process 6835 exited with code 0
2026/06/15 04:15:49 [notice] 1#1: signal 17 (SIGCHLD) received from 6842
2026/06/15 04:15:49 [notice] 1#1: unknown process 6842 exited with code 0
2026/06/15 04:16:19 [notice] 1#1: signal 17 (SIGCHLD) received from 6849
2026/06/15 04:16:19 [notice] 1#1: unknown process 6849 exited with code 0
2026/06/15 04:16:49 [notice] 1#1: signal 17 (SIGCHLD) received from 6856
2026/06/15 04:16:49 [notice] 1#1: unknown process 6856 exited with code 0
2026/06/15 04:17:20 [notice] 1#1: signal 17 (SIGCHLD) received from 6863
2026/06/15 04:17:20 [notice] 1#1: unknown process 6863 exited with code 0
2026/06/15 04:17:50 [notice] 1#1: signal 17 (SIGCHLD) received from 6870
2026/06/15 04:17:50 [notice] 1#1: unknown process 6870 exited with code 0
2026/06/15 04:18:20 [notice] 1#1: signal 17 (SIGCHLD) received from 6876
2026/06/15 04:18:20 [notice] 1#1: unknown process 6876 exited with code 0
2026/06/15 04:18:50 [notice] 1#1: signal 17 (SIGCHLD) received from 6883
2026/06/15 04:18:50 [notice] 1#1: unknown process 6883 exited with code 0
2026/06/15 04:19:20 [notice] 1#1: signal 17 (SIGCHLD) received from 6890
2026/06/15 04:19:20 [notice] 1#1: unknown process 6890 exited with code 0
2026/06/15 04:19:51 [notice] 1#1: signal 17 (SIGCHLD) received from 6897
2026/06/15 04:19:51 [notice] 1#1: unknown process 6897 exited with code 0
2026/06/15 04:20:21 [notice] 1#1: signal 17 (SIGCHLD) received from 6903
2026/06/15 04:20:21 [notice] 1#1: unknown process 6903 exited with code 0
2026/06/15 04:20:51 [notice] 1#1: signal 17 (SIGCHLD) received from 6910
2026/06/15 04:20:51 [notice] 1#1: unknown process 6910 exited with code 0
2026/06/15 04:21:21 [notice] 1#1: signal 17 (SIGCHLD) received from 6917
2026/06/15 04:21:21 [notice] 1#1: unknown process 6917 exited with code 0
2026/06/15 04:21:51 [notice] 1#1: signal 17 (SIGCHLD) received from 6924
2026/06/15 04:21:51 [notice] 1#1: unknown process 6924 exited with code 0
2026/06/15 04:22:22 [notice] 1#1: signal 17 (SIGCHLD) received from 6931
2026/06/15 04:22:22 [notice] 1#1: unknown process 6931 exited with code 0
2026/06/15 04:22:52 [notice] 1#1: signal 17 (SIGCHLD) received from 6938
2026/06/15 04:22:52 [notice] 1#1: unknown process 6938 exited with code 0
2026/06/15 04:23:22 [notice] 1#1: signal 17 (SIGCHLD) received from 6945
2026/06/15 04:23:22 [notice] 1#1: unknown process 6945 exited with code 0
2026/06/15 04:23:52 [notice] 1#1: signal 17 (SIGCHLD) received from 6952
2026/06/15 04:23:52 [notice] 1#1: unknown process 6952 exited with code 0
2026/06/15 04:24:22 [notice] 1#1: signal 17 (SIGCHLD) received from 6959
2026/06/15 04:24:22 [notice] 1#1: unknown process 6959 exited with code 0
2026/06/15 04:24:53 [notice] 1#1: signal 17 (SIGCHLD) received from 6966
2026/06/15 04:24:53 [notice] 1#1: unknown process 6966 exited with code 0
2026/06/15 04:25:23 [notice] 1#1: signal 17 (SIGCHLD) received from 6973
2026/06/15 04:25:23 [notice] 1#1: unknown process 6973 exited with code 0
2026/06/15 04:25:53 [notice] 1#1: signal 17 (SIGCHLD) received from 6980
2026/06/15 04:25:53 [notice] 1#1: unknown process 6980 exited with code 0
2026/06/15 04:26:23 [notice] 1#1: signal 17 (SIGCHLD) received from 6987
2026/06/15 04:26:23 [notice] 1#1: unknown process 6987 exited with code 0
2026/06/15 04:26:53 [notice] 1#1: signal 17 (SIGCHLD) received from 6994
2026/06/15 04:26:53 [notice] 1#1: unknown process 6994 exited with code 0
2026/06/15 04:27:24 [notice] 1#1: signal 17 (SIGCHLD) received from 7001
2026/06/15 04:27:24 [notice] 1#1: unknown process 7001 exited with code 0
2026/06/15 04:27:54 [notice] 1#1: signal 17 (SIGCHLD) received from 7008
2026/06/15 04:27:54 [notice] 1#1: unknown process 7008 exited with code 0
2026/06/15 04:28:24 [notice] 1#1: signal 17 (SIGCHLD) received from 7015
2026/06/15 04:28:24 [notice] 1#1: unknown process 7015 exited with code 0
2026/06/15 04:28:54 [notice] 1#1: signal 17 (SIGCHLD) received from 7022
2026/06/15 04:28:54 [notice] 1#1: unknown process 7022 exited with code 0
2026/06/15 04:29:24 [notice] 1#1: signal 17 (SIGCHLD) received from 7029
2026/06/15 04:29:24 [notice] 1#1: unknown process 7029 exited with code 0
2026/06/15 04:29:55 [notice] 1#1: signal 17 (SIGCHLD) received from 7036
2026/06/15 04:29:55 [notice] 1#1: unknown process 7036 exited with code 0
2026/06/15 04:30:25 [notice] 1#1: signal 17 (SIGCHLD) received from 7043
2026/06/15 04:30:25 [notice] 1#1: unknown process 7043 exited with code 0
2026/06/15 04:30:55 [notice] 1#1: signal 17 (SIGCHLD) received from 7050
2026/06/15 04:30:55 [notice] 1#1: unknown process 7050 exited with code 0
2026/06/15 04:31:25 [notice] 1#1: signal 17 (SIGCHLD) received from 7057
2026/06/15 04:31:25 [notice] 1#1: unknown process 7057 exited with code 0
2026/06/15 04:31:55 [notice] 1#1: signal 17 (SIGCHLD) received from 7064
2026/06/15 04:31:55 [notice] 1#1: unknown process 7064 exited with code 0
2026/06/15 04:32:25 [notice] 1#1: signal 17 (SIGCHLD) received from 7071
2026/06/15 04:32:25 [notice] 1#1: unknown process 7071 exited with code 0
2026/06/15 04:32:56 [notice] 1#1: signal 17 (SIGCHLD) received from 7078
2026/06/15 04:32:56 [notice] 1#1: unknown process 7078 exited with code 0
2026/06/15 04:33:26 [notice] 1#1: signal 17 (SIGCHLD) received from 7085
2026/06/15 04:33:26 [notice] 1#1: unknown process 7085 exited with code 0
2026/06/15 04:33:56 [notice] 1#1: signal 17 (SIGCHLD) received from 7092
2026/06/15 04:33:56 [notice] 1#1: unknown process 7092 exited with code 0
2026/06/15 04:34:26 [notice] 1#1: signal 17 (SIGCHLD) received from 7099
2026/06/15 04:34:26 [notice] 1#1: unknown process 7099 exited with code 0
2026/06/15 04:34:56 [notice] 1#1: signal 17 (SIGCHLD) received from 7106
2026/06/15 04:34:56 [notice] 1#1: unknown process 7106 exited with code 0
2026/06/15 04:35:27 [notice] 1#1: signal 17 (SIGCHLD) received from 7113
2026/06/15 04:35:27 [notice] 1#1: unknown process 7113 exited with code 0
2026/06/15 04:35:57 [notice] 1#1: signal 17 (SIGCHLD) received from 7120
2026/06/15 04:35:57 [notice] 1#1: unknown process 7120 exited with code 0
2026/06/15 04:36:27 [notice] 1#1: signal 17 (SIGCHLD) received from 7127
2026/06/15 04:36:27 [notice] 1#1: unknown process 7127 exited with code 0
2026/06/15 04:36:57 [notice] 1#1: signal 17 (SIGCHLD) received from 7134
2026/06/15 04:36:57 [notice] 1#1: unknown process 7134 exited with code 0
2026/06/15 04:37:27 [notice] 1#1: signal 17 (SIGCHLD) received from 7141
2026/06/15 04:37:27 [notice] 1#1: unknown process 7141 exited with code 0
2026/06/15 04:37:58 [notice] 1#1: signal 17 (SIGCHLD) received from 7148
2026/06/15 04:37:58 [notice] 1#1: unknown process 7148 exited with code 0
2026/06/15 04:38:28 [notice] 1#1: signal 17 (SIGCHLD) received from 7155
2026/06/15 04:38:28 [notice] 1#1: unknown process 7155 exited with code 0
2026/06/15 04:38:58 [notice] 1#1: signal 17 (SIGCHLD) received from 7162
2026/06/15 04:38:58 [notice] 1#1: unknown process 7162 exited with code 0
2026/06/15 04:39:28 [notice] 1#1: signal 17 (SIGCHLD) received from 7169
2026/06/15 04:39:28 [notice] 1#1: unknown process 7169 exited with code 0
2026/06/15 04:39:59 [notice] 1#1: signal 17 (SIGCHLD) received from 7176
2026/06/15 04:39:59 [notice] 1#1: unknown process 7176 exited with code 0
2026/06/15 04:40:29 [notice] 1#1: signal 17 (SIGCHLD) received from 7183
2026/06/15 04:40:29 [notice] 1#1: unknown process 7183 exited with code 0
2026/06/15 04:40:59 [notice] 1#1: signal 17 (SIGCHLD) received from 7190
2026/06/15 04:40:59 [notice] 1#1: unknown process 7190 exited with code 0
2026/06/15 04:41:29 [notice] 1#1: signal 17 (SIGCHLD) received from 7197
2026/06/15 04:41:29 [notice] 1#1: unknown process 7197 exited with code 0
2026/06/15 04:41:59 [notice] 1#1: signal 17 (SIGCHLD) received from 7204
2026/06/15 04:41:59 [notice] 1#1: unknown process 7204 exited with code 0
2026/06/15 04:42:29 [notice] 1#1: signal 17 (SIGCHLD) received from 7211
2026/06/15 04:42:29 [notice] 1#1: unknown process 7211 exited with code 0
2026/06/15 04:43:00 [notice] 1#1: signal 17 (SIGCHLD) received from 7218
2026/06/15 04:43:00 [notice] 1#1: unknown process 7218 exited with code 0
2026/06/15 04:43:30 [notice] 1#1: signal 17 (SIGCHLD) received from 7225
2026/06/15 04:43:30 [notice] 1#1: unknown process 7225 exited with code 0
2026/06/15 04:44:00 [notice] 1#1: signal 17 (SIGCHLD) received from 7232
2026/06/15 04:44:00 [notice] 1#1: unknown process 7232 exited with code 0
2026/06/15 04:44:30 [notice] 1#1: signal 17 (SIGCHLD) received from 7239
2026/06/15 04:44:30 [notice] 1#1: unknown process 7239 exited with code 0
2026/06/15 04:45:00 [notice] 1#1: signal 17 (SIGCHLD) received from 7246
2026/06/15 04:45:00 [notice] 1#1: unknown process 7246 exited with code 0
2026/06/15 04:45:31 [notice] 1#1: signal 17 (SIGCHLD) received from 7252
2026/06/15 04:45:31 [notice] 1#1: unknown process 7252 exited with code 0
2026/06/15 04:46:01 [notice] 1#1: signal 17 (SIGCHLD) received from 7259
2026/06/15 04:46:01 [notice] 1#1: unknown process 7259 exited with code 0
2026/06/15 04:46:31 [notice] 1#1: signal 17 (SIGCHLD) received from 7266
2026/06/15 04:46:31 [notice] 1#1: unknown process 7266 exited with code 0
2026/06/15 04:47:01 [notice] 1#1: signal 17 (SIGCHLD) received from 7273
2026/06/15 04:47:01 [notice] 1#1: unknown process 7273 exited with code 0
2026/06/15 04:47:32 [notice] 1#1: signal 17 (SIGCHLD) received from 7280
2026/06/15 04:47:32 [notice] 1#1: unknown process 7280 exited with code 0
2026/06/15 04:48:02 [notice] 1#1: signal 17 (SIGCHLD) received from 7287
2026/06/15 04:48:02 [notice] 1#1: unknown process 7287 exited with code 0
2026/06/15 04:48:32 [notice] 1#1: signal 17 (SIGCHLD) received from 7294
2026/06/15 04:48:32 [notice] 1#1: unknown process 7294 exited with code 0
2026/06/15 04:49:02 [notice] 1#1: signal 17 (SIGCHLD) received from 7301
2026/06/15 04:49:02 [notice] 1#1: unknown process 7301 exited with code 0
2026/06/15 04:49:32 [notice] 1#1: signal 17 (SIGCHLD) received from 7308
2026/06/15 04:49:32 [notice] 1#1: unknown process 7308 exited with code 0
2026/06/15 04:50:02 [notice] 1#1: signal 17 (SIGCHLD) received from 7315
2026/06/15 04:50:02 [notice] 1#1: unknown process 7315 exited with code 0
2026/06/15 04:50:33 [notice] 1#1: signal 17 (SIGCHLD) received from 7322
2026/06/15 04:50:33 [notice] 1#1: unknown process 7322 exited with code 0
2026/06/15 04:51:03 [notice] 1#1: signal 17 (SIGCHLD) received from 7329
2026/06/15 04:51:03 [notice] 1#1: unknown process 7329 exited with code 0
2026/06/15 04:51:33 [notice] 1#1: signal 17 (SIGCHLD) received from 7336
2026/06/15 04:51:33 [notice] 1#1: unknown process 7336 exited with code 0
2026/06/15 04:52:03 [notice] 1#1: signal 17 (SIGCHLD) received from 7343
2026/06/15 04:52:03 [notice] 1#1: unknown process 7343 exited with code 0
2026/06/15 04:52:33 [notice] 1#1: signal 17 (SIGCHLD) received from 7350
2026/06/15 04:52:33 [notice] 1#1: unknown process 7350 exited with code 0
2026/06/15 04:53:04 [notice] 1#1: signal 17 (SIGCHLD) received from 7357
2026/06/15 04:53:04 [notice] 1#1: unknown process 7357 exited with code 0
2026/06/15 04:53:34 [notice] 1#1: signal 17 (SIGCHLD) received from 7364
2026/06/15 04:53:34 [notice] 1#1: unknown process 7364 exited with code 0
2026/06/15 04:54:04 [notice] 1#1: signal 17 (SIGCHLD) received from 7371
2026/06/15 04:54:04 [notice] 1#1: unknown process 7371 exited with code 0
2026/06/15 04:54:34 [notice] 1#1: signal 17 (SIGCHLD) received from 7378
2026/06/15 04:54:34 [notice] 1#1: unknown process 7378 exited with code 0
2026/06/15 04:55:04 [notice] 1#1: signal 17 (SIGCHLD) received from 7385
2026/06/15 04:55:04 [notice] 1#1: unknown process 7385 exited with code 0
2026/06/15 04:55:35 [notice] 1#1: signal 17 (SIGCHLD) received from 7392
2026/06/15 04:55:35 [notice] 1#1: unknown process 7392 exited with code 0
2026/06/15 04:56:05 [notice] 1#1: signal 17 (SIGCHLD) received from 7399
2026/06/15 04:56:05 [notice] 1#1: unknown process 7399 exited with code 0
2026/06/15 04:56:35 [notice] 1#1: signal 17 (SIGCHLD) received from 7406
2026/06/15 04:56:35 [notice] 1#1: unknown process 7406 exited with code 0
2026/06/15 04:57:05 [notice] 1#1: signal 17 (SIGCHLD) received from 7413
2026/06/15 04:57:05 [notice] 1#1: unknown process 7413 exited with code 0
2026/06/15 04:57:35 [notice] 1#1: signal 17 (SIGCHLD) received from 7420
2026/06/15 04:57:35 [notice] 1#1: unknown process 7420 exited with code 0
2026/06/15 04:58:06 [notice] 1#1: signal 17 (SIGCHLD) received from 7427
2026/06/15 04:58:06 [notice] 1#1: unknown process 7427 exited with code 0
2026/06/15 04:58:36 [notice] 1#1: signal 17 (SIGCHLD) received from 7434
2026/06/15 04:58:36 [notice] 1#1: unknown process 7434 exited with code 0
2026/06/15 04:59:06 [notice] 1#1: signal 17 (SIGCHLD) received from 7441
2026/06/15 04:59:06 [notice] 1#1: unknown process 7441 exited with code 0
2026/06/15 04:59:36 [notice] 1#1: signal 17 (SIGCHLD) received from 7448
2026/06/15 04:59:36 [notice] 1#1: unknown process 7448 exited with code 0
2026/06/15 05:00:06 [notice] 1#1: signal 17 (SIGCHLD) received from 7455
2026/06/15 05:00:06 [notice] 1#1: unknown process 7455 exited with code 0
2026/06/15 05:00:37 [notice] 1#1: signal 17 (SIGCHLD) received from 7462
2026/06/15 05:00:37 [notice] 1#1: unknown process 7462 exited with code 0
2026/06/15 05:01:07 [notice] 1#1: signal 17 (SIGCHLD) received from 7469
2026/06/15 05:01:07 [notice] 1#1: unknown process 7469 exited with code 0
2026/06/15 05:01:37 [notice] 1#1: signal 17 (SIGCHLD) received from 7476
2026/06/15 05:01:37 [notice] 1#1: unknown process 7476 exited with code 0
2026/06/15 05:02:07 [notice] 1#1: signal 17 (SIGCHLD) received from 7483
2026/06/15 05:02:07 [notice] 1#1: unknown process 7483 exited with code 0
2026/06/15 05:02:37 [notice] 1#1: signal 17 (SIGCHLD) received from 7490
2026/06/15 05:02:37 [notice] 1#1: unknown process 7490 exited with code 0
2026/06/15 05:03:08 [notice] 1#1: signal 17 (SIGCHLD) received from 7497
2026/06/15 05:03:08 [notice] 1#1: unknown process 7497 exited with code 0
2026/06/15 05:03:38 [notice] 1#1: signal 17 (SIGCHLD) received from 7504
2026/06/15 05:03:38 [notice] 1#1: unknown process 7504 exited with code 0
2026/06/15 05:04:08 [notice] 1#1: signal 17 (SIGCHLD) received from 7511
2026/06/15 05:04:08 [notice] 1#1: unknown process 7511 exited with code 0
2026/06/15 05:04:38 [notice] 1#1: signal 17 (SIGCHLD) received from 7518
2026/06/15 05:04:38 [notice] 1#1: unknown process 7518 exited with code 0
2026/06/15 05:05:08 [notice] 1#1: signal 17 (SIGCHLD) received from 7525
2026/06/15 05:05:08 [notice] 1#1: unknown process 7525 exited with code 0
2026/06/15 05:05:39 [notice] 1#1: signal 17 (SIGCHLD) received from 7532
2026/06/15 05:05:39 [notice] 1#1: unknown process 7532 exited with code 0
2026/06/15 05:06:09 [notice] 1#1: signal 17 (SIGCHLD) received from 7539
2026/06/15 05:06:09 [notice] 1#1: unknown process 7539 exited with code 0
2026/06/15 05:06:39 [notice] 1#1: signal 17 (SIGCHLD) received from 7546
2026/06/15 05:06:39 [notice] 1#1: unknown process 7546 exited with code 0
2026/06/15 05:07:09 [notice] 1#1: signal 17 (SIGCHLD) received from 7553
2026/06/15 05:07:09 [notice] 1#1: unknown process 7553 exited with code 0
2026/06/15 05:07:39 [notice] 1#1: signal 17 (SIGCHLD) received from 7560
2026/06/15 05:07:39 [notice] 1#1: unknown process 7560 exited with code 0
2026/06/15 05:08:10 [notice] 1#1: signal 17 (SIGCHLD) received from 7567
2026/06/15 05:08:10 [notice] 1#1: unknown process 7567 exited with code 0
2026/06/15 05:08:40 [notice] 1#1: signal 17 (SIGCHLD) received from 7574
2026/06/15 05:08:40 [notice] 1#1: unknown process 7574 exited with code 0
2026/06/15 05:09:10 [notice] 1#1: signal 17 (SIGCHLD) received from 7580
2026/06/15 05:09:10 [notice] 1#1: unknown process 7580 exited with code 0
2026/06/15 05:09:40 [notice] 1#1: signal 17 (SIGCHLD) received from 7587
2026/06/15 05:09:40 [notice] 1#1: unknown process 7587 exited with code 0
2026/06/15 05:10:10 [notice] 1#1: signal 17 (SIGCHLD) received from 7594
2026/06/15 05:10:10 [notice] 1#1: unknown process 7594 exited with code 0
2026/06/15 05:10:41 [notice] 1#1: signal 17 (SIGCHLD) received from 7601
2026/06/15 05:10:41 [notice] 1#1: unknown process 7601 exited with code 0
2026/06/15 05:11:11 [notice] 1#1: signal 17 (SIGCHLD) received from 7608
2026/06/15 05:11:11 [notice] 1#1: unknown process 7608 exited with code 0
2026/06/15 05:11:41 [notice] 1#1: signal 17 (SIGCHLD) received from 7615
2026/06/15 05:11:41 [notice] 1#1: unknown process 7615 exited with code 0
2026/06/15 05:12:11 [notice] 1#1: signal 17 (SIGCHLD) received from 7622
2026/06/15 05:12:11 [notice] 1#1: unknown process 7622 exited with code 0
2026/06/15 05:12:41 [notice] 1#1: signal 17 (SIGCHLD) received from 7629
2026/06/15 05:12:41 [notice] 1#1: unknown process 7629 exited with code 0
2026/06/15 05:13:12 [notice] 1#1: signal 17 (SIGCHLD) received from 7636
2026/06/15 05:13:12 [notice] 1#1: unknown process 7636 exited with code 0
2026/06/15 05:13:42 [notice] 1#1: signal 17 (SIGCHLD) received from 7643
2026/06/15 05:13:42 [notice] 1#1: unknown process 7643 exited with code 0
2026/06/15 05:14:12 [notice] 1#1: signal 17 (SIGCHLD) received from 7650
2026/06/15 05:14:12 [notice] 1#1: unknown process 7650 exited with code 0
2026/06/15 05:14:42 [notice] 1#1: signal 17 (SIGCHLD) received from 7657
2026/06/15 05:14:42 [notice] 1#1: unknown process 7657 exited with code 0
2026/06/15 05:15:12 [notice] 1#1: signal 17 (SIGCHLD) received from 7664
2026/06/15 05:15:12 [notice] 1#1: unknown process 7664 exited with code 0
2026/06/15 05:15:43 [notice] 1#1: signal 17 (SIGCHLD) received from 7671
2026/06/15 05:15:43 [notice] 1#1: unknown process 7671 exited with code 0
2026/06/15 05:16:13 [notice] 1#1: signal 17 (SIGCHLD) received from 7678
2026/06/15 05:16:13 [notice] 1#1: unknown process 7678 exited with code 0
2026/06/15 05:16:43 [notice] 1#1: signal 17 (SIGCHLD) received from 7685
2026/06/15 05:16:43 [notice] 1#1: unknown process 7685 exited with code 0
2026/06/15 05:17:13 [notice] 1#1: signal 17 (SIGCHLD) received from 7692
2026/06/15 05:17:13 [notice] 1#1: unknown process 7692 exited with code 0
2026/06/15 05:17:43 [notice] 1#1: signal 17 (SIGCHLD) received from 7699
2026/06/15 05:17:43 [notice] 1#1: unknown process 7699 exited with code 0
2026/06/15 05:18:14 [notice] 1#1: signal 17 (SIGCHLD) received from 7706
2026/06/15 05:18:14 [notice] 1#1: unknown process 7706 exited with code 0
2026/06/15 05:18:44 [notice] 1#1: signal 17 (SIGCHLD) received from 7713
2026/06/15 05:18:44 [notice] 1#1: unknown process 7713 exited with code 0
2026/06/15 05:19:14 [notice] 1#1: signal 17 (SIGCHLD) received from 7720
2026/06/15 05:19:14 [notice] 1#1: unknown process 7720 exited with code 0
2026/06/15 05:19:45 [notice] 1#1: signal 17 (SIGCHLD) received from 7727
2026/06/15 05:19:45 [notice] 1#1: unknown process 7727 exited with code 0
2026/06/15 05:20:15 [notice] 1#1: signal 17 (SIGCHLD) received from 7734
2026/06/15 05:20:15 [notice] 1#1: unknown process 7734 exited with code 0
2026/06/15 05:20:45 [notice] 1#1: signal 17 (SIGCHLD) received from 7741
2026/06/15 05:20:45 [notice] 1#1: unknown process 7741 exited with code 0
2026/06/15 05:21:15 [notice] 1#1: signal 17 (SIGCHLD) received from 7747
2026/06/15 05:21:15 [notice] 1#1: unknown process 7747 exited with code 0
2026/06/15 05:21:45 [notice] 1#1: signal 17 (SIGCHLD) received from 7754
2026/06/15 05:21:45 [notice] 1#1: unknown process 7754 exited with code 0
2026/06/15 05:22:16 [notice] 1#1: signal 17 (SIGCHLD) received from 7761
2026/06/15 05:22:16 [notice] 1#1: unknown process 7761 exited with code 0
2026/06/15 05:22:46 [notice] 1#1: signal 17 (SIGCHLD) received from 7768
2026/06/15 05:22:46 [notice] 1#1: unknown process 7768 exited with code 0
2026/06/15 05:23:16 [notice] 1#1: signal 17 (SIGCHLD) received from 7775
2026/06/15 05:23:16 [notice] 1#1: unknown process 7775 exited with code 0
2026/06/15 05:23:46 [notice] 1#1: signal 17 (SIGCHLD) received from 7782
2026/06/15 05:23:46 [notice] 1#1: unknown process 7782 exited with code 0
2026/06/15 05:24:16 [notice] 1#1: signal 17 (SIGCHLD) received from 7789
2026/06/15 05:24:16 [notice] 1#1: unknown process 7789 exited with code 0
2026/06/15 05:24:47 [notice] 1#1: signal 17 (SIGCHLD) received from 7796
2026/06/15 05:24:47 [notice] 1#1: unknown process 7796 exited with code 0
2026/06/15 05:25:17 [notice] 1#1: signal 17 (SIGCHLD) received from 7802
2026/06/15 05:25:17 [notice] 1#1: unknown process 7802 exited with code 0
2026/06/15 05:25:47 [notice] 1#1: signal 17 (SIGCHLD) received from 7809
2026/06/15 05:25:47 [notice] 1#1: unknown process 7809 exited with code 0
2026/06/15 05:26:17 [notice] 1#1: signal 17 (SIGCHLD) received from 7816
2026/06/15 05:26:17 [notice] 1#1: unknown process 7816 exited with code 0
2026/06/15 05:26:47 [notice] 1#1: signal 17 (SIGCHLD) received from 7823
2026/06/15 05:26:47 [notice] 1#1: unknown process 7823 exited with code 0
2026/06/15 05:27:18 [notice] 1#1: signal 17 (SIGCHLD) received from 7830
2026/06/15 05:27:18 [notice] 1#1: unknown process 7830 exited with code 0
2026/06/15 05:27:48 [notice] 1#1: signal 17 (SIGCHLD) received from 7837
2026/06/15 05:27:48 [notice] 1#1: unknown process 7837 exited with code 0
2026/06/15 05:28:18 [notice] 1#1: signal 17 (SIGCHLD) received from 7844
2026/06/15 05:28:18 [notice] 1#1: unknown process 7844 exited with code 0
2026/06/15 05:28:48 [notice] 1#1: signal 17 (SIGCHLD) received from 7852
2026/06/15 05:28:48 [notice] 1#1: unknown process 7852 exited with code 0
2026/06/15 05:29:18 [notice] 1#1: signal 17 (SIGCHLD) received from 7859
2026/06/15 05:29:18 [notice] 1#1: unknown process 7859 exited with code 0
2026/06/15 05:29:49 [notice] 1#1: signal 17 (SIGCHLD) received from 7866
2026/06/15 05:29:49 [notice] 1#1: unknown process 7866 exited with code 0
2026/06/15 05:30:19 [notice] 1#1: signal 17 (SIGCHLD) received from 7873
2026/06/15 05:30:19 [notice] 1#1: unknown process 7873 exited with code 0
2026/06/15 05:30:49 [notice] 1#1: signal 17 (SIGCHLD) received from 7880
2026/06/15 05:30:49 [notice] 1#1: unknown process 7880 exited with code 0
2026/06/15 05:31:19 [notice] 1#1: signal 17 (SIGCHLD) received from 7887
2026/06/15 05:31:19 [notice] 1#1: unknown process 7887 exited with code 0
2026/06/15 05:31:49 [notice] 1#1: signal 17 (SIGCHLD) received from 7894
2026/06/15 05:31:49 [notice] 1#1: unknown process 7894 exited with code 0
2026/06/15 05:32:20 [notice] 1#1: signal 17 (SIGCHLD) received from 7901
2026/06/15 05:32:20 [notice] 1#1: unknown process 7901 exited with code 0
2026/06/15 05:32:50 [notice] 1#1: signal 17 (SIGCHLD) received from 7908
2026/06/15 05:32:50 [notice] 1#1: unknown process 7908 exited with code 0
2026/06/15 05:33:20 [notice] 1#1: signal 17 (SIGCHLD) received from 7915
2026/06/15 05:33:20 [notice] 1#1: unknown process 7915 exited with code 0
2026/06/15 05:33:50 [notice] 1#1: signal 17 (SIGCHLD) received from 7922
2026/06/15 05:33:50 [notice] 1#1: unknown process 7922 exited with code 0
2026/06/15 05:34:20 [notice] 1#1: signal 17 (SIGCHLD) received from 7929
2026/06/15 05:34:20 [notice] 1#1: unknown process 7929 exited with code 0
2026/06/15 05:34:51 [notice] 1#1: signal 17 (SIGCHLD) received from 7936
2026/06/15 05:34:51 [notice] 1#1: unknown process 7936 exited with code 0
2026/06/15 05:35:21 [notice] 1#1: signal 17 (SIGCHLD) received from 7943
2026/06/15 05:35:21 [notice] 1#1: unknown process 7943 exited with code 0
2026/06/15 05:35:51 [notice] 1#1: signal 17 (SIGCHLD) received from 7950
2026/06/15 05:35:51 [notice] 1#1: unknown process 7950 exited with code 0
2026/06/15 05:36:21 [notice] 1#1: signal 17 (SIGCHLD) received from 7957
2026/06/15 05:36:21 [notice] 1#1: unknown process 7957 exited with code 0
2026/06/15 05:36:51 [notice] 1#1: signal 17 (SIGCHLD) received from 7963
2026/06/15 05:36:51 [notice] 1#1: unknown process 7963 exited with code 0
2026/06/15 05:37:22 [notice] 1#1: signal 17 (SIGCHLD) received from 7970
2026/06/15 05:37:22 [notice] 1#1: unknown process 7970 exited with code 0
2026/06/15 05:37:52 [notice] 1#1: signal 17 (SIGCHLD) received from 7977
2026/06/15 05:37:52 [notice] 1#1: unknown process 7977 exited with code 0
2026/06/15 05:38:22 [notice] 1#1: signal 17 (SIGCHLD) received from 7984
2026/06/15 05:38:22 [notice] 1#1: unknown process 7984 exited with code 0
2026/06/15 05:38:53 [notice] 1#1: signal 17 (SIGCHLD) received from 7991
2026/06/15 05:38:53 [notice] 1#1: unknown process 7991 exited with code 0
2026/06/15 05:39:23 [notice] 1#1: signal 17 (SIGCHLD) received from 7998
2026/06/15 05:39:23 [notice] 1#1: unknown process 7998 exited with code 0
2026/06/15 05:39:53 [notice] 1#1: signal 17 (SIGCHLD) received from 8005
2026/06/15 05:39:53 [notice] 1#1: unknown process 8005 exited with code 0
2026/06/15 05:40:23 [notice] 1#1: signal 17 (SIGCHLD) received from 8012
2026/06/15 05:40:23 [notice] 1#1: unknown process 8012 exited with code 0
2026/06/15 05:40:53 [notice] 1#1: signal 17 (SIGCHLD) received from 8019
2026/06/15 05:40:53 [notice] 1#1: unknown process 8019 exited with code 0
2026/06/15 05:41:24 [notice] 1#1: signal 17 (SIGCHLD) received from 8027
2026/06/15 05:41:24 [notice] 1#1: unknown process 8027 exited with code 0
2026/06/15 05:41:54 [notice] 1#1: signal 17 (SIGCHLD) received from 8034
2026/06/15 05:41:54 [notice] 1#1: unknown process 8034 exited with code 0
2026/06/15 05:42:24 [notice] 1#1: signal 17 (SIGCHLD) received from 8041
2026/06/15 05:42:24 [notice] 1#1: unknown process 8041 exited with code 0
2026/06/15 05:42:54 [notice] 1#1: signal 17 (SIGCHLD) received from 8048
2026/06/15 05:42:54 [notice] 1#1: unknown process 8048 exited with code 0
2026/06/15 05:43:24 [notice] 1#1: signal 17 (SIGCHLD) received from 8055
2026/06/15 05:43:24 [notice] 1#1: unknown process 8055 exited with code 0
2026/06/15 05:43:55 [notice] 1#1: signal 17 (SIGCHLD) received from 8062
2026/06/15 05:43:55 [notice] 1#1: unknown process 8062 exited with code 0
2026/06/15 05:44:25 [notice] 1#1: signal 17 (SIGCHLD) received from 8070
2026/06/15 05:44:25 [notice] 1#1: unknown process 8070 exited with code 0
2026/06/15 05:44:55 [notice] 1#1: signal 17 (SIGCHLD) received from 8077
2026/06/15 05:44:55 [notice] 1#1: unknown process 8077 exited with code 0
2026/06/15 05:45:25 [notice] 1#1: signal 17 (SIGCHLD) received from 8084
2026/06/15 05:45:25 [notice] 1#1: unknown process 8084 exited with code 0
2026/06/15 05:45:55 [notice] 1#1: signal 17 (SIGCHLD) received from 8091
2026/06/15 05:45:55 [notice] 1#1: unknown process 8091 exited with code 0
2026/06/15 05:46:26 [notice] 1#1: signal 17 (SIGCHLD) received from 8098
2026/06/15 05:46:26 [notice] 1#1: unknown process 8098 exited with code 0
2026/06/15 05:46:56 [notice] 1#1: signal 17 (SIGCHLD) received from 8105
2026/06/15 05:46:56 [notice] 1#1: unknown process 8105 exited with code 0
2026/06/15 05:47:26 [notice] 1#1: signal 17 (SIGCHLD) received from 8112
2026/06/15 05:47:26 [notice] 1#1: unknown process 8112 exited with code 0
2026/06/15 05:47:56 [notice] 1#1: signal 17 (SIGCHLD) received from 8119
2026/06/15 05:47:56 [notice] 1#1: unknown process 8119 exited with code 0
2026/06/15 05:48:26 [notice] 1#1: signal 17 (SIGCHLD) received from 8126
2026/06/15 05:48:26 [notice] 1#1: unknown process 8126 exited with code 0
2026/06/15 05:48:57 [notice] 1#1: signal 17 (SIGCHLD) received from 8133
2026/06/15 05:48:57 [notice] 1#1: unknown process 8133 exited with code 0
2026/06/15 05:49:27 [notice] 1#1: signal 17 (SIGCHLD) received from 8140
2026/06/15 05:49:27 [notice] 1#1: unknown process 8140 exited with code 0
2026/06/15 05:49:57 [notice] 1#1: signal 17 (SIGCHLD) received from 8147
2026/06/15 05:49:57 [notice] 1#1: unknown process 8147 exited with code 0
2026/06/15 05:50:27 [notice] 1#1: signal 17 (SIGCHLD) received from 8154
2026/06/15 05:50:27 [notice] 1#1: unknown process 8154 exited with code 0
2026/06/15 05:50:57 [notice] 1#1: signal 17 (SIGCHLD) received from 8161
2026/06/15 05:50:57 [notice] 1#1: unknown process 8161 exited with code 0
2026/06/15 05:51:28 [notice] 1#1: signal 17 (SIGCHLD) received from 8168
2026/06/15 05:51:28 [notice] 1#1: unknown process 8168 exited with code 0
2026/06/15 05:51:58 [notice] 1#1: signal 17 (SIGCHLD) received from 8175
2026/06/15 05:51:58 [notice] 1#1: unknown process 8175 exited with code 0
2026/06/15 05:52:28 [notice] 1#1: signal 17 (SIGCHLD) received from 8182
2026/06/15 05:52:28 [notice] 1#1: unknown process 8182 exited with code 0
2026/06/15 05:52:58 [notice] 1#1: signal 17 (SIGCHLD) received from 8189
2026/06/15 05:52:58 [notice] 1#1: unknown process 8189 exited with code 0
2026/06/15 05:53:28 [notice] 1#1: signal 17 (SIGCHLD) received from 8196
2026/06/15 05:53:28 [notice] 1#1: unknown process 8196 exited with code 0
2026/06/15 05:53:58 [notice] 1#1: signal 17 (SIGCHLD) received from 8203
2026/06/15 05:53:58 [notice] 1#1: unknown process 8203 exited with code 0
2026/06/15 05:54:29 [notice] 1#1: signal 17 (SIGCHLD) received from 8210
2026/06/15 05:54:29 [notice] 1#1: unknown process 8210 exited with code 0
2026/06/15 05:54:59 [notice] 1#1: signal 17 (SIGCHLD) received from 8217
2026/06/15 05:54:59 [notice] 1#1: unknown process 8217 exited with code 0
2026/06/15 05:55:29 [notice] 1#1: signal 17 (SIGCHLD) received from 8224
2026/06/15 05:55:29 [notice] 1#1: unknown process 8224 exited with code 0
2026/06/15 05:55:59 [notice] 1#1: signal 17 (SIGCHLD) received from 8231
2026/06/15 05:55:59 [notice] 1#1: unknown process 8231 exited with code 0
2026/06/15 05:56:29 [notice] 1#1: signal 17 (SIGCHLD) received from 8238
2026/06/15 05:56:29 [notice] 1#1: unknown process 8238 exited with code 0
2026/06/15 05:57:00 [notice] 1#1: signal 17 (SIGCHLD) received from 8245
2026/06/15 05:57:00 [notice] 1#1: unknown process 8245 exited with code 0
2026/06/15 05:57:30 [notice] 1#1: signal 17 (SIGCHLD) received from 8252
2026/06/15 05:57:30 [notice] 1#1: unknown process 8252 exited with code 0
2026/06/15 05:58:00 [notice] 1#1: signal 17 (SIGCHLD) received from 8259
2026/06/15 05:58:00 [notice] 1#1: unknown process 8259 exited with code 0
2026/06/15 05:58:30 [notice] 1#1: signal 17 (SIGCHLD) received from 8266
2026/06/15 05:58:30 [notice] 1#1: unknown process 8266 exited with code 0
2026/06/15 05:59:00 [notice] 1#1: signal 17 (SIGCHLD) received from 8273
2026/06/15 05:59:00 [notice] 1#1: unknown process 8273 exited with code 0
2026/06/15 05:59:31 [notice] 1#1: signal 17 (SIGCHLD) received from 8280
2026/06/15 05:59:31 [notice] 1#1: unknown process 8280 exited with code 0
2026/06/15 06:00:01 [notice] 1#1: signal 17 (SIGCHLD) received from 8287
2026/06/15 06:00:01 [notice] 1#1: unknown process 8287 exited with code 0
2026/06/15 06:00:31 [notice] 1#1: signal 17 (SIGCHLD) received from 8294
2026/06/15 06:00:31 [notice] 1#1: unknown process 8294 exited with code 0
2026/06/15 06:01:01 [notice] 1#1: signal 17 (SIGCHLD) received from 8301
2026/06/15 06:01:01 [notice] 1#1: unknown process 8301 exited with code 0
2026/06/15 06:01:31 [notice] 1#1: signal 17 (SIGCHLD) received from 8308
2026/06/15 06:01:31 [notice] 1#1: unknown process 8308 exited with code 0
2026/06/15 06:02:02 [notice] 1#1: signal 17 (SIGCHLD) received from 8315
2026/06/15 06:02:02 [notice] 1#1: unknown process 8315 exited with code 0
2026/06/15 06:02:32 [notice] 1#1: signal 17 (SIGCHLD) received from 8322
2026/06/15 06:02:32 [notice] 1#1: unknown process 8322 exited with code 0
2026/06/15 06:03:02 [notice] 1#1: signal 17 (SIGCHLD) received from 8329
2026/06/15 06:03:02 [notice] 1#1: unknown process 8329 exited with code 0
2026/06/15 06:03:32 [notice] 1#1: signal 17 (SIGCHLD) received from 8336
2026/06/15 06:03:32 [notice] 1#1: unknown process 8336 exited with code 0
2026/06/15 06:04:02 [notice] 1#1: signal 17 (SIGCHLD) received from 8343
2026/06/15 06:04:02 [notice] 1#1: unknown process 8343 exited with code 0
2026/06/15 06:04:33 [notice] 1#1: signal 17 (SIGCHLD) received from 8350
2026/06/15 06:04:33 [notice] 1#1: unknown process 8350 exited with code 0
2026/06/15 06:05:03 [notice] 1#1: signal 17 (SIGCHLD) received from 8357
2026/06/15 06:05:03 [notice] 1#1: unknown process 8357 exited with code 0
2026/06/15 06:05:33 [notice] 1#1: signal 17 (SIGCHLD) received from 8364
2026/06/15 06:05:33 [notice] 1#1: unknown process 8364 exited with code 0
2026/06/15 06:06:03 [notice] 1#1: signal 17 (SIGCHLD) received from 8370
2026/06/15 06:06:03 [notice] 1#1: unknown process 8370 exited with code 0
2026/06/15 06:06:33 [notice] 1#1: signal 17 (SIGCHLD) received from 8377
2026/06/15 06:06:33 [notice] 1#1: unknown process 8377 exited with code 0
2026/06/15 06:07:04 [notice] 1#1: signal 17 (SIGCHLD) received from 8383
2026/06/15 06:07:04 [notice] 1#1: unknown process 8383 exited with code 0
2026/06/15 06:07:34 [notice] 1#1: signal 17 (SIGCHLD) received from 8390
2026/06/15 06:07:34 [notice] 1#1: unknown process 8390 exited with code 0
2026/06/15 06:08:04 [notice] 1#1: signal 17 (SIGCHLD) received from 8397
2026/06/15 06:08:04 [notice] 1#1: unknown process 8397 exited with code 0
2026/06/15 06:08:34 [notice] 1#1: signal 17 (SIGCHLD) received from 8404
2026/06/15 06:08:34 [notice] 1#1: unknown process 8404 exited with code 0
2026/06/15 06:09:05 [notice] 1#1: signal 17 (SIGCHLD) received from 8411
2026/06/15 06:09:05 [notice] 1#1: unknown process 8411 exited with code 0
2026/06/15 06:09:35 [notice] 1#1: signal 17 (SIGCHLD) received from 8418
2026/06/15 06:09:35 [notice] 1#1: unknown process 8418 exited with code 0
2026/06/15 06:10:05 [notice] 1#1: signal 17 (SIGCHLD) received from 8424
2026/06/15 06:10:05 [notice] 1#1: unknown process 8424 exited with code 0
2026/06/15 06:10:35 [notice] 1#1: signal 17 (SIGCHLD) received from 8431
2026/06/15 06:10:35 [notice] 1#1: unknown process 8431 exited with code 0
2026/06/15 06:11:05 [notice] 1#1: signal 17 (SIGCHLD) received from 8438
2026/06/15 06:11:05 [notice] 1#1: unknown process 8438 exited with code 0
2026/06/15 06:11:36 [notice] 1#1: signal 17 (SIGCHLD) received from 8445
2026/06/15 06:11:36 [notice] 1#1: unknown process 8445 exited with code 0
2026/06/15 06:12:06 [notice] 1#1: signal 17 (SIGCHLD) received from 8452
2026/06/15 06:12:06 [notice] 1#1: unknown process 8452 exited with code 0
2026/06/15 06:12:36 [notice] 1#1: signal 17 (SIGCHLD) received from 8459
2026/06/15 06:12:36 [notice] 1#1: unknown process 8459 exited with code 0
2026/06/15 06:13:06 [notice] 1#1: signal 17 (SIGCHLD) received from 8466
2026/06/15 06:13:06 [notice] 1#1: unknown process 8466 exited with code 0
2026/06/15 06:13:36 [notice] 1#1: signal 17 (SIGCHLD) received from 8473
2026/06/15 06:13:36 [notice] 1#1: unknown process 8473 exited with code 0
2026/06/15 06:14:07 [notice] 1#1: signal 17 (SIGCHLD) received from 8480
2026/06/15 06:14:07 [notice] 1#1: unknown process 8480 exited with code 0
2026/06/15 06:14:37 [notice] 1#1: signal 17 (SIGCHLD) received from 8487
2026/06/15 06:14:37 [notice] 1#1: unknown process 8487 exited with code 0
2026/06/15 06:15:07 [notice] 1#1: signal 17 (SIGCHLD) received from 8494
2026/06/15 06:15:07 [notice] 1#1: unknown process 8494 exited with code 0
2026/06/15 06:15:37 [notice] 1#1: signal 17 (SIGCHLD) received from 8501
2026/06/15 06:15:37 [notice] 1#1: unknown process 8501 exited with code 0
2026/06/15 06:16:07 [notice] 1#1: signal 17 (SIGCHLD) received from 8508
2026/06/15 06:16:07 [notice] 1#1: unknown process 8508 exited with code 0
2026/06/15 06:16:38 [notice] 1#1: signal 17 (SIGCHLD) received from 8515
2026/06/15 06:16:38 [notice] 1#1: unknown process 8515 exited with code 0
2026/06/15 06:17:08 [notice] 1#1: signal 17 (SIGCHLD) received from 8522
2026/06/15 06:17:08 [notice] 1#1: unknown process 8522 exited with code 0
2026/06/15 06:17:38 [notice] 1#1: signal 17 (SIGCHLD) received from 8529
2026/06/15 06:17:38 [notice] 1#1: unknown process 8529 exited with code 0
2026/06/15 06:18:08 [notice] 1#1: signal 17 (SIGCHLD) received from 8536
2026/06/15 06:18:08 [notice] 1#1: unknown process 8536 exited with code 0
2026/06/15 06:18:38 [notice] 1#1: signal 17 (SIGCHLD) received from 8543
2026/06/15 06:18:38 [notice] 1#1: unknown process 8543 exited with code 0
2026/06/15 06:19:09 [notice] 1#1: signal 17 (SIGCHLD) received from 8549
2026/06/15 06:19:09 [notice] 1#1: unknown process 8549 exited with code 0
2026/06/15 06:19:39 [notice] 1#1: signal 17 (SIGCHLD) received from 8556
2026/06/15 06:19:39 [notice] 1#1: unknown process 8556 exited with code 0
2026/06/15 06:20:09 [notice] 1#1: signal 17 (SIGCHLD) received from 8563
2026/06/15 06:20:09 [notice] 1#1: unknown process 8563 exited with code 0
2026/06/15 06:20:39 [notice] 1#1: signal 17 (SIGCHLD) received from 8570
2026/06/15 06:20:39 [notice] 1#1: unknown process 8570 exited with code 0
2026/06/15 06:21:09 [notice] 1#1: signal 17 (SIGCHLD) received from 8577
2026/06/15 06:21:09 [notice] 1#1: unknown process 8577 exited with code 0
2026/06/15 06:21:40 [notice] 1#1: signal 17 (SIGCHLD) received from 8584
2026/06/15 06:21:40 [notice] 1#1: unknown process 8584 exited with code 0
2026/06/15 06:22:10 [notice] 1#1: signal 17 (SIGCHLD) received from 8591
2026/06/15 06:22:10 [notice] 1#1: unknown process 8591 exited with code 0
2026/06/15 06:22:40 [notice] 1#1: signal 17 (SIGCHLD) received from 8598
2026/06/15 06:22:40 [notice] 1#1: unknown process 8598 exited with code 0
2026/06/15 06:23:10 [notice] 1#1: signal 17 (SIGCHLD) received from 8605
2026/06/15 06:23:10 [notice] 1#1: unknown process 8605 exited with code 0
2026/06/15 06:23:40 [notice] 1#1: signal 17 (SIGCHLD) received from 8612
2026/06/15 06:23:40 [notice] 1#1: unknown process 8612 exited with code 0
2026/06/15 06:24:11 [notice] 1#1: signal 17 (SIGCHLD) received from 8619
2026/06/15 06:24:11 [notice] 1#1: unknown process 8619 exited with code 0
2026/06/15 06:24:41 [notice] 1#1: signal 17 (SIGCHLD) received from 8626
2026/06/15 06:24:41 [notice] 1#1: unknown process 8626 exited with code 0
2026/06/15 06:25:11 [notice] 1#1: signal 17 (SIGCHLD) received from 8633
2026/06/15 06:25:11 [notice] 1#1: unknown process 8633 exited with code 0
2026/06/15 06:25:41 [notice] 1#1: signal 17 (SIGCHLD) received from 8640
2026/06/15 06:25:41 [notice] 1#1: unknown process 8640 exited with code 0
2026/06/15 06:26:11 [notice] 1#1: signal 17 (SIGCHLD) received from 8647
2026/06/15 06:26:11 [notice] 1#1: unknown process 8647 exited with code 0
2026/06/15 06:26:42 [notice] 1#1: signal 17 (SIGCHLD) received from 8654
2026/06/15 06:26:42 [notice] 1#1: unknown process 8654 exited with code 0
2026/06/15 06:27:12 [notice] 1#1: signal 17 (SIGCHLD) received from 8661
2026/06/15 06:27:12 [notice] 1#1: unknown process 8661 exited with code 0
2026/06/15 06:27:42 [notice] 1#1: signal 17 (SIGCHLD) received from 8668
2026/06/15 06:27:42 [notice] 1#1: unknown process 8668 exited with code 0
2026/06/15 06:28:12 [notice] 1#1: signal 17 (SIGCHLD) received from 8675
2026/06/15 06:28:12 [notice] 1#1: unknown process 8675 exited with code 0
2026/06/15 06:28:42 [notice] 1#1: signal 17 (SIGCHLD) received from 8682
2026/06/15 06:28:42 [notice] 1#1: unknown process 8682 exited with code 0
2026/06/15 06:29:13 [notice] 1#1: signal 17 (SIGCHLD) received from 8689
2026/06/15 06:29:13 [notice] 1#1: unknown process 8689 exited with code 0
2026/06/15 06:29:43 [notice] 1#1: signal 17 (SIGCHLD) received from 8696
2026/06/15 06:29:43 [notice] 1#1: unknown process 8696 exited with code 0
2026/06/15 06:30:13 [notice] 1#1: signal 17 (SIGCHLD) received from 8703
2026/06/15 06:30:13 [notice] 1#1: unknown process 8703 exited with code 0
2026/06/15 06:30:43 [notice] 1#1: signal 17 (SIGCHLD) received from 8710
2026/06/15 06:30:43 [notice] 1#1: unknown process 8710 exited with code 0
2026/06/15 06:31:13 [notice] 1#1: signal 17 (SIGCHLD) received from 8717
2026/06/15 06:31:13 [notice] 1#1: unknown process 8717 exited with code 0
2026/06/15 06:31:44 [notice] 1#1: signal 17 (SIGCHLD) received from 8724
2026/06/15 06:31:44 [notice] 1#1: unknown process 8724 exited with code 0
2026/06/15 06:32:14 [notice] 1#1: signal 17 (SIGCHLD) received from 8731
2026/06/15 06:32:14 [notice] 1#1: unknown process 8731 exited with code 0
2026/06/15 06:32:44 [notice] 1#1: signal 17 (SIGCHLD) received from 8738
2026/06/15 06:32:44 [notice] 1#1: unknown process 8738 exited with code 0
2026/06/15 06:33:14 [notice] 1#1: signal 17 (SIGCHLD) received from 8745
2026/06/15 06:33:14 [notice] 1#1: unknown process 8745 exited with code 0
2026/06/15 06:33:45 [notice] 1#1: signal 17 (SIGCHLD) received from 8752
2026/06/15 06:33:45 [notice] 1#1: unknown process 8752 exited with code 0
2026/06/15 06:34:15 [notice] 1#1: signal 17 (SIGCHLD) received from 8759
2026/06/15 06:34:15 [notice] 1#1: unknown process 8759 exited with code 0
2026/06/15 06:34:45 [notice] 1#1: signal 17 (SIGCHLD) received from 8766
2026/06/15 06:34:45 [notice] 1#1: unknown process 8766 exited with code 0
2026/06/15 06:35:15 [notice] 1#1: signal 17 (SIGCHLD) received from 8773
2026/06/15 06:35:15 [notice] 1#1: unknown process 8773 exited with code 0
2026/06/15 06:35:45 [notice] 1#1: signal 17 (SIGCHLD) received from 8780
2026/06/15 06:35:45 [notice] 1#1: unknown process 8780 exited with code 0
2026/06/15 06:36:16 [notice] 1#1: signal 17 (SIGCHLD) received from 8787
2026/06/15 06:36:16 [notice] 1#1: unknown process 8787 exited with code 0
2026/06/15 06:36:46 [notice] 1#1: signal 17 (SIGCHLD) received from 8794
2026/06/15 06:36:46 [notice] 1#1: unknown process 8794 exited with code 0
2026/06/15 06:37:16 [notice] 1#1: signal 17 (SIGCHLD) received from 8801
2026/06/15 06:37:16 [notice] 1#1: unknown process 8801 exited with code 0
2026/06/15 06:37:47 [notice] 1#1: signal 17 (SIGCHLD) received from 8808
2026/06/15 06:37:47 [notice] 1#1: unknown process 8808 exited with code 0
2026/06/15 06:38:17 [notice] 1#1: signal 17 (SIGCHLD) received from 8815
2026/06/15 06:38:17 [notice] 1#1: unknown process 8815 exited with code 0
2026/06/15 06:38:47 [notice] 1#1: signal 17 (SIGCHLD) received from 8823
2026/06/15 06:38:47 [notice] 1#1: unknown process 8823 exited with code 0
2026/06/15 06:39:17 [notice] 1#1: signal 17 (SIGCHLD) received from 8829
2026/06/15 06:39:17 [notice] 1#1: unknown process 8829 exited with code 0
2026/06/15 06:39:48 [notice] 1#1: signal 17 (SIGCHLD) received from 8836
2026/06/15 06:39:48 [notice] 1#1: unknown process 8836 exited with code 0
2026/06/15 06:40:18 [notice] 1#1: signal 17 (SIGCHLD) received from 8843
2026/06/15 06:40:18 [notice] 1#1: unknown process 8843 exited with code 0
2026/06/15 06:40:48 [notice] 1#1: signal 17 (SIGCHLD) received from 8850
2026/06/15 06:40:48 [notice] 1#1: unknown process 8850 exited with code 0
2026/06/15 06:41:18 [notice] 1#1: signal 17 (SIGCHLD) received from 8856
2026/06/15 06:41:18 [notice] 1#1: unknown process 8856 exited with code 0
2026/06/15 06:41:49 [notice] 1#1: signal 17 (SIGCHLD) received from 8863
2026/06/15 06:41:49 [notice] 1#1: unknown process 8863 exited with code 0
2026/06/15 06:42:19 [notice] 1#1: signal 17 (SIGCHLD) received from 8870
2026/06/15 06:42:19 [notice] 1#1: unknown process 8870 exited with code 0
2026/06/15 06:42:50 [notice] 1#1: signal 17 (SIGCHLD) received from 8877
2026/06/15 06:42:50 [notice] 1#1: unknown process 8877 exited with code 0
2026/06/15 06:43:21 [notice] 1#1: signal 17 (SIGCHLD) received from 8884
2026/06/15 06:43:21 [notice] 1#1: unknown process 8884 exited with code 0
2026/06/15 06:43:51 [notice] 1#1: signal 17 (SIGCHLD) received from 8891
2026/06/15 06:43:51 [notice] 1#1: unknown process 8891 exited with code 0
2026/06/15 06:44:21 [notice] 1#1: signal 17 (SIGCHLD) received from 8897
2026/06/15 06:44:21 [notice] 1#1: unknown process 8897 exited with code 0
2026/06/15 06:44:51 [notice] 1#1: signal 17 (SIGCHLD) received from 8905
2026/06/15 06:44:51 [notice] 1#1: unknown process 8905 exited with code 0
2026/06/15 06:45:22 [notice] 1#1: signal 17 (SIGCHLD) received from 8912
2026/06/15 06:45:22 [notice] 1#1: unknown process 8912 exited with code 0
2026/06/15 06:45:52 [notice] 1#1: signal 17 (SIGCHLD) received from 8919
2026/06/15 06:45:52 [notice] 1#1: unknown process 8919 exited with code 0
2026/06/15 06:46:22 [notice] 1#1: signal 17 (SIGCHLD) received from 8926
2026/06/15 06:46:22 [notice] 1#1: unknown process 8926 exited with code 0
2026/06/15 06:46:52 [notice] 1#1: signal 17 (SIGCHLD) received from 8933
2026/06/15 06:46:52 [notice] 1#1: unknown process 8933 exited with code 0
2026/06/15 06:47:22 [notice] 1#1: signal 17 (SIGCHLD) received from 8940
2026/06/15 06:47:22 [notice] 1#1: unknown process 8940 exited with code 0
2026/06/15 06:47:53 [notice] 1#1: signal 17 (SIGCHLD) received from 8947
2026/06/15 06:47:53 [notice] 1#1: unknown process 8947 exited with code 0
2026/06/15 06:48:23 [notice] 1#1: signal 17 (SIGCHLD) received from 8954
2026/06/15 06:48:23 [notice] 1#1: unknown process 8954 exited with code 0
2026/06/15 06:48:53 [notice] 1#1: signal 17 (SIGCHLD) received from 8961
2026/06/15 06:48:53 [notice] 1#1: unknown process 8961 exited with code 0
2026/06/15 06:49:23 [notice] 1#1: signal 17 (SIGCHLD) received from 8968
2026/06/15 06:49:23 [notice] 1#1: unknown process 8968 exited with code 0
2026/06/15 06:49:53 [notice] 1#1: signal 17 (SIGCHLD) received from 8975
2026/06/15 06:49:53 [notice] 1#1: unknown process 8975 exited with code 0
2026/06/15 06:50:24 [notice] 1#1: signal 17 (SIGCHLD) received from 8982
2026/06/15 06:50:24 [notice] 1#1: unknown process 8982 exited with code 0
2026/06/15 06:50:54 [notice] 1#1: signal 17 (SIGCHLD) received from 8989
2026/06/15 06:50:54 [notice] 1#1: unknown process 8989 exited with code 0
2026/06/15 06:51:24 [notice] 1#1: signal 17 (SIGCHLD) received from 8996
2026/06/15 06:51:24 [notice] 1#1: unknown process 8996 exited with code 0
2026/06/15 06:51:54 [notice] 1#1: signal 17 (SIGCHLD) received from 9003
2026/06/15 06:51:54 [notice] 1#1: unknown process 9003 exited with code 0
2026/06/15 06:52:24 [notice] 1#1: signal 17 (SIGCHLD) received from 9010
2026/06/15 06:52:24 [notice] 1#1: unknown process 9010 exited with code 0
2026/06/15 06:52:55 [notice] 1#1: signal 17 (SIGCHLD) received from 9017
2026/06/15 06:52:55 [notice] 1#1: unknown process 9017 exited with code 0
2026/06/15 06:53:25 [notice] 1#1: signal 17 (SIGCHLD) received from 9024
2026/06/15 06:53:25 [notice] 1#1: unknown process 9024 exited with code 0
2026/06/15 06:53:55 [notice] 1#1: signal 17 (SIGCHLD) received from 9031
2026/06/15 06:53:55 [notice] 1#1: unknown process 9031 exited with code 0
2026/06/15 06:54:25 [notice] 1#1: signal 17 (SIGCHLD) received from 9038
2026/06/15 06:54:25 [notice] 1#1: unknown process 9038 exited with code 0
2026/06/15 06:54:56 [notice] 1#1: signal 17 (SIGCHLD) received from 9044
2026/06/15 06:54:56 [notice] 1#1: unknown process 9044 exited with code 0
2026/06/15 06:55:26 [notice] 1#1: signal 17 (SIGCHLD) received from 9050
2026/06/15 06:55:26 [notice] 1#1: unknown process 9050 exited with code 0
2026/06/15 06:55:56 [notice] 1#1: signal 17 (SIGCHLD) received from 9057
2026/06/15 06:55:56 [notice] 1#1: unknown process 9057 exited with code 0
2026/06/15 06:56:26 [notice] 1#1: signal 17 (SIGCHLD) received from 9064
2026/06/15 06:56:26 [notice] 1#1: unknown process 9064 exited with code 0
2026/06/15 06:56:56 [notice] 1#1: signal 17 (SIGCHLD) received from 9071
2026/06/15 06:56:56 [notice] 1#1: unknown process 9071 exited with code 0
2026/06/15 06:57:27 [notice] 1#1: signal 17 (SIGCHLD) received from 9078
2026/06/15 06:57:27 [notice] 1#1: unknown process 9078 exited with code 0
2026/06/15 06:57:57 [notice] 1#1: signal 17 (SIGCHLD) received from 9085
2026/06/15 06:57:57 [notice] 1#1: unknown process 9085 exited with code 0
2026/06/15 06:58:27 [notice] 1#1: signal 17 (SIGCHLD) received from 9092
2026/06/15 06:58:27 [notice] 1#1: unknown process 9092 exited with code 0
2026/06/15 06:58:57 [notice] 1#1: signal 17 (SIGCHLD) received from 9099
2026/06/15 06:58:57 [notice] 1#1: unknown process 9099 exited with code 0
2026/06/15 06:59:27 [notice] 1#1: signal 17 (SIGCHLD) received from 9106
2026/06/15 06:59:27 [notice] 1#1: unknown process 9106 exited with code 0
2026/06/15 06:59:58 [notice] 1#1: signal 17 (SIGCHLD) received from 9113
2026/06/15 06:59:58 [notice] 1#1: unknown process 9113 exited with code 0
2026/06/15 07:00:28 [notice] 1#1: signal 17 (SIGCHLD) received from 9120
2026/06/15 07:00:28 [notice] 1#1: unknown process 9120 exited with code 0
2026/06/15 07:00:58 [notice] 1#1: signal 17 (SIGCHLD) received from 9127
2026/06/15 07:00:58 [notice] 1#1: unknown process 9127 exited with code 0
2026/06/15 07:01:28 [notice] 1#1: signal 17 (SIGCHLD) received from 9134
2026/06/15 07:01:28 [notice] 1#1: unknown process 9134 exited with code 0
2026/06/15 07:01:59 [notice] 1#1: signal 17 (SIGCHLD) received from 9141
2026/06/15 07:01:59 [notice] 1#1: unknown process 9141 exited with code 0
2026/06/15 07:02:29 [notice] 1#1: signal 17 (SIGCHLD) received from 9149
2026/06/15 07:02:29 [notice] 1#1: unknown process 9149 exited with code 0
2026/06/15 07:02:59 [notice] 1#1: signal 17 (SIGCHLD) received from 9156
2026/06/15 07:02:59 [notice] 1#1: unknown process 9156 exited with code 0
2026/06/15 07:03:29 [notice] 1#1: signal 17 (SIGCHLD) received from 9163
2026/06/15 07:03:29 [notice] 1#1: unknown process 9163 exited with code 0
2026/06/15 07:03:59 [notice] 1#1: signal 17 (SIGCHLD) received from 9170
2026/06/15 07:03:59 [notice] 1#1: unknown process 9170 exited with code 0
2026/06/15 07:04:30 [notice] 1#1: signal 17 (SIGCHLD) received from 9177
2026/06/15 07:04:30 [notice] 1#1: unknown process 9177 exited with code 0
2026/06/15 07:05:00 [notice] 1#1: signal 17 (SIGCHLD) received from 9184
2026/06/15 07:05:00 [notice] 1#1: unknown process 9184 exited with code 0
2026/06/15 07:05:30 [notice] 1#1: signal 17 (SIGCHLD) received from 9191
2026/06/15 07:05:30 [notice] 1#1: unknown process 9191 exited with code 0
2026/06/15 07:06:00 [notice] 1#1: signal 17 (SIGCHLD) received from 9198
2026/06/15 07:06:00 [notice] 1#1: unknown process 9198 exited with code 0
2026/06/15 07:06:30 [notice] 1#1: signal 17 (SIGCHLD) received from 9205
2026/06/15 07:06:30 [notice] 1#1: unknown process 9205 exited with code 0
2026/06/15 07:07:01 [notice] 1#1: signal 17 (SIGCHLD) received from 9212
2026/06/15 07:07:01 [notice] 1#1: unknown process 9212 exited with code 0
2026/06/15 07:07:31 [notice] 1#1: signal 17 (SIGCHLD) received from 9219
2026/06/15 07:07:31 [notice] 1#1: unknown process 9219 exited with code 0
2026/06/15 07:08:01 [notice] 1#1: signal 17 (SIGCHLD) received from 9226
2026/06/15 07:08:01 [notice] 1#1: unknown process 9226 exited with code 0
2026/06/15 07:08:31 [notice] 1#1: signal 17 (SIGCHLD) received from 9233
2026/06/15 07:08:31 [notice] 1#1: unknown process 9233 exited with code 0
2026/06/15 07:09:01 [notice] 1#1: signal 17 (SIGCHLD) received from 9240
2026/06/15 07:09:01 [notice] 1#1: unknown process 9240 exited with code 0
2026/06/15 07:09:32 [notice] 1#1: signal 17 (SIGCHLD) received from 9247
2026/06/15 07:09:32 [notice] 1#1: unknown process 9247 exited with code 0
2026/06/15 07:10:02 [notice] 1#1: signal 17 (SIGCHLD) received from 9254
2026/06/15 07:10:02 [notice] 1#1: unknown process 9254 exited with code 0
2026/06/15 07:10:32 [notice] 1#1: signal 17 (SIGCHLD) received from 9261
2026/06/15 07:10:32 [notice] 1#1: unknown process 9261 exited with code 0
2026/06/15 07:11:02 [notice] 1#1: signal 17 (SIGCHLD) received from 9268
2026/06/15 07:11:02 [notice] 1#1: unknown process 9268 exited with code 0
2026/06/15 07:11:32 [notice] 1#1: signal 17 (SIGCHLD) received from 9275
2026/06/15 07:11:32 [notice] 1#1: unknown process 9275 exited with code 0
2026/06/15 07:12:03 [notice] 1#1: signal 17 (SIGCHLD) received from 9282
2026/06/15 07:12:03 [notice] 1#1: unknown process 9282 exited with code 0
2026/06/15 07:12:33 [notice] 1#1: signal 17 (SIGCHLD) received from 9289
2026/06/15 07:12:33 [notice] 1#1: unknown process 9289 exited with code 0
2026/06/15 07:13:03 [notice] 1#1: signal 17 (SIGCHLD) received from 9296
2026/06/15 07:13:03 [notice] 1#1: unknown process 9296 exited with code 0
2026/06/15 07:13:33 [notice] 1#1: signal 17 (SIGCHLD) received from 9303
2026/06/15 07:13:33 [notice] 1#1: unknown process 9303 exited with code 0
2026/06/15 07:14:03 [notice] 1#1: signal 17 (SIGCHLD) received from 9310
2026/06/15 07:14:03 [notice] 1#1: unknown process 9310 exited with code 0
2026/06/15 07:14:34 [notice] 1#1: signal 17 (SIGCHLD) received from 9317
2026/06/15 07:14:34 [notice] 1#1: unknown process 9317 exited with code 0
2026/06/15 07:15:04 [notice] 1#1: signal 17 (SIGCHLD) received from 9324
2026/06/15 07:15:04 [notice] 1#1: unknown process 9324 exited with code 0
2026/06/15 07:15:34 [notice] 1#1: signal 17 (SIGCHLD) received from 9331
2026/06/15 07:15:34 [notice] 1#1: unknown process 9331 exited with code 0
2026/06/15 07:16:04 [notice] 1#1: signal 17 (SIGCHLD) received from 9338
2026/06/15 07:16:04 [notice] 1#1: unknown process 9338 exited with code 0
2026/06/15 07:16:34 [notice] 1#1: signal 17 (SIGCHLD) received from 9345
2026/06/15 07:16:34 [notice] 1#1: unknown process 9345 exited with code 0
2026/06/15 07:17:05 [notice] 1#1: signal 17 (SIGCHLD) received from 9351
2026/06/15 07:17:05 [notice] 1#1: unknown process 9351 exited with code 0
2026/06/15 07:17:35 [notice] 1#1: signal 17 (SIGCHLD) received from 9358
2026/06/15 07:17:35 [notice] 1#1: unknown process 9358 exited with code 0
2026/06/15 07:18:05 [notice] 1#1: signal 17 (SIGCHLD) received from 9365
2026/06/15 07:18:05 [notice] 1#1: unknown process 9365 exited with code 0
2026/06/15 07:18:35 [notice] 1#1: signal 17 (SIGCHLD) received from 9371
2026/06/15 07:18:35 [notice] 1#1: unknown process 9371 exited with code 0
2026/06/15 07:19:06 [notice] 1#1: signal 17 (SIGCHLD) received from 9378
2026/06/15 07:19:06 [notice] 1#1: unknown process 9378 exited with code 0
2026/06/15 07:19:36 [notice] 1#1: signal 17 (SIGCHLD) received from 9385
2026/06/15 07:19:36 [notice] 1#1: unknown process 9385 exited with code 0
2026/06/15 07:20:06 [notice] 1#1: signal 17 (SIGCHLD) received from 9392
2026/06/15 07:20:06 [notice] 1#1: unknown process 9392 exited with code 0
2026/06/15 07:20:36 [notice] 1#1: signal 17 (SIGCHLD) received from 9399
2026/06/15 07:20:36 [notice] 1#1: unknown process 9399 exited with code 0
2026/06/15 07:21:06 [notice] 1#1: signal 17 (SIGCHLD) received from 9406
2026/06/15 07:21:06 [notice] 1#1: unknown process 9406 exited with code 0
2026/06/15 07:21:36 [notice] 1#1: signal 17 (SIGCHLD) received from 9413
2026/06/15 07:21:36 [notice] 1#1: unknown process 9413 exited with code 0
2026/06/15 07:22:07 [notice] 1#1: signal 17 (SIGCHLD) received from 9420
2026/06/15 07:22:07 [notice] 1#1: unknown process 9420 exited with code 0
2026/06/15 07:22:37 [notice] 1#1: signal 17 (SIGCHLD) received from 9427
2026/06/15 07:22:37 [notice] 1#1: unknown process 9427 exited with code 0
2026/06/15 07:23:07 [notice] 1#1: signal 17 (SIGCHLD) received from 9434
2026/06/15 07:23:07 [notice] 1#1: unknown process 9434 exited with code 0
2026/06/15 07:23:37 [notice] 1#1: signal 17 (SIGCHLD) received from 9441
2026/06/15 07:23:37 [notice] 1#1: unknown process 9441 exited with code 0
2026/06/15 07:24:07 [notice] 1#1: signal 17 (SIGCHLD) received from 9448
2026/06/15 07:24:07 [notice] 1#1: unknown process 9448 exited with code 0
2026/06/15 07:24:38 [notice] 1#1: signal 17 (SIGCHLD) received from 9455
2026/06/15 07:24:38 [notice] 1#1: unknown process 9455 exited with code 0
2026/06/15 07:25:08 [notice] 1#1: signal 17 (SIGCHLD) received from 9462
2026/06/15 07:25:08 [notice] 1#1: unknown process 9462 exited with code 0
2026/06/15 07:25:38 [notice] 1#1: signal 17 (SIGCHLD) received from 9469
2026/06/15 07:25:38 [notice] 1#1: unknown process 9469 exited with code 0
2026/06/15 07:26:08 [notice] 1#1: signal 17 (SIGCHLD) received from 9476
2026/06/15 07:26:08 [notice] 1#1: unknown process 9476 exited with code 0
2026/06/15 07:26:38 [notice] 1#1: signal 17 (SIGCHLD) received from 9483
2026/06/15 07:26:38 [notice] 1#1: unknown process 9483 exited with code 0
2026/06/15 07:27:09 [notice] 1#1: signal 17 (SIGCHLD) received from 9490
2026/06/15 07:27:09 [notice] 1#1: unknown process 9490 exited with code 0
2026/06/15 07:27:39 [notice] 1#1: signal 17 (SIGCHLD) received from 9497
2026/06/15 07:27:39 [notice] 1#1: unknown process 9497 exited with code 0
2026/06/15 07:28:09 [notice] 1#1: signal 17 (SIGCHLD) received from 9504
2026/06/15 07:28:09 [notice] 1#1: unknown process 9504 exited with code 0
2026/06/15 07:28:39 [notice] 1#1: signal 17 (SIGCHLD) received from 9511
2026/06/15 07:28:39 [notice] 1#1: unknown process 9511 exited with code 0
2026/06/15 07:29:09 [notice] 1#1: signal 17 (SIGCHLD) received from 9518
2026/06/15 07:29:09 [notice] 1#1: unknown process 9518 exited with code 0
2026/06/15 07:29:40 [notice] 1#1: signal 17 (SIGCHLD) received from 9525
2026/06/15 07:29:40 [notice] 1#1: unknown process 9525 exited with code 0
2026/06/15 07:30:10 [notice] 1#1: signal 17 (SIGCHLD) received from 9532
2026/06/15 07:30:10 [notice] 1#1: unknown process 9532 exited with code 0
2026/06/15 07:30:40 [notice] 1#1: signal 17 (SIGCHLD) received from 9539
2026/06/15 07:30:40 [notice] 1#1: unknown process 9539 exited with code 0
2026/06/15 07:31:10 [notice] 1#1: signal 17 (SIGCHLD) received from 9546
2026/06/15 07:31:10 [notice] 1#1: unknown process 9546 exited with code 0
2026/06/15 07:31:40 [notice] 1#1: signal 17 (SIGCHLD) received from 9553
2026/06/15 07:31:40 [notice] 1#1: unknown process 9553 exited with code 0
2026/06/15 07:32:11 [notice] 1#1: signal 17 (SIGCHLD) received from 9560
2026/06/15 07:32:11 [notice] 1#1: unknown process 9560 exited with code 0
2026/06/15 07:32:41 [notice] 1#1: signal 17 (SIGCHLD) received from 9567
2026/06/15 07:32:41 [notice] 1#1: unknown process 9567 exited with code 0
2026/06/15 07:33:11 [notice] 1#1: signal 17 (SIGCHLD) received from 9574
2026/06/15 07:33:11 [notice] 1#1: unknown process 9574 exited with code 0
2026/06/15 07:33:41 [notice] 1#1: signal 17 (SIGCHLD) received from 9581
2026/06/15 07:33:41 [notice] 1#1: unknown process 9581 exited with code 0
2026/06/15 07:34:11 [notice] 1#1: signal 17 (SIGCHLD) received from 9588
2026/06/15 07:34:11 [notice] 1#1: unknown process 9588 exited with code 0
2026/06/15 07:34:42 [notice] 1#1: signal 17 (SIGCHLD) received from 9595
2026/06/15 07:34:42 [notice] 1#1: unknown process 9595 exited with code 0
2026/06/15 07:35:12 [notice] 1#1: signal 17 (SIGCHLD) received from 9602
2026/06/15 07:35:12 [notice] 1#1: unknown process 9602 exited with code 0
2026/06/15 07:35:42 [notice] 1#1: signal 17 (SIGCHLD) received from 9609
2026/06/15 07:35:42 [notice] 1#1: unknown process 9609 exited with code 0
2026/06/15 07:36:12 [notice] 1#1: signal 17 (SIGCHLD) received from 9616
2026/06/15 07:36:12 [notice] 1#1: unknown process 9616 exited with code 0
2026/06/15 07:36:42 [notice] 1#1: signal 17 (SIGCHLD) received from 9623
2026/06/15 07:36:42 [notice] 1#1: unknown process 9623 exited with code 0
2026/06/15 07:37:13 [notice] 1#1: signal 17 (SIGCHLD) received from 9630
2026/06/15 07:37:13 [notice] 1#1: unknown process 9630 exited with code 0
2026/06/15 07:37:43 [notice] 1#1: signal 17 (SIGCHLD) received from 9637
2026/06/15 07:37:43 [notice] 1#1: unknown process 9637 exited with code 0
2026/06/15 07:38:13 [notice] 1#1: signal 17 (SIGCHLD) received from 9644
2026/06/15 07:38:13 [notice] 1#1: unknown process 9644 exited with code 0
2026/06/15 07:38:43 [notice] 1#1: signal 17 (SIGCHLD) received from 9651
2026/06/15 07:38:43 [notice] 1#1: unknown process 9651 exited with code 0
2026/06/15 07:39:13 [notice] 1#1: signal 17 (SIGCHLD) received from 9657
2026/06/15 07:39:13 [notice] 1#1: unknown process 9657 exited with code 0
2026/06/15 07:39:44 [notice] 1#1: signal 17 (SIGCHLD) received from 9664
2026/06/15 07:39:44 [notice] 1#1: unknown process 9664 exited with code 0
2026/06/15 07:40:14 [notice] 1#1: signal 17 (SIGCHLD) received from 9671
2026/06/15 07:40:14 [notice] 1#1: unknown process 9671 exited with code 0
2026/06/15 07:40:44 [notice] 1#1: signal 17 (SIGCHLD) received from 9678
2026/06/15 07:40:44 [notice] 1#1: unknown process 9678 exited with code 0
2026/06/15 07:41:14 [notice] 1#1: signal 17 (SIGCHLD) received from 9685
2026/06/15 07:41:14 [notice] 1#1: unknown process 9685 exited with code 0
2026/06/15 07:41:44 [notice] 1#1: signal 17 (SIGCHLD) received from 9692
2026/06/15 07:41:44 [notice] 1#1: unknown process 9692 exited with code 0
2026/06/15 07:42:15 [notice] 1#1: signal 17 (SIGCHLD) received from 9699
2026/06/15 07:42:15 [notice] 1#1: unknown process 9699 exited with code 0
2026/06/15 07:42:45 [notice] 1#1: signal 17 (SIGCHLD) received from 9706
2026/06/15 07:42:45 [notice] 1#1: unknown process 9706 exited with code 0
2026/06/15 07:43:15 [notice] 1#1: signal 17 (SIGCHLD) received from 9713
2026/06/15 07:43:15 [notice] 1#1: unknown process 9713 exited with code 0
2026/06/15 07:43:45 [notice] 1#1: signal 17 (SIGCHLD) received from 9720
2026/06/15 07:43:45 [notice] 1#1: unknown process 9720 exited with code 0
2026/06/15 07:44:15 [notice] 1#1: signal 17 (SIGCHLD) received from 9727
2026/06/15 07:44:15 [notice] 1#1: unknown process 9727 exited with code 0
2026/06/15 07:44:46 [notice] 1#1: signal 17 (SIGCHLD) received from 9734
2026/06/15 07:44:46 [notice] 1#1: unknown process 9734 exited with code 0
2026/06/15 07:45:16 [notice] 1#1: signal 17 (SIGCHLD) received from 9741
2026/06/15 07:45:16 [notice] 1#1: unknown process 9741 exited with code 0
2026/06/15 07:45:46 [notice] 1#1: signal 17 (SIGCHLD) received from 9748
2026/06/15 07:45:46 [notice] 1#1: unknown process 9748 exited with code 0
2026/06/15 07:46:16 [notice] 1#1: signal 17 (SIGCHLD) received from 9755
2026/06/15 07:46:16 [notice] 1#1: unknown process 9755 exited with code 0
2026/06/15 07:46:46 [notice] 1#1: signal 17 (SIGCHLD) received from 9762
2026/06/15 07:46:46 [notice] 1#1: unknown process 9762 exited with code 0
2026/06/15 07:47:17 [notice] 1#1: signal 17 (SIGCHLD) received from 9769
2026/06/15 07:47:17 [notice] 1#1: unknown process 9769 exited with code 0
2026/06/15 07:47:47 [notice] 1#1: signal 17 (SIGCHLD) received from 9776
2026/06/15 07:47:47 [notice] 1#1: unknown process 9776 exited with code 0
2026/06/15 07:48:17 [notice] 1#1: signal 17 (SIGCHLD) received from 9783
2026/06/15 07:48:17 [notice] 1#1: unknown process 9783 exited with code 0
2026/06/15 07:48:47 [notice] 1#1: signal 17 (SIGCHLD) received from 9790
2026/06/15 07:48:47 [notice] 1#1: unknown process 9790 exited with code 0
2026/06/15 07:49:17 [notice] 1#1: signal 17 (SIGCHLD) received from 9797
2026/06/15 07:49:17 [notice] 1#1: unknown process 9797 exited with code 0
2026/06/15 07:49:48 [notice] 1#1: signal 17 (SIGCHLD) received from 9804
2026/06/15 07:49:48 [notice] 1#1: unknown process 9804 exited with code 0
2026/06/15 07:50:18 [notice] 1#1: signal 17 (SIGCHLD) received from 9811
2026/06/15 07:50:18 [notice] 1#1: unknown process 9811 exited with code 0
2026/06/15 07:50:48 [notice] 1#1: signal 17 (SIGCHLD) received from 9818
2026/06/15 07:50:48 [notice] 1#1: unknown process 9818 exited with code 0
2026/06/15 07:51:18 [notice] 1#1: signal 17 (SIGCHLD) received from 9825
2026/06/15 07:51:18 [notice] 1#1: unknown process 9825 exited with code 0
2026/06/15 07:51:48 [notice] 1#1: signal 17 (SIGCHLD) received from 9832
2026/06/15 07:51:48 [notice] 1#1: unknown process 9832 exited with code 0
2026/06/15 07:52:19 [notice] 1#1: signal 17 (SIGCHLD) received from 9839
2026/06/15 07:52:19 [notice] 1#1: unknown process 9839 exited with code 0
2026/06/15 07:52:49 [notice] 1#1: signal 17 (SIGCHLD) received from 9846
2026/06/15 07:52:49 [notice] 1#1: unknown process 9846 exited with code 0
2026/06/15 07:53:19 [notice] 1#1: signal 17 (SIGCHLD) received from 9853
2026/06/15 07:53:19 [notice] 1#1: unknown process 9853 exited with code 0
2026/06/15 07:53:49 [notice] 1#1: signal 17 (SIGCHLD) received from 9860
2026/06/15 07:53:49 [notice] 1#1: unknown process 9860 exited with code 0
2026/06/15 07:54:19 [notice] 1#1: signal 17 (SIGCHLD) received from 9867
2026/06/15 07:54:19 [notice] 1#1: unknown process 9867 exited with code 0
2026/06/15 07:54:50 [notice] 1#1: signal 17 (SIGCHLD) received from 9874
2026/06/15 07:54:50 [notice] 1#1: unknown process 9874 exited with code 0
2026/06/15 07:55:20 [notice] 1#1: signal 17 (SIGCHLD) received from 9880
2026/06/15 07:55:20 [notice] 1#1: unknown process 9880 exited with code 0
2026/06/15 07:55:50 [notice] 1#1: signal 17 (SIGCHLD) received from 9887
2026/06/15 07:55:50 [notice] 1#1: unknown process 9887 exited with code 0
2026/06/15 07:56:20 [notice] 1#1: signal 17 (SIGCHLD) received from 9894
2026/06/15 07:56:20 [notice] 1#1: unknown process 9894 exited with code 0
2026/06/15 07:56:50 [notice] 1#1: signal 17 (SIGCHLD) received from 9901
2026/06/15 07:56:50 [notice] 1#1: unknown process 9901 exited with code 0
2026/06/15 07:57:21 [notice] 1#1: signal 17 (SIGCHLD) received from 9908
2026/06/15 07:57:21 [notice] 1#1: unknown process 9908 exited with code 0
2026/06/15 07:57:51 [notice] 1#1: signal 17 (SIGCHLD) received from 9915
2026/06/15 07:57:51 [notice] 1#1: unknown process 9915 exited with code 0
2026/06/15 07:58:21 [notice] 1#1: signal 17 (SIGCHLD) received from 9922
2026/06/15 07:58:21 [notice] 1#1: unknown process 9922 exited with code 0
2026/06/15 07:58:51 [notice] 1#1: signal 17 (SIGCHLD) received from 9929
2026/06/15 07:58:51 [notice] 1#1: unknown process 9929 exited with code 0
2026/06/15 07:59:21 [notice] 1#1: signal 17 (SIGCHLD) received from 9936
2026/06/15 07:59:21 [notice] 1#1: unknown process 9936 exited with code 0
2026/06/15 07:59:52 [notice] 1#1: signal 17 (SIGCHLD) received from 9943
2026/06/15 07:59:52 [notice] 1#1: unknown process 9943 exited with code 0
2026/06/15 08:00:22 [notice] 1#1: signal 17 (SIGCHLD) received from 9950
2026/06/15 08:00:22 [notice] 1#1: unknown process 9950 exited with code 0
2026/06/15 08:00:52 [notice] 1#1: signal 17 (SIGCHLD) received from 9957
2026/06/15 08:00:52 [notice] 1#1: unknown process 9957 exited with code 0
2026/06/15 08:01:22 [notice] 1#1: signal 17 (SIGCHLD) received from 9964
2026/06/15 08:01:22 [notice] 1#1: unknown process 9964 exited with code 0
2026/06/15 08:01:52 [notice] 1#1: signal 17 (SIGCHLD) received from 9971
2026/06/15 08:01:52 [notice] 1#1: unknown process 9971 exited with code 0
2026/06/15 08:02:23 [notice] 1#1: signal 17 (SIGCHLD) received from 9978
2026/06/15 08:02:23 [notice] 1#1: unknown process 9978 exited with code 0
2026/06/15 08:02:53 [notice] 1#1: signal 17 (SIGCHLD) received from 9985
2026/06/15 08:02:53 [notice] 1#1: unknown process 9985 exited with code 0
2026/06/15 08:03:23 [notice] 1#1: signal 17 (SIGCHLD) received from 9992
2026/06/15 08:03:23 [notice] 1#1: unknown process 9992 exited with code 0
2026/06/15 08:03:53 [notice] 1#1: signal 17 (SIGCHLD) received from 9999
2026/06/15 08:03:53 [notice] 1#1: unknown process 9999 exited with code 0
2026/06/15 08:04:23 [notice] 1#1: signal 17 (SIGCHLD) received from 10006
2026/06/15 08:04:23 [notice] 1#1: unknown process 10006 exited with code 0
2026/06/15 08:04:54 [notice] 1#1: signal 17 (SIGCHLD) received from 10013
2026/06/15 08:04:54 [notice] 1#1: unknown process 10013 exited with code 0
2026/06/15 08:05:24 [notice] 1#1: signal 17 (SIGCHLD) received from 10020
2026/06/15 08:05:24 [notice] 1#1: unknown process 10020 exited with code 0
2026/06/15 08:05:54 [notice] 1#1: signal 17 (SIGCHLD) received from 10027
2026/06/15 08:05:54 [notice] 1#1: unknown process 10027 exited with code 0
2026/06/15 08:06:24 [notice] 1#1: signal 17 (SIGCHLD) received from 10034
2026/06/15 08:06:24 [notice] 1#1: unknown process 10034 exited with code 0
2026/06/15 08:06:55 [notice] 1#1: signal 17 (SIGCHLD) received from 10041
2026/06/15 08:06:55 [notice] 1#1: unknown process 10041 exited with code 0
2026/06/15 08:07:25 [notice] 1#1: signal 17 (SIGCHLD) received from 10048
2026/06/15 08:07:25 [notice] 1#1: unknown process 10048 exited with code 0
2026/06/15 08:07:55 [notice] 1#1: signal 17 (SIGCHLD) received from 10055
2026/06/15 08:07:55 [notice] 1#1: unknown process 10055 exited with code 0
2026/06/15 08:08:25 [notice] 1#1: signal 17 (SIGCHLD) received from 10062
2026/06/15 08:08:25 [notice] 1#1: unknown process 10062 exited with code 0
2026/06/15 08:08:55 [notice] 1#1: signal 17 (SIGCHLD) received from 10069
2026/06/15 08:08:55 [notice] 1#1: unknown process 10069 exited with code 0
2026/06/15 08:09:26 [notice] 1#1: signal 17 (SIGCHLD) received from 10076
2026/06/15 08:09:26 [notice] 1#1: unknown process 10076 exited with code 0
2026/06/15 08:09:56 [notice] 1#1: signal 17 (SIGCHLD) received from 10083
2026/06/15 08:09:56 [notice] 1#1: unknown process 10083 exited with code 0
2026/06/15 08:10:26 [notice] 1#1: signal 17 (SIGCHLD) received from 10090
2026/06/15 08:10:26 [notice] 1#1: unknown process 10090 exited with code 0
2026/06/15 08:10:56 [notice] 1#1: signal 17 (SIGCHLD) received from 10097
2026/06/15 08:10:56 [notice] 1#1: unknown process 10097 exited with code 0
2026/06/15 08:11:26 [notice] 1#1: signal 17 (SIGCHLD) received from 10104
2026/06/15 08:11:26 [notice] 1#1: unknown process 10104 exited with code 0
2026/06/15 08:11:57 [notice] 1#1: signal 17 (SIGCHLD) received from 10111
2026/06/15 08:11:57 [notice] 1#1: unknown process 10111 exited with code 0
2026/06/15 08:12:27 [notice] 1#1: signal 17 (SIGCHLD) received from 10118
2026/06/15 08:12:27 [notice] 1#1: unknown process 10118 exited with code 0
2026/06/15 08:12:57 [notice] 1#1: signal 17 (SIGCHLD) received from 10125
2026/06/15 08:12:57 [notice] 1#1: unknown process 10125 exited with code 0
2026/06/15 08:13:27 [notice] 1#1: signal 17 (SIGCHLD) received from 10132
2026/06/15 08:13:27 [notice] 1#1: unknown process 10132 exited with code 0
2026/06/15 08:13:57 [notice] 1#1: signal 17 (SIGCHLD) received from 10139
2026/06/15 08:13:57 [notice] 1#1: unknown process 10139 exited with code 0
2026/06/15 08:14:28 [notice] 1#1: signal 17 (SIGCHLD) received from 10146
2026/06/15 08:14:28 [notice] 1#1: unknown process 10146 exited with code 0
2026/06/15 08:14:58 [notice] 1#1: signal 17 (SIGCHLD) received from 10153
2026/06/15 08:14:58 [notice] 1#1: unknown process 10153 exited with code 0
2026/06/15 08:15:28 [notice] 1#1: signal 17 (SIGCHLD) received from 10160
2026/06/15 08:15:28 [notice] 1#1: unknown process 10160 exited with code 0
2026/06/15 08:15:58 [notice] 1#1: signal 17 (SIGCHLD) received from 10167
2026/06/15 08:15:58 [notice] 1#1: unknown process 10167 exited with code 0
2026/06/15 08:16:28 [notice] 1#1: signal 17 (SIGCHLD) received from 10174
2026/06/15 08:16:28 [notice] 1#1: unknown process 10174 exited with code 0
2026/06/15 08:16:59 [notice] 1#1: signal 17 (SIGCHLD) received from 10181
2026/06/15 08:16:59 [notice] 1#1: unknown process 10181 exited with code 0
2026/06/15 08:17:29 [notice] 1#1: signal 17 (SIGCHLD) received from 10188
2026/06/15 08:17:29 [notice] 1#1: unknown process 10188 exited with code 0
2026/06/15 08:18:00 [notice] 1#1: signal 17 (SIGCHLD) received from 10195
2026/06/15 08:18:00 [notice] 1#1: unknown process 10195 exited with code 0
2026/06/15 08:18:30 [notice] 1#1: signal 17 (SIGCHLD) received from 10202
2026/06/15 08:18:30 [notice] 1#1: unknown process 10202 exited with code 0
2026/06/15 08:19:00 [notice] 1#1: signal 17 (SIGCHLD) received from 10209
2026/06/15 08:19:00 [notice] 1#1: unknown process 10209 exited with code 0
2026/06/15 08:19:30 [notice] 1#1: signal 17 (SIGCHLD) received from 10216
2026/06/15 08:19:30 [notice] 1#1: unknown process 10216 exited with code 0
2026/06/15 08:20:00 [notice] 1#1: signal 17 (SIGCHLD) received from 10223
2026/06/15 08:20:00 [notice] 1#1: unknown process 10223 exited with code 0
2026/06/15 08:20:30 [notice] 1#1: signal 17 (SIGCHLD) received from 10230
2026/06/15 08:20:30 [notice] 1#1: unknown process 10230 exited with code 0
2026/06/15 08:21:01 [notice] 1#1: signal 17 (SIGCHLD) received from 10237
2026/06/15 08:21:01 [notice] 1#1: unknown process 10237 exited with code 0
2026/06/15 08:21:31 [notice] 1#1: signal 17 (SIGCHLD) received from 10244
2026/06/15 08:21:31 [notice] 1#1: unknown process 10244 exited with code 0
2026/06/15 08:22:01 [notice] 1#1: signal 17 (SIGCHLD) received from 10251
2026/06/15 08:22:01 [notice] 1#1: unknown process 10251 exited with code 0
2026/06/15 08:22:31 [notice] 1#1: signal 17 (SIGCHLD) received from 10258
2026/06/15 08:22:31 [notice] 1#1: unknown process 10258 exited with code 0
2026/06/15 08:23:01 [notice] 1#1: signal 17 (SIGCHLD) received from 10265
2026/06/15 08:23:01 [notice] 1#1: unknown process 10265 exited with code 0
2026/06/15 08:23:32 [notice] 1#1: signal 17 (SIGCHLD) received from 10272
2026/06/15 08:23:32 [notice] 1#1: unknown process 10272 exited with code 0
2026/06/15 08:24:02 [notice] 1#1: signal 17 (SIGCHLD) received from 10279
2026/06/15 08:24:02 [notice] 1#1: unknown process 10279 exited with code 0
2026/06/15 08:24:32 [notice] 1#1: signal 17 (SIGCHLD) received from 10286
2026/06/15 08:24:32 [notice] 1#1: unknown process 10286 exited with code 0
2026/06/15 08:25:02 [notice] 1#1: signal 17 (SIGCHLD) received from 10293
2026/06/15 08:25:02 [notice] 1#1: unknown process 10293 exited with code 0
2026/06/15 08:25:32 [notice] 1#1: signal 17 (SIGCHLD) received from 10300
2026/06/15 08:25:32 [notice] 1#1: unknown process 10300 exited with code 0
2026/06/15 08:26:03 [notice] 1#1: signal 17 (SIGCHLD) received from 10307
2026/06/15 08:26:03 [notice] 1#1: unknown process 10307 exited with code 0
2026/06/15 08:26:33 [notice] 1#1: signal 17 (SIGCHLD) received from 10314
2026/06/15 08:26:33 [notice] 1#1: unknown process 10314 exited with code 0
2026/06/15 08:27:03 [notice] 1#1: signal 17 (SIGCHLD) received from 10321
2026/06/15 08:27:03 [notice] 1#1: unknown process 10321 exited with code 0
2026/06/15 08:27:33 [notice] 1#1: signal 17 (SIGCHLD) received from 10328
2026/06/15 08:27:33 [notice] 1#1: unknown process 10328 exited with code 0
2026/06/15 08:28:04 [notice] 1#1: signal 17 (SIGCHLD) received from 10335
2026/06/15 08:28:04 [notice] 1#1: unknown process 10335 exited with code 0
2026/06/15 08:28:34 [notice] 1#1: signal 17 (SIGCHLD) received from 10342
2026/06/15 08:28:34 [notice] 1#1: unknown process 10342 exited with code 0
2026/06/15 08:29:04 [notice] 1#1: signal 17 (SIGCHLD) received from 10349
2026/06/15 08:29:04 [notice] 1#1: unknown process 10349 exited with code 0
2026/06/15 08:29:34 [notice] 1#1: signal 17 (SIGCHLD) received from 10356
2026/06/15 08:29:34 [notice] 1#1: unknown process 10356 exited with code 0
2026/06/15 08:30:04 [notice] 1#1: signal 17 (SIGCHLD) received from 10363
2026/06/15 08:30:04 [notice] 1#1: unknown process 10363 exited with code 0
2026/06/15 08:30:35 [notice] 1#1: signal 17 (SIGCHLD) received from 10370
2026/06/15 08:30:35 [notice] 1#1: unknown process 10370 exited with code 0
2026/06/15 08:31:05 [notice] 1#1: signal 17 (SIGCHLD) received from 10377
2026/06/15 08:31:05 [notice] 1#1: unknown process 10377 exited with code 0
2026/06/15 08:31:35 [notice] 1#1: signal 17 (SIGCHLD) received from 10384
2026/06/15 08:31:35 [notice] 1#1: unknown process 10384 exited with code 0
2026/06/15 08:32:05 [notice] 1#1: signal 17 (SIGCHLD) received from 10391
2026/06/15 08:32:05 [notice] 1#1: unknown process 10391 exited with code 0
2026/06/15 08:32:35 [notice] 1#1: signal 17 (SIGCHLD) received from 10398
2026/06/15 08:32:35 [notice] 1#1: unknown process 10398 exited with code 0
2026/06/15 08:33:06 [notice] 1#1: signal 17 (SIGCHLD) received from 10405
2026/06/15 08:33:06 [notice] 1#1: unknown process 10405 exited with code 0
2026/06/15 08:33:36 [notice] 1#1: signal 17 (SIGCHLD) received from 10412
2026/06/15 08:33:36 [notice] 1#1: unknown process 10412 exited with code 0
2026/06/15 08:34:06 [notice] 1#1: signal 17 (SIGCHLD) received from 10419
2026/06/15 08:34:06 [notice] 1#1: unknown process 10419 exited with code 0
2026/06/15 08:34:36 [notice] 1#1: signal 17 (SIGCHLD) received from 10426
2026/06/15 08:34:36 [notice] 1#1: unknown process 10426 exited with code 0
2026/06/15 08:35:07 [notice] 1#1: signal 17 (SIGCHLD) received from 10433
2026/06/15 08:35:07 [notice] 1#1: unknown process 10433 exited with code 0
2026/06/15 08:35:37 [notice] 1#1: signal 17 (SIGCHLD) received from 10440
2026/06/15 08:35:37 [notice] 1#1: unknown process 10440 exited with code 0
2026/06/15 08:36:07 [notice] 1#1: signal 17 (SIGCHLD) received from 10447
2026/06/15 08:36:07 [notice] 1#1: unknown process 10447 exited with code 0
2026/06/15 08:36:37 [notice] 1#1: signal 17 (SIGCHLD) received from 10454
2026/06/15 08:36:37 [notice] 1#1: unknown process 10454 exited with code 0
2026/06/15 08:37:07 [notice] 1#1: signal 17 (SIGCHLD) received from 10461
2026/06/15 08:37:07 [notice] 1#1: unknown process 10461 exited with code 0
2026/06/15 08:37:38 [notice] 1#1: signal 17 (SIGCHLD) received from 10468
2026/06/15 08:37:38 [notice] 1#1: unknown process 10468 exited with code 0
2026/06/15 08:38:08 [notice] 1#1: signal 17 (SIGCHLD) received from 10475
2026/06/15 08:38:08 [notice] 1#1: unknown process 10475 exited with code 0
2026/06/15 08:38:38 [notice] 1#1: signal 17 (SIGCHLD) received from 10482
2026/06/15 08:38:38 [notice] 1#1: unknown process 10482 exited with code 0
2026/06/15 08:39:08 [notice] 1#1: signal 17 (SIGCHLD) received from 10489
2026/06/15 08:39:08 [notice] 1#1: unknown process 10489 exited with code 0
2026/06/15 08:39:38 [notice] 1#1: signal 17 (SIGCHLD) received from 10496
2026/06/15 08:39:38 [notice] 1#1: unknown process 10496 exited with code 0
2026/06/15 08:40:09 [notice] 1#1: signal 17 (SIGCHLD) received from 10502
2026/06/15 08:40:09 [notice] 1#1: unknown process 10502 exited with code 0
2026/06/15 08:40:39 [notice] 1#1: signal 17 (SIGCHLD) received from 10509
2026/06/15 08:40:39 [notice] 1#1: unknown process 10509 exited with code 0
2026/06/15 08:41:09 [notice] 1#1: signal 17 (SIGCHLD) received from 10516
2026/06/15 08:41:09 [notice] 1#1: unknown process 10516 exited with code 0
2026/06/15 08:41:39 [notice] 1#1: signal 17 (SIGCHLD) received from 10523
2026/06/15 08:41:39 [notice] 1#1: unknown process 10523 exited with code 0
2026/06/15 08:42:09 [notice] 1#1: signal 17 (SIGCHLD) received from 10531
2026/06/15 08:42:09 [notice] 1#1: unknown process 10531 exited with code 0
2026/06/15 08:42:40 [notice] 1#1: signal 17 (SIGCHLD) received from 10538
2026/06/15 08:42:40 [notice] 1#1: unknown process 10538 exited with code 0
2026/06/15 08:43:10 [notice] 1#1: signal 17 (SIGCHLD) received from 10545
2026/06/15 08:43:10 [notice] 1#1: unknown process 10545 exited with code 0
2026/06/15 08:43:40 [notice] 1#1: signal 17 (SIGCHLD) received from 10552
2026/06/15 08:43:40 [notice] 1#1: unknown process 10552 exited with code 0
2026/06/15 08:44:10 [notice] 1#1: signal 17 (SIGCHLD) received from 10559
2026/06/15 08:44:10 [notice] 1#1: unknown process 10559 exited with code 0
2026/06/15 08:44:40 [notice] 1#1: signal 17 (SIGCHLD) received from 10566
2026/06/15 08:44:40 [notice] 1#1: unknown process 10566 exited with code 0
2026/06/15 08:45:11 [notice] 1#1: signal 17 (SIGCHLD) received from 10573
2026/06/15 08:45:11 [notice] 1#1: unknown process 10573 exited with code 0
2026/06/15 08:45:41 [notice] 1#1: signal 17 (SIGCHLD) received from 10580
2026/06/15 08:45:41 [notice] 1#1: unknown process 10580 exited with code 0
2026/06/15 08:46:11 [notice] 1#1: signal 17 (SIGCHLD) received from 10587
2026/06/15 08:46:11 [notice] 1#1: unknown process 10587 exited with code 0
2026/06/15 08:46:41 [notice] 1#1: signal 17 (SIGCHLD) received from 10594
2026/06/15 08:46:41 [notice] 1#1: unknown process 10594 exited with code 0
2026/06/15 08:47:12 [notice] 1#1: signal 17 (SIGCHLD) received from 10601
2026/06/15 08:47:12 [notice] 1#1: unknown process 10601 exited with code 0
2026/06/15 08:47:42 [notice] 1#1: signal 17 (SIGCHLD) received from 10608
2026/06/15 08:47:42 [notice] 1#1: unknown process 10608 exited with code 0
2026/06/15 08:48:12 [notice] 1#1: signal 17 (SIGCHLD) received from 10615
2026/06/15 08:48:12 [notice] 1#1: unknown process 10615 exited with code 0
2026/06/15 08:48:42 [notice] 1#1: signal 17 (SIGCHLD) received from 10622
2026/06/15 08:48:42 [notice] 1#1: unknown process 10622 exited with code 0
2026/06/15 08:49:12 [notice] 1#1: signal 17 (SIGCHLD) received from 10629
2026/06/15 08:49:12 [notice] 1#1: unknown process 10629 exited with code 0
2026/06/15 08:49:43 [notice] 1#1: signal 17 (SIGCHLD) received from 10636
2026/06/15 08:49:43 [notice] 1#1: unknown process 10636 exited with code 0
2026/06/15 08:50:13 [notice] 1#1: signal 17 (SIGCHLD) received from 10643
2026/06/15 08:50:13 [notice] 1#1: unknown process 10643 exited with code 0
2026/06/15 08:50:43 [notice] 1#1: signal 17 (SIGCHLD) received from 10650
2026/06/15 08:50:43 [notice] 1#1: unknown process 10650 exited with code 0
2026/06/15 08:51:13 [notice] 1#1: signal 17 (SIGCHLD) received from 10657
2026/06/15 08:51:13 [notice] 1#1: unknown process 10657 exited with code 0
2026/06/15 08:51:43 [notice] 1#1: signal 17 (SIGCHLD) received from 10664
2026/06/15 08:51:43 [notice] 1#1: unknown process 10664 exited with code 0
2026/06/15 08:52:14 [notice] 1#1: signal 17 (SIGCHLD) received from 10671
2026/06/15 08:52:14 [notice] 1#1: unknown process 10671 exited with code 0
2026/06/15 08:52:44 [notice] 1#1: signal 17 (SIGCHLD) received from 10678
2026/06/15 08:52:44 [notice] 1#1: unknown process 10678 exited with code 0
2026/06/15 08:53:14 [notice] 1#1: signal 17 (SIGCHLD) received from 10685
2026/06/15 08:53:14 [notice] 1#1: unknown process 10685 exited with code 0
2026/06/15 08:53:44 [notice] 1#1: signal 17 (SIGCHLD) received from 10692
2026/06/15 08:53:44 [notice] 1#1: unknown process 10692 exited with code 0
2026/06/15 08:54:15 [notice] 1#1: signal 17 (SIGCHLD) received from 10699
2026/06/15 08:54:15 [notice] 1#1: unknown process 10699 exited with code 0
2026/06/15 08:54:45 [notice] 1#1: signal 17 (SIGCHLD) received from 10706
2026/06/15 08:54:45 [notice] 1#1: unknown process 10706 exited with code 0
2026/06/15 08:55:15 [notice] 1#1: signal 17 (SIGCHLD) received from 10713
2026/06/15 08:55:15 [notice] 1#1: unknown process 10713 exited with code 0
2026/06/15 08:55:45 [notice] 1#1: signal 17 (SIGCHLD) received from 10720
2026/06/15 08:55:45 [notice] 1#1: unknown process 10720 exited with code 0
2026/06/15 08:56:15 [notice] 1#1: signal 17 (SIGCHLD) received from 10727
2026/06/15 08:56:15 [notice] 1#1: unknown process 10727 exited with code 0
2026/06/15 08:56:46 [notice] 1#1: signal 17 (SIGCHLD) received from 10734
2026/06/15 08:56:46 [notice] 1#1: unknown process 10734 exited with code 0
2026/06/15 08:57:16 [notice] 1#1: signal 17 (SIGCHLD) received from 10741
2026/06/15 08:57:16 [notice] 1#1: unknown process 10741 exited with code 0
2026/06/15 08:57:46 [notice] 1#1: signal 17 (SIGCHLD) received from 10748
2026/06/15 08:57:46 [notice] 1#1: unknown process 10748 exited with code 0
2026/06/15 08:58:16 [notice] 1#1: signal 17 (SIGCHLD) received from 10755
2026/06/15 08:58:16 [notice] 1#1: unknown process 10755 exited with code 0
2026/06/15 08:58:46 [notice] 1#1: signal 17 (SIGCHLD) received from 10762
2026/06/15 08:58:46 [notice] 1#1: unknown process 10762 exited with code 0
2026/06/15 08:59:17 [notice] 1#1: signal 17 (SIGCHLD) received from 10769
2026/06/15 08:59:17 [notice] 1#1: unknown process 10769 exited with code 0
2026/06/15 08:59:47 [notice] 1#1: signal 17 (SIGCHLD) received from 10776
2026/06/15 08:59:47 [notice] 1#1: unknown process 10776 exited with code 0
2026/06/15 09:00:17 [notice] 1#1: signal 17 (SIGCHLD) received from 10782
2026/06/15 09:00:17 [notice] 1#1: unknown process 10782 exited with code 0
2026/06/15 09:00:47 [notice] 1#1: signal 17 (SIGCHLD) received from 10789
2026/06/15 09:00:47 [notice] 1#1: unknown process 10789 exited with code 0
2026/06/15 09:01:17 [notice] 1#1: signal 17 (SIGCHLD) received from 10796
2026/06/15 09:01:17 [notice] 1#1: unknown process 10796 exited with code 0
2026/06/15 09:01:48 [notice] 1#1: signal 17 (SIGCHLD) received from 10803
2026/06/15 09:01:48 [notice] 1#1: unknown process 10803 exited with code 0
2026/06/15 09:02:18 [notice] 1#1: signal 17 (SIGCHLD) received from 10810
2026/06/15 09:02:18 [notice] 1#1: unknown process 10810 exited with code 0
2026/06/15 09:02:48 [notice] 1#1: signal 17 (SIGCHLD) received from 10817
2026/06/15 09:02:48 [notice] 1#1: unknown process 10817 exited with code 0
2026/06/15 09:03:18 [notice] 1#1: signal 17 (SIGCHLD) received from 10824
2026/06/15 09:03:18 [notice] 1#1: unknown process 10824 exited with code 0
2026/06/15 09:03:48 [notice] 1#1: signal 17 (SIGCHLD) received from 10831
2026/06/15 09:03:48 [notice] 1#1: unknown process 10831 exited with code 0
2026/06/15 09:04:19 [notice] 1#1: signal 17 (SIGCHLD) received from 10838
2026/06/15 09:04:19 [notice] 1#1: unknown process 10838 exited with code 0
2026/06/15 09:04:49 [notice] 1#1: signal 17 (SIGCHLD) received from 10845
2026/06/15 09:04:49 [notice] 1#1: unknown process 10845 exited with code 0
2026/06/15 09:05:19 [notice] 1#1: signal 17 (SIGCHLD) received from 10852
2026/06/15 09:05:19 [notice] 1#1: unknown process 10852 exited with code 0
2026/06/15 09:05:49 [notice] 1#1: signal 17 (SIGCHLD) received from 10859
2026/06/15 09:05:49 [notice] 1#1: unknown process 10859 exited with code 0
2026/06/15 09:06:19 [notice] 1#1: signal 17 (SIGCHLD) received from 10865
2026/06/15 09:06:19 [notice] 1#1: unknown process 10865 exited with code 0
2026/06/15 09:06:50 [notice] 1#1: signal 17 (SIGCHLD) received from 10872
2026/06/15 09:06:50 [notice] 1#1: unknown process 10872 exited with code 0
2026/06/15 09:07:20 [notice] 1#1: signal 17 (SIGCHLD) received from 10879
2026/06/15 09:07:20 [notice] 1#1: unknown process 10879 exited with code 0
2026/06/15 09:07:50 [notice] 1#1: signal 17 (SIGCHLD) received from 10886
2026/06/15 09:07:50 [notice] 1#1: unknown process 10886 exited with code 0
2026/06/15 09:08:20 [notice] 1#1: signal 17 (SIGCHLD) received from 10893
2026/06/15 09:08:20 [notice] 1#1: unknown process 10893 exited with code 0
2026/06/15 09:08:50 [notice] 1#1: signal 17 (SIGCHLD) received from 10900
2026/06/15 09:08:50 [notice] 1#1: unknown process 10900 exited with code 0
2026/06/15 09:09:21 [notice] 1#1: signal 17 (SIGCHLD) received from 10907
2026/06/15 09:09:21 [notice] 1#1: unknown process 10907 exited with code 0
2026/06/15 09:09:51 [notice] 1#1: signal 17 (SIGCHLD) received from 10914
2026/06/15 09:09:51 [notice] 1#1: unknown process 10914 exited with code 0
2026/06/15 09:10:21 [notice] 1#1: signal 17 (SIGCHLD) received from 10921
2026/06/15 09:10:21 [notice] 1#1: unknown process 10921 exited with code 0
2026/06/15 09:10:51 [notice] 1#1: signal 17 (SIGCHLD) received from 10928
2026/06/15 09:10:51 [notice] 1#1: unknown process 10928 exited with code 0
2026/06/15 09:11:21 [notice] 1#1: signal 17 (SIGCHLD) received from 10935
2026/06/15 09:11:21 [notice] 1#1: unknown process 10935 exited with code 0
2026/06/15 09:11:52 [notice] 1#1: signal 17 (SIGCHLD) received from 10942
2026/06/15 09:11:52 [notice] 1#1: unknown process 10942 exited with code 0
2026/06/15 09:12:22 [notice] 1#1: signal 17 (SIGCHLD) received from 10949
2026/06/15 09:12:22 [notice] 1#1: unknown process 10949 exited with code 0
2026/06/15 09:12:52 [notice] 1#1: signal 17 (SIGCHLD) received from 10956
2026/06/15 09:12:52 [notice] 1#1: unknown process 10956 exited with code 0
2026/06/15 09:13:22 [notice] 1#1: signal 17 (SIGCHLD) received from 10963
2026/06/15 09:13:22 [notice] 1#1: unknown process 10963 exited with code 0
2026/06/15 09:13:52 [notice] 1#1: signal 17 (SIGCHLD) received from 10970
2026/06/15 09:13:52 [notice] 1#1: unknown process 10970 exited with code 0
2026/06/15 09:14:23 [notice] 1#1: signal 17 (SIGCHLD) received from 10977
2026/06/15 09:14:23 [notice] 1#1: unknown process 10977 exited with code 0
2026/06/15 09:14:53 [notice] 1#1: signal 17 (SIGCHLD) received from 10984
2026/06/15 09:14:53 [notice] 1#1: unknown process 10984 exited with code 0
2026/06/15 09:15:23 [notice] 1#1: signal 17 (SIGCHLD) received from 10991
2026/06/15 09:15:23 [notice] 1#1: unknown process 10991 exited with code 0
2026/06/15 09:15:53 [notice] 1#1: signal 17 (SIGCHLD) received from 10998
2026/06/15 09:15:53 [notice] 1#1: unknown process 10998 exited with code 0
2026/06/15 09:16:23 [notice] 1#1: signal 17 (SIGCHLD) received from 11005
2026/06/15 09:16:23 [notice] 1#1: unknown process 11005 exited with code 0
2026/06/15 09:16:54 [notice] 1#1: signal 17 (SIGCHLD) received from 11012
2026/06/15 09:16:54 [notice] 1#1: unknown process 11012 exited with code 0
2026/06/15 09:17:24 [notice] 1#1: signal 17 (SIGCHLD) received from 11019
2026/06/15 09:17:24 [notice] 1#1: unknown process 11019 exited with code 0
2026/06/15 09:17:54 [notice] 1#1: signal 17 (SIGCHLD) received from 11026
2026/06/15 09:17:54 [notice] 1#1: unknown process 11026 exited with code 0
2026/06/15 09:18:24 [notice] 1#1: signal 17 (SIGCHLD) received from 11033
2026/06/15 09:18:24 [notice] 1#1: unknown process 11033 exited with code 0
2026/06/15 09:18:55 [notice] 1#1: signal 17 (SIGCHLD) received from 11039
2026/06/15 09:18:55 [notice] 1#1: unknown process 11039 exited with code 0
2026/06/15 09:19:25 [notice] 1#1: signal 17 (SIGCHLD) received from 11046
2026/06/15 09:19:25 [notice] 1#1: unknown process 11046 exited with code 0
2026/06/15 09:19:55 [notice] 1#1: signal 17 (SIGCHLD) received from 11053
2026/06/15 09:19:55 [notice] 1#1: unknown process 11053 exited with code 0
2026/06/15 09:20:25 [notice] 1#1: signal 17 (SIGCHLD) received from 11060
2026/06/15 09:20:25 [notice] 1#1: unknown process 11060 exited with code 0
2026/06/15 09:20:55 [notice] 1#1: signal 17 (SIGCHLD) received from 11067
2026/06/15 09:20:55 [notice] 1#1: unknown process 11067 exited with code 0
2026/06/15 09:21:26 [notice] 1#1: signal 17 (SIGCHLD) received from 11074
2026/06/15 09:21:26 [notice] 1#1: unknown process 11074 exited with code 0
2026/06/15 09:21:56 [notice] 1#1: signal 17 (SIGCHLD) received from 11081
2026/06/15 09:21:56 [notice] 1#1: unknown process 11081 exited with code 0
2026/06/15 09:22:26 [notice] 1#1: signal 17 (SIGCHLD) received from 11088
2026/06/15 09:22:26 [notice] 1#1: unknown process 11088 exited with code 0
2026/06/15 09:22:56 [notice] 1#1: signal 17 (SIGCHLD) received from 11095
2026/06/15 09:22:56 [notice] 1#1: unknown process 11095 exited with code 0
2026/06/15 09:23:26 [notice] 1#1: signal 17 (SIGCHLD) received from 11102
2026/06/15 09:23:26 [notice] 1#1: unknown process 11102 exited with code 0
2026/06/15 09:23:57 [notice] 1#1: signal 17 (SIGCHLD) received from 11109
2026/06/15 09:23:57 [notice] 1#1: unknown process 11109 exited with code 0
2026/06/15 09:24:27 [notice] 1#1: signal 17 (SIGCHLD) received from 11116
2026/06/15 09:24:27 [notice] 1#1: unknown process 11116 exited with code 0
2026/06/15 09:24:57 [notice] 1#1: signal 17 (SIGCHLD) received from 11123
2026/06/15 09:24:57 [notice] 1#1: unknown process 11123 exited with code 0
2026/06/15 09:25:27 [notice] 1#1: signal 17 (SIGCHLD) received from 11130
2026/06/15 09:25:27 [notice] 1#1: unknown process 11130 exited with code 0
2026/06/15 09:25:57 [notice] 1#1: signal 17 (SIGCHLD) received from 11137
2026/06/15 09:25:57 [notice] 1#1: unknown process 11137 exited with code 0
2026/06/15 09:26:28 [notice] 1#1: signal 17 (SIGCHLD) received from 11144
2026/06/15 09:26:28 [notice] 1#1: unknown process 11144 exited with code 0
2026/06/15 09:26:58 [notice] 1#1: signal 17 (SIGCHLD) received from 11151
2026/06/15 09:26:58 [notice] 1#1: unknown process 11151 exited with code 0
2026/06/15 09:27:28 [notice] 1#1: signal 17 (SIGCHLD) received from 11158
2026/06/15 09:27:28 [notice] 1#1: unknown process 11158 exited with code 0
2026/06/15 09:27:58 [notice] 1#1: signal 17 (SIGCHLD) received from 11165
2026/06/15 09:27:58 [notice] 1#1: unknown process 11165 exited with code 0
2026/06/15 09:28:28 [notice] 1#1: signal 17 (SIGCHLD) received from 11172
2026/06/15 09:28:28 [notice] 1#1: unknown process 11172 exited with code 0
2026/06/15 09:28:59 [notice] 1#1: signal 17 (SIGCHLD) received from 11179
2026/06/15 09:28:59 [notice] 1#1: unknown process 11179 exited with code 0
2026/06/15 09:29:29 [notice] 1#1: signal 17 (SIGCHLD) received from 11186
2026/06/15 09:29:29 [notice] 1#1: unknown process 11186 exited with code 0
2026/06/15 09:29:59 [notice] 1#1: signal 17 (SIGCHLD) received from 11193
2026/06/15 09:29:59 [notice] 1#1: unknown process 11193 exited with code 0
2026/06/15 09:30:29 [notice] 1#1: signal 17 (SIGCHLD) received from 11200
2026/06/15 09:30:29 [notice] 1#1: unknown process 11200 exited with code 0
2026/06/15 09:31:00 [notice] 1#1: signal 17 (SIGCHLD) received from 11207
2026/06/15 09:31:00 [notice] 1#1: unknown process 11207 exited with code 0
2026/06/15 09:31:30 [notice] 1#1: signal 17 (SIGCHLD) received from 11214
2026/06/15 09:31:30 [notice] 1#1: unknown process 11214 exited with code 0
2026/06/15 09:32:00 [notice] 1#1: signal 17 (SIGCHLD) received from 11221
2026/06/15 09:32:00 [notice] 1#1: unknown process 11221 exited with code 0
2026/06/15 09:32:30 [notice] 1#1: signal 17 (SIGCHLD) received from 11228
2026/06/15 09:32:30 [notice] 1#1: unknown process 11228 exited with code 0
2026/06/15 09:33:00 [notice] 1#1: signal 17 (SIGCHLD) received from 11235
2026/06/15 09:33:00 [notice] 1#1: unknown process 11235 exited with code 0
2026/06/15 09:33:31 [notice] 1#1: signal 17 (SIGCHLD) received from 11242
2026/06/15 09:33:31 [notice] 1#1: unknown process 11242 exited with code 0
2026/06/15 09:34:01 [notice] 1#1: signal 17 (SIGCHLD) received from 11249
2026/06/15 09:34:01 [notice] 1#1: unknown process 11249 exited with code 0
2026/06/15 09:34:32 [notice] 1#1: signal 17 (SIGCHLD) received from 11256
2026/06/15 09:34:32 [notice] 1#1: unknown process 11256 exited with code 0
2026/06/15 09:35:02 [notice] 1#1: signal 17 (SIGCHLD) received from 11263
2026/06/15 09:35:02 [notice] 1#1: unknown process 11263 exited with code 0
2026/06/15 09:35:32 [notice] 1#1: signal 17 (SIGCHLD) received from 11270
2026/06/15 09:35:32 [notice] 1#1: unknown process 11270 exited with code 0
2026/06/15 09:36:02 [notice] 1#1: signal 17 (SIGCHLD) received from 11277
2026/06/15 09:36:02 [notice] 1#1: unknown process 11277 exited with code 0
2026/06/15 09:36:32 [notice] 1#1: signal 17 (SIGCHLD) received from 11284
2026/06/15 09:36:32 [notice] 1#1: unknown process 11284 exited with code 0
2026/06/15 09:37:03 [notice] 1#1: signal 17 (SIGCHLD) received from 11291
2026/06/15 09:37:03 [notice] 1#1: unknown process 11291 exited with code 0
2026/06/15 09:37:33 [notice] 1#1: signal 17 (SIGCHLD) received from 11298
2026/06/15 09:37:33 [notice] 1#1: unknown process 11298 exited with code 0
2026/06/15 09:38:03 [notice] 1#1: signal 17 (SIGCHLD) received from 11305
2026/06/15 09:38:03 [notice] 1#1: unknown process 11305 exited with code 0
2026/06/15 09:38:33 [notice] 1#1: signal 17 (SIGCHLD) received from 11312
2026/06/15 09:38:33 [notice] 1#1: unknown process 11312 exited with code 0
2026/06/15 09:39:04 [notice] 1#1: signal 17 (SIGCHLD) received from 11319
2026/06/15 09:39:04 [notice] 1#1: unknown process 11319 exited with code 0
2026/06/15 09:39:34 [notice] 1#1: signal 17 (SIGCHLD) received from 11326
2026/06/15 09:39:34 [notice] 1#1: unknown process 11326 exited with code 0
2026/06/15 09:40:04 [notice] 1#1: signal 17 (SIGCHLD) received from 11333
2026/06/15 09:40:04 [notice] 1#1: unknown process 11333 exited with code 0
2026/06/15 09:40:34 [notice] 1#1: signal 17 (SIGCHLD) received from 11340
2026/06/15 09:40:34 [notice] 1#1: unknown process 11340 exited with code 0
2026/06/15 09:41:04 [notice] 1#1: signal 17 (SIGCHLD) received from 11347
2026/06/15 09:41:04 [notice] 1#1: unknown process 11347 exited with code 0
2026/06/15 09:41:35 [notice] 1#1: signal 17 (SIGCHLD) received from 11354
2026/06/15 09:41:35 [notice] 1#1: unknown process 11354 exited with code 0
2026/06/15 09:42:05 [notice] 1#1: signal 17 (SIGCHLD) received from 11361
2026/06/15 09:42:05 [notice] 1#1: unknown process 11361 exited with code 0
2026/06/15 09:42:35 [notice] 1#1: signal 17 (SIGCHLD) received from 11368
2026/06/15 09:42:35 [notice] 1#1: unknown process 11368 exited with code 0
2026/06/15 09:43:05 [notice] 1#1: signal 17 (SIGCHLD) received from 11375
2026/06/15 09:43:05 [notice] 1#1: unknown process 11375 exited with code 0
2026/06/15 09:43:36 [notice] 1#1: signal 17 (SIGCHLD) received from 11383
2026/06/15 09:43:36 [notice] 1#1: unknown process 11383 exited with code 0
2026/06/15 09:44:06 [notice] 1#1: signal 17 (SIGCHLD) received from 11390
2026/06/15 09:44:06 [notice] 1#1: unknown process 11390 exited with code 0
2026/06/15 09:44:36 [notice] 1#1: signal 17 (SIGCHLD) received from 11397
2026/06/15 09:44:36 [notice] 1#1: unknown process 11397 exited with code 0
2026/06/15 09:45:06 [notice] 1#1: signal 17 (SIGCHLD) received from 11404
2026/06/15 09:45:06 [notice] 1#1: unknown process 11404 exited with code 0
2026/06/15 09:45:36 [notice] 1#1: signal 17 (SIGCHLD) received from 11411
2026/06/15 09:45:36 [notice] 1#1: unknown process 11411 exited with code 0
2026/06/15 09:46:07 [notice] 1#1: signal 17 (SIGCHLD) received from 11418
2026/06/15 09:46:07 [notice] 1#1: unknown process 11418 exited with code 0
2026/06/15 09:46:37 [notice] 1#1: signal 17 (SIGCHLD) received from 11425
2026/06/15 09:46:37 [notice] 1#1: unknown process 11425 exited with code 0
2026/06/15 09:47:07 [notice] 1#1: signal 17 (SIGCHLD) received from 11432
2026/06/15 09:47:07 [notice] 1#1: unknown process 11432 exited with code 0
2026/06/15 09:47:38 [notice] 1#1: signal 17 (SIGCHLD) received from 11439
2026/06/15 09:47:38 [notice] 1#1: unknown process 11439 exited with code 0
2026/06/15 09:48:08 [notice] 1#1: signal 17 (SIGCHLD) received from 11446
2026/06/15 09:48:08 [notice] 1#1: unknown process 11446 exited with code 0
2026/06/15 09:48:38 [notice] 1#1: signal 17 (SIGCHLD) received from 11453
2026/06/15 09:48:38 [notice] 1#1: unknown process 11453 exited with code 0
2026/06/15 09:49:08 [notice] 1#1: signal 17 (SIGCHLD) received from 11460
2026/06/15 09:49:08 [notice] 1#1: unknown process 11460 exited with code 0
2026/06/15 09:49:38 [notice] 1#1: signal 17 (SIGCHLD) received from 11467
2026/06/15 09:49:38 [notice] 1#1: unknown process 11467 exited with code 0
2026/06/15 09:50:09 [notice] 1#1: signal 17 (SIGCHLD) received from 11474
2026/06/15 09:50:09 [notice] 1#1: unknown process 11474 exited with code 0
2026/06/15 09:50:39 [notice] 1#1: signal 17 (SIGCHLD) received from 11481
2026/06/15 09:50:39 [notice] 1#1: unknown process 11481 exited with code 0
2026/06/15 09:51:09 [notice] 1#1: signal 17 (SIGCHLD) received from 11488
2026/06/15 09:51:09 [notice] 1#1: unknown process 11488 exited with code 0
2026/06/15 09:51:39 [notice] 1#1: signal 17 (SIGCHLD) received from 11495
2026/06/15 09:51:39 [notice] 1#1: unknown process 11495 exited with code 0
2026/06/15 09:52:09 [notice] 1#1: signal 17 (SIGCHLD) received from 11502
2026/06/15 09:52:09 [notice] 1#1: unknown process 11502 exited with code 0
2026/06/15 09:52:40 [notice] 1#1: signal 17 (SIGCHLD) received from 11509
2026/06/15 09:52:40 [notice] 1#1: unknown process 11509 exited with code 0
2026/06/15 09:53:10 [notice] 1#1: signal 17 (SIGCHLD) received from 11516
2026/06/15 09:53:10 [notice] 1#1: unknown process 11516 exited with code 0
2026/06/15 09:53:40 [notice] 1#1: signal 17 (SIGCHLD) received from 11523
2026/06/15 09:53:40 [notice] 1#1: unknown process 11523 exited with code 0
2026/06/15 09:54:10 [notice] 1#1: signal 17 (SIGCHLD) received from 11530
2026/06/15 09:54:10 [notice] 1#1: unknown process 11530 exited with code 0
2026/06/15 09:54:41 [notice] 1#1: signal 17 (SIGCHLD) received from 11537
2026/06/15 09:54:41 [notice] 1#1: unknown process 11537 exited with code 0
2026/06/15 09:55:11 [notice] 1#1: signal 17 (SIGCHLD) received from 11544
2026/06/15 09:55:11 [notice] 1#1: unknown process 11544 exited with code 0
2026/06/15 09:55:41 [notice] 1#1: signal 17 (SIGCHLD) received from 11551
2026/06/15 09:55:41 [notice] 1#1: unknown process 11551 exited with code 0
2026/06/15 09:56:11 [notice] 1#1: signal 17 (SIGCHLD) received from 11558
2026/06/15 09:56:11 [notice] 1#1: unknown process 11558 exited with code 0
2026/06/15 09:56:41 [notice] 1#1: signal 17 (SIGCHLD) received from 11565
2026/06/15 09:56:41 [notice] 1#1: unknown process 11565 exited with code 0
2026/06/15 09:57:12 [notice] 1#1: signal 17 (SIGCHLD) received from 11572
2026/06/15 09:57:12 [notice] 1#1: unknown process 11572 exited with code 0
2026/06/15 09:57:42 [notice] 1#1: signal 17 (SIGCHLD) received from 11579
2026/06/15 09:57:42 [notice] 1#1: unknown process 11579 exited with code 0
2026/06/15 09:58:12 [notice] 1#1: signal 17 (SIGCHLD) received from 11586
2026/06/15 09:58:12 [notice] 1#1: unknown process 11586 exited with code 0
2026/06/15 09:58:42 [notice] 1#1: signal 17 (SIGCHLD) received from 11593
2026/06/15 09:58:42 [notice] 1#1: unknown process 11593 exited with code 0
2026/06/15 09:59:11 [notice] 1#1: signal 17 (SIGCHLD) received from 11600
2026/06/15 09:59:11 [notice] 1#1: unknown process 11600 exited with code 0
2026/06/15 09:59:41 [notice] 1#1: signal 17 (SIGCHLD) received from 11607
2026/06/15 09:59:41 [notice] 1#1: unknown process 11607 exited with code 0
2026/06/15 10:00:11 [notice] 1#1: signal 17 (SIGCHLD) received from 11614
2026/06/15 10:00:11 [notice] 1#1: unknown process 11614 exited with code 0
2026/06/15 10:00:41 [notice] 1#1: signal 17 (SIGCHLD) received from 11621
2026/06/15 10:00:41 [notice] 1#1: unknown process 11621 exited with code 0
2026/06/15 10:01:10 [notice] 1#1: signal 17 (SIGCHLD) received from 11628
2026/06/15 10:01:10 [notice] 1#1: unknown process 11628 exited with code 0
2026/06/15 10:01:40 [notice] 1#1: signal 17 (SIGCHLD) received from 11635
2026/06/15 10:01:40 [notice] 1#1: unknown process 11635 exited with code 0
2026/06/15 10:02:10 [notice] 1#1: signal 17 (SIGCHLD) received from 11642
2026/06/15 10:02:10 [notice] 1#1: unknown process 11642 exited with code 0
2026/06/15 10:02:40 [notice] 1#1: signal 17 (SIGCHLD) received from 11649
2026/06/15 10:02:40 [notice] 1#1: unknown process 11649 exited with code 0
2026/06/15 10:03:09 [notice] 1#1: signal 17 (SIGCHLD) received from 11656
2026/06/15 10:03:09 [notice] 1#1: unknown process 11656 exited with code 0
2026/06/15 10:03:39 [notice] 1#1: signal 17 (SIGCHLD) received from 11663
2026/06/15 10:03:39 [notice] 1#1: unknown process 11663 exited with code 0
2026/06/15 10:04:09 [notice] 1#1: signal 17 (SIGCHLD) received from 11670
2026/06/15 10:04:09 [notice] 1#1: unknown process 11670 exited with code 0
2026/06/15 10:04:39 [notice] 1#1: signal 17 (SIGCHLD) received from 11677
2026/06/15 10:04:39 [notice] 1#1: unknown process 11677 exited with code 0
2026/06/15 10:05:08 [notice] 1#1: signal 17 (SIGCHLD) received from 11684
2026/06/15 10:05:08 [notice] 1#1: unknown process 11684 exited with code 0
2026/06/15 10:05:38 [notice] 1#1: signal 17 (SIGCHLD) received from 11691
2026/06/15 10:05:38 [notice] 1#1: unknown process 11691 exited with code 0
2026/06/15 10:06:08 [notice] 1#1: signal 17 (SIGCHLD) received from 11698
2026/06/15 10:06:08 [notice] 1#1: unknown process 11698 exited with code 0
2026/06/15 10:06:38 [notice] 1#1: signal 17 (SIGCHLD) received from 11705
2026/06/15 10:06:38 [notice] 1#1: unknown process 11705 exited with code 0
2026/06/15 10:07:07 [notice] 1#1: signal 17 (SIGCHLD) received from 11712
2026/06/15 10:07:07 [notice] 1#1: unknown process 11712 exited with code 0
2026/06/15 10:07:37 [notice] 1#1: signal 17 (SIGCHLD) received from 11719
2026/06/15 10:07:37 [notice] 1#1: unknown process 11719 exited with code 0
2026/06/15 10:08:07 [notice] 1#1: signal 17 (SIGCHLD) received from 11726
2026/06/15 10:08:07 [notice] 1#1: unknown process 11726 exited with code 0
2026/06/15 10:08:37 [notice] 1#1: signal 17 (SIGCHLD) received from 11733
2026/06/15 10:08:37 [notice] 1#1: unknown process 11733 exited with code 0
2026/06/15 10:09:07 [notice] 1#1: signal 17 (SIGCHLD) received from 11740
2026/06/15 10:09:07 [notice] 1#1: unknown process 11740 exited with code 0
2026/06/15 10:09:37 [notice] 1#1: signal 17 (SIGCHLD) received from 11747
2026/06/15 10:09:37 [notice] 1#1: unknown process 11747 exited with code 0
2026/06/15 10:10:06 [notice] 1#1: signal 17 (SIGCHLD) received from 11754
2026/06/15 10:10:06 [notice] 1#1: unknown process 11754 exited with code 0
2026/06/15 10:10:36 [notice] 1#1: signal 17 (SIGCHLD) received from 11761
2026/06/15 10:10:36 [notice] 1#1: unknown process 11761 exited with code 0
2026/06/15 10:11:06 [notice] 1#1: signal 17 (SIGCHLD) received from 11768
2026/06/15 10:11:06 [notice] 1#1: unknown process 11768 exited with code 0
2026/06/15 10:11:36 [notice] 1#1: signal 17 (SIGCHLD) received from 11775
2026/06/15 10:11:36 [notice] 1#1: unknown process 11775 exited with code 0
2026/06/15 10:12:05 [notice] 1#1: signal 17 (SIGCHLD) received from 11782
2026/06/15 10:12:05 [notice] 1#1: unknown process 11782 exited with code 0
2026/06/15 10:12:35 [notice] 1#1: signal 17 (SIGCHLD) received from 11789
2026/06/15 10:12:35 [notice] 1#1: unknown process 11789 exited with code 0
2026/06/15 10:13:05 [notice] 1#1: signal 17 (SIGCHLD) received from 11796
2026/06/15 10:13:05 [notice] 1#1: unknown process 11796 exited with code 0
2026/06/15 10:13:34 [notice] 1#1: signal 17 (SIGCHLD) received from 11803
2026/06/15 10:13:34 [notice] 1#1: unknown process 11803 exited with code 0
2026/06/15 10:14:04 [notice] 1#1: signal 17 (SIGCHLD) received from 11810
2026/06/15 10:14:04 [notice] 1#1: unknown process 11810 exited with code 0
2026/06/15 10:14:34 [notice] 1#1: signal 17 (SIGCHLD) received from 11817
2026/06/15 10:14:34 [notice] 1#1: unknown process 11817 exited with code 0
2026/06/15 10:15:04 [notice] 1#1: signal 17 (SIGCHLD) received from 11824
2026/06/15 10:15:04 [notice] 1#1: unknown process 11824 exited with code 0
2026/06/15 10:15:33 [notice] 1#1: signal 17 (SIGCHLD) received from 11831
2026/06/15 10:15:33 [notice] 1#1: unknown process 11831 exited with code 0
2026/06/15 10:16:03 [notice] 1#1: signal 17 (SIGCHLD) received from 11838
2026/06/15 10:16:03 [notice] 1#1: unknown process 11838 exited with code 0
2026/06/15 10:16:33 [notice] 1#1: signal 17 (SIGCHLD) received from 11845
2026/06/15 10:16:33 [notice] 1#1: unknown process 11845 exited with code 0
2026/06/15 10:17:02 [notice] 1#1: signal 17 (SIGCHLD) received from 11852
2026/06/15 10:17:02 [notice] 1#1: unknown process 11852 exited with code 0
2026/06/15 10:17:32 [notice] 1#1: signal 17 (SIGCHLD) received from 11859
2026/06/15 10:17:32 [notice] 1#1: unknown process 11859 exited with code 0
2026/06/15 10:18:02 [notice] 1#1: signal 17 (SIGCHLD) received from 11866
2026/06/15 10:18:02 [notice] 1#1: unknown process 11866 exited with code 0
2026/06/15 10:18:32 [notice] 1#1: signal 17 (SIGCHLD) received from 11873
2026/06/15 10:18:32 [notice] 1#1: unknown process 11873 exited with code 0
2026/06/15 10:19:01 [notice] 1#1: signal 17 (SIGCHLD) received from 11880
2026/06/15 10:19:01 [notice] 1#1: unknown process 11880 exited with code 0
2026/06/15 10:19:31 [notice] 1#1: signal 17 (SIGCHLD) received from 11887
2026/06/15 10:19:31 [notice] 1#1: unknown process 11887 exited with code 0
2026/06/15 10:20:01 [notice] 1#1: signal 17 (SIGCHLD) received from 11894
2026/06/15 10:20:01 [notice] 1#1: unknown process 11894 exited with code 0
2026/06/15 10:20:31 [notice] 1#1: signal 17 (SIGCHLD) received from 11901
2026/06/15 10:20:31 [notice] 1#1: unknown process 11901 exited with code 0
2026/06/15 10:21:01 [notice] 1#1: signal 17 (SIGCHLD) received from 11908
2026/06/15 10:21:01 [notice] 1#1: unknown process 11908 exited with code 0
2026/06/15 10:21:31 [notice] 1#1: signal 17 (SIGCHLD) received from 11915
2026/06/15 10:21:31 [notice] 1#1: unknown process 11915 exited with code 0
2026/06/15 10:22:01 [notice] 1#1: signal 17 (SIGCHLD) received from 11922
2026/06/15 10:22:01 [notice] 1#1: unknown process 11922 exited with code 0
2026/06/15 10:22:31 [notice] 1#1: signal 17 (SIGCHLD) received from 11929
2026/06/15 10:22:31 [notice] 1#1: unknown process 11929 exited with code 0
2026/06/15 10:23:01 [notice] 1#1: signal 17 (SIGCHLD) received from 11936
2026/06/15 10:23:01 [notice] 1#1: unknown process 11936 exited with code 0
2026/06/15 10:23:31 [notice] 1#1: signal 17 (SIGCHLD) received from 11943
2026/06/15 10:23:31 [notice] 1#1: unknown process 11943 exited with code 0
2026/06/15 10:24:01 [notice] 1#1: signal 17 (SIGCHLD) received from 11950
2026/06/15 10:24:01 [notice] 1#1: unknown process 11950 exited with code 0
2026/06/15 10:24:31 [notice] 1#1: signal 17 (SIGCHLD) received from 11957
2026/06/15 10:24:31 [notice] 1#1: unknown process 11957 exited with code 0
2026/06/15 10:25:01 [notice] 1#1: signal 17 (SIGCHLD) received from 11964
2026/06/15 10:25:01 [notice] 1#1: unknown process 11964 exited with code 0
2026/06/15 10:25:31 [notice] 1#1: signal 17 (SIGCHLD) received from 11971
2026/06/15 10:25:31 [notice] 1#1: unknown process 11971 exited with code 0
2026/06/15 10:26:01 [notice] 1#1: signal 17 (SIGCHLD) received from 11978
2026/06/15 10:26:01 [notice] 1#1: unknown process 11978 exited with code 0
2026/06/15 10:26:31 [notice] 1#1: signal 17 (SIGCHLD) received from 11985
2026/06/15 10:26:31 [notice] 1#1: unknown process 11985 exited with code 0
2026/06/15 10:27:01 [notice] 1#1: signal 17 (SIGCHLD) received from 11992
2026/06/15 10:27:01 [notice] 1#1: unknown process 11992 exited with code 0
2026/06/15 10:27:31 [notice] 1#1: signal 17 (SIGCHLD) received from 11999
2026/06/15 10:27:31 [notice] 1#1: unknown process 11999 exited with code 0
2026/06/15 10:28:01 [notice] 1#1: signal 17 (SIGCHLD) received from 12006
2026/06/15 10:28:01 [notice] 1#1: unknown process 12006 exited with code 0
2026/06/15 10:28:31 [notice] 1#1: signal 17 (SIGCHLD) received from 12013
2026/06/15 10:28:31 [notice] 1#1: unknown process 12013 exited with code 0
2026/06/15 10:29:01 [notice] 1#1: signal 17 (SIGCHLD) received from 12020
2026/06/15 10:29:01 [notice] 1#1: unknown process 12020 exited with code 0
2026/06/15 10:29:31 [notice] 1#1: signal 17 (SIGCHLD) received from 12027
2026/06/15 10:29:31 [notice] 1#1: unknown process 12027 exited with code 0
2026/06/15 10:30:01 [notice] 1#1: signal 17 (SIGCHLD) received from 12034
2026/06/15 10:30:01 [notice] 1#1: unknown process 12034 exited with code 0
2026/06/15 10:30:31 [notice] 1#1: signal 17 (SIGCHLD) received from 12041
2026/06/15 10:30:31 [notice] 1#1: unknown process 12041 exited with code 0
2026/06/15 10:31:01 [notice] 1#1: signal 17 (SIGCHLD) received from 12048
2026/06/15 10:31:01 [notice] 1#1: unknown process 12048 exited with code 0
2026/06/15 10:31:31 [notice] 1#1: signal 17 (SIGCHLD) received from 12055
2026/06/15 10:31:31 [notice] 1#1: unknown process 12055 exited with code 0
2026/06/15 10:32:01 [notice] 1#1: signal 17 (SIGCHLD) received from 12062
2026/06/15 10:32:01 [notice] 1#1: unknown process 12062 exited with code 0
2026/06/15 10:32:31 [notice] 1#1: signal 17 (SIGCHLD) received from 12069
2026/06/15 10:32:31 [notice] 1#1: unknown process 12069 exited with code 0
2026/06/15 10:33:01 [notice] 1#1: signal 17 (SIGCHLD) received from 12076
2026/06/15 10:33:01 [notice] 1#1: unknown process 12076 exited with code 0
2026/06/15 10:33:31 [notice] 1#1: signal 17 (SIGCHLD) received from 12083
2026/06/15 10:33:31 [notice] 1#1: unknown process 12083 exited with code 0
2026/06/15 10:34:01 [notice] 1#1: signal 17 (SIGCHLD) received from 12090
2026/06/15 10:34:01 [notice] 1#1: unknown process 12090 exited with code 0
2026/06/15 10:34:31 [notice] 1#1: signal 17 (SIGCHLD) received from 12097
2026/06/15 10:34:31 [notice] 1#1: unknown process 12097 exited with code 0
2026/06/15 10:35:01 [notice] 1#1: signal 17 (SIGCHLD) received from 12104
2026/06/15 10:35:01 [notice] 1#1: unknown process 12104 exited with code 0
2026/06/15 10:35:31 [notice] 1#1: signal 17 (SIGCHLD) received from 12111
2026/06/15 10:35:31 [notice] 1#1: unknown process 12111 exited with code 0
2026/06/15 10:36:00 [notice] 1#1: signal 17 (SIGCHLD) received from 12118
2026/06/15 10:36:00 [notice] 1#1: unknown process 12118 exited with code 0
2026/06/15 10:36:31 [notice] 1#1: signal 17 (SIGCHLD) received from 12125
2026/06/15 10:36:31 [notice] 1#1: unknown process 12125 exited with code 0
2026/06/15 10:37:00 [notice] 1#1: signal 17 (SIGCHLD) received from 12132
2026/06/15 10:37:00 [notice] 1#1: unknown process 12132 exited with code 0
2026/06/15 10:37:30 [notice] 1#1: signal 17 (SIGCHLD) received from 12139
2026/06/15 10:37:30 [notice] 1#1: unknown process 12139 exited with code 0
2026/06/15 10:38:00 [notice] 1#1: signal 17 (SIGCHLD) received from 12146
2026/06/15 10:38:00 [notice] 1#1: unknown process 12146 exited with code 0
2026/06/15 10:38:30 [notice] 1#1: signal 17 (SIGCHLD) received from 12153
2026/06/15 10:38:30 [notice] 1#1: unknown process 12153 exited with code 0
2026/06/15 10:39:00 [notice] 1#1: signal 17 (SIGCHLD) received from 12160
2026/06/15 10:39:00 [notice] 1#1: unknown process 12160 exited with code 0
2026/06/15 10:39:30 [notice] 1#1: signal 17 (SIGCHLD) received from 12167
2026/06/15 10:39:30 [notice] 1#1: unknown process 12167 exited with code 0
2026/06/15 10:40:00 [notice] 1#1: signal 17 (SIGCHLD) received from 12174
2026/06/15 10:40:00 [notice] 1#1: unknown process 12174 exited with code 0
2026/06/15 10:40:30 [notice] 1#1: signal 17 (SIGCHLD) received from 12181
2026/06/15 10:40:30 [notice] 1#1: unknown process 12181 exited with code 0
2026/06/15 10:41:00 [notice] 1#1: signal 17 (SIGCHLD) received from 12188
2026/06/15 10:41:00 [notice] 1#1: unknown process 12188 exited with code 0
2026/06/15 10:41:30 [notice] 1#1: signal 17 (SIGCHLD) received from 12195
2026/06/15 10:41:30 [notice] 1#1: unknown process 12195 exited with code 0
2026/06/15 10:42:00 [notice] 1#1: signal 17 (SIGCHLD) received from 12202
2026/06/15 10:42:00 [notice] 1#1: unknown process 12202 exited with code 0
2026/06/15 10:42:30 [notice] 1#1: signal 17 (SIGCHLD) received from 12209
2026/06/15 10:42:30 [notice] 1#1: unknown process 12209 exited with code 0
2026/06/15 10:42:59 [notice] 1#1: signal 17 (SIGCHLD) received from 12216
2026/06/15 10:42:59 [notice] 1#1: unknown process 12216 exited with code 0
2026/06/15 10:43:30 [notice] 1#1: signal 17 (SIGCHLD) received from 12223
2026/06/15 10:43:30 [notice] 1#1: unknown process 12223 exited with code 0
2026/06/15 10:44:00 [notice] 1#1: signal 17 (SIGCHLD) received from 12230
2026/06/15 10:44:00 [notice] 1#1: unknown process 12230 exited with code 0
2026/06/15 10:44:30 [notice] 1#1: signal 17 (SIGCHLD) received from 12237
2026/06/15 10:44:30 [notice] 1#1: unknown process 12237 exited with code 0
2026/06/15 10:45:00 [notice] 1#1: signal 17 (SIGCHLD) received from 12244
2026/06/15 10:45:00 [notice] 1#1: unknown process 12244 exited with code 0
2026/06/15 10:45:30 [notice] 1#1: signal 17 (SIGCHLD) received from 12251
2026/06/15 10:45:30 [notice] 1#1: unknown process 12251 exited with code 0
2026/06/15 10:46:00 [notice] 1#1: signal 17 (SIGCHLD) received from 12258
2026/06/15 10:46:00 [notice] 1#1: unknown process 12258 exited with code 0
2026/06/15 10:46:30 [notice] 1#1: signal 17 (SIGCHLD) received from 12265
2026/06/15 10:46:30 [notice] 1#1: unknown process 12265 exited with code 0
2026/06/15 10:47:01 [notice] 1#1: signal 17 (SIGCHLD) received from 12272
2026/06/15 10:47:01 [notice] 1#1: unknown process 12272 exited with code 0
2026/06/15 10:47:31 [notice] 1#1: signal 17 (SIGCHLD) received from 12279
2026/06/15 10:47:31 [notice] 1#1: unknown process 12279 exited with code 0
2026/06/15 10:48:01 [notice] 1#1: signal 17 (SIGCHLD) received from 12286
2026/06/15 10:48:01 [notice] 1#1: unknown process 12286 exited with code 0
2026/06/15 10:48:31 [notice] 1#1: signal 17 (SIGCHLD) received from 12293
2026/06/15 10:48:31 [notice] 1#1: unknown process 12293 exited with code 0
2026/06/15 10:49:01 [notice] 1#1: signal 17 (SIGCHLD) received from 12300
2026/06/15 10:49:01 [notice] 1#1: unknown process 12300 exited with code 0
2026/06/15 10:49:31 [notice] 1#1: signal 17 (SIGCHLD) received from 12307
2026/06/15 10:49:31 [notice] 1#1: unknown process 12307 exited with code 0
2026/06/15 10:50:01 [notice] 1#1: signal 17 (SIGCHLD) received from 12314
2026/06/15 10:50:01 [notice] 1#1: unknown process 12314 exited with code 0
2026/06/15 10:50:31 [notice] 1#1: signal 17 (SIGCHLD) received from 12321
2026/06/15 10:50:31 [notice] 1#1: unknown process 12321 exited with code 0
2026/06/15 10:51:01 [notice] 1#1: signal 17 (SIGCHLD) received from 12328
2026/06/15 10:51:01 [notice] 1#1: unknown process 12328 exited with code 0
2026/06/15 10:51:32 [notice] 1#1: signal 17 (SIGCHLD) received from 12335
2026/06/15 10:51:32 [notice] 1#1: unknown process 12335 exited with code 0
2026/06/15 10:52:02 [notice] 1#1: signal 17 (SIGCHLD) received from 12342
2026/06/15 10:52:02 [notice] 1#1: unknown process 12342 exited with code 0
2026/06/15 10:52:32 [notice] 1#1: signal 17 (SIGCHLD) received from 12349
2026/06/15 10:52:32 [notice] 1#1: unknown process 12349 exited with code 0
2026/06/15 10:53:02 [notice] 1#1: signal 17 (SIGCHLD) received from 12356
2026/06/15 10:53:02 [notice] 1#1: unknown process 12356 exited with code 0
2026/06/15 10:53:32 [notice] 1#1: signal 17 (SIGCHLD) received from 12363
2026/06/15 10:53:32 [notice] 1#1: unknown process 12363 exited with code 0
2026/06/15 10:54:02 [notice] 1#1: signal 17 (SIGCHLD) received from 12370
2026/06/15 10:54:02 [notice] 1#1: unknown process 12370 exited with code 0
2026/06/15 10:54:32 [notice] 1#1: signal 17 (SIGCHLD) received from 12377
2026/06/15 10:54:32 [notice] 1#1: unknown process 12377 exited with code 0
2026/06/15 10:55:02 [notice] 1#1: signal 17 (SIGCHLD) received from 12384
2026/06/15 10:55:02 [notice] 1#1: unknown process 12384 exited with code 0
2026/06/15 10:55:32 [notice] 1#1: signal 17 (SIGCHLD) received from 12391
2026/06/15 10:55:32 [notice] 1#1: unknown process 12391 exited with code 0
2026/06/15 10:56:03 [notice] 1#1: signal 17 (SIGCHLD) received from 12398
2026/06/15 10:56:03 [notice] 1#1: unknown process 12398 exited with code 0
2026/06/15 10:56:33 [notice] 1#1: signal 17 (SIGCHLD) received from 12405
2026/06/15 10:56:33 [notice] 1#1: unknown process 12405 exited with code 0
2026/06/15 10:57:03 [notice] 1#1: signal 17 (SIGCHLD) received from 12412
2026/06/15 10:57:03 [notice] 1#1: unknown process 12412 exited with code 0
2026/06/15 10:57:33 [notice] 1#1: signal 17 (SIGCHLD) received from 12419
2026/06/15 10:57:33 [notice] 1#1: unknown process 12419 exited with code 0
2026/06/15 10:58:03 [notice] 1#1: signal 17 (SIGCHLD) received from 12426
2026/06/15 10:58:03 [notice] 1#1: unknown process 12426 exited with code 0
2026/06/15 10:58:33 [notice] 1#1: signal 17 (SIGCHLD) received from 12433
2026/06/15 10:58:33 [notice] 1#1: unknown process 12433 exited with code 0
2026/06/15 10:59:03 [notice] 1#1: signal 17 (SIGCHLD) received from 12440
2026/06/15 10:59:03 [notice] 1#1: unknown process 12440 exited with code 0
2026/06/15 10:59:33 [notice] 1#1: signal 17 (SIGCHLD) received from 12447
2026/06/15 10:59:33 [notice] 1#1: unknown process 12447 exited with code 0
2026/06/15 11:00:03 [notice] 1#1: signal 17 (SIGCHLD) received from 12454
2026/06/15 11:00:03 [notice] 1#1: unknown process 12454 exited with code 0
2026/06/15 11:00:34 [notice] 1#1: signal 17 (SIGCHLD) received from 12461
2026/06/15 11:00:34 [notice] 1#1: unknown process 12461 exited with code 0
2026/06/15 11:01:04 [notice] 1#1: signal 17 (SIGCHLD) received from 12468
2026/06/15 11:01:04 [notice] 1#1: unknown process 12468 exited with code 0
2026/06/15 11:01:34 [notice] 1#1: signal 17 (SIGCHLD) received from 12475
2026/06/15 11:01:34 [notice] 1#1: unknown process 12475 exited with code 0
2026/06/15 11:02:04 [notice] 1#1: signal 17 (SIGCHLD) received from 12482
2026/06/15 11:02:04 [notice] 1#1: unknown process 12482 exited with code 0
2026/06/15 11:02:34 [notice] 1#1: signal 17 (SIGCHLD) received from 12489
2026/06/15 11:02:34 [notice] 1#1: unknown process 12489 exited with code 0
2026/06/15 11:03:04 [notice] 1#1: signal 17 (SIGCHLD) received from 12496
2026/06/15 11:03:04 [notice] 1#1: unknown process 12496 exited with code 0
2026/06/15 11:03:34 [notice] 1#1: signal 17 (SIGCHLD) received from 12503
2026/06/15 11:03:34 [notice] 1#1: unknown process 12503 exited with code 0
2026/06/15 11:04:04 [notice] 1#1: signal 17 (SIGCHLD) received from 12510
2026/06/15 11:04:04 [notice] 1#1: unknown process 12510 exited with code 0
2026/06/15 11:04:34 [notice] 1#1: signal 17 (SIGCHLD) received from 12517
2026/06/15 11:04:34 [notice] 1#1: unknown process 12517 exited with code 0
2026/06/15 11:05:05 [notice] 1#1: signal 17 (SIGCHLD) received from 12524
2026/06/15 11:05:05 [notice] 1#1: unknown process 12524 exited with code 0
2026/06/15 11:05:35 [notice] 1#1: signal 17 (SIGCHLD) received from 12531
2026/06/15 11:05:35 [notice] 1#1: unknown process 12531 exited with code 0
2026/06/15 11:06:05 [notice] 1#1: signal 17 (SIGCHLD) received from 12538
2026/06/15 11:06:05 [notice] 1#1: unknown process 12538 exited with code 0
2026/06/15 11:06:35 [notice] 1#1: signal 17 (SIGCHLD) received from 12545
2026/06/15 11:06:35 [notice] 1#1: unknown process 12545 exited with code 0
2026/06/15 11:07:05 [notice] 1#1: signal 17 (SIGCHLD) received from 12552
2026/06/15 11:07:05 [notice] 1#1: unknown process 12552 exited with code 0
2026/06/15 11:07:35 [notice] 1#1: signal 17 (SIGCHLD) received from 12559
2026/06/15 11:07:35 [notice] 1#1: unknown process 12559 exited with code 0
2026/06/15 11:08:05 [notice] 1#1: signal 17 (SIGCHLD) received from 12566
2026/06/15 11:08:05 [notice] 1#1: unknown process 12566 exited with code 0
2026/06/15 11:08:36 [notice] 1#1: signal 17 (SIGCHLD) received from 12573
2026/06/15 11:08:36 [notice] 1#1: unknown process 12573 exited with code 0
2026/06/15 11:09:06 [notice] 1#1: signal 17 (SIGCHLD) received from 12580
2026/06/15 11:09:06 [notice] 1#1: unknown process 12580 exited with code 0
2026/06/15 11:09:36 [notice] 1#1: signal 17 (SIGCHLD) received from 12587
2026/06/15 11:09:36 [notice] 1#1: unknown process 12587 exited with code 0
2026/06/15 11:10:06 [notice] 1#1: signal 17 (SIGCHLD) received from 12594
2026/06/15 11:10:06 [notice] 1#1: unknown process 12594 exited with code 0
2026/06/15 11:10:36 [notice] 1#1: signal 17 (SIGCHLD) received from 12601
2026/06/15 11:10:36 [notice] 1#1: unknown process 12601 exited with code 0
2026/06/15 11:11:07 [notice] 1#1: signal 17 (SIGCHLD) received from 12608
2026/06/15 11:11:07 [notice] 1#1: unknown process 12608 exited with code 0
2026/06/15 11:11:37 [notice] 1#1: signal 17 (SIGCHLD) received from 12615
2026/06/15 11:11:37 [notice] 1#1: unknown process 12615 exited with code 0
2026/06/15 11:12:07 [notice] 1#1: signal 17 (SIGCHLD) received from 12622
2026/06/15 11:12:07 [notice] 1#1: unknown process 12622 exited with code 0
2026/06/15 11:12:37 [notice] 1#1: signal 17 (SIGCHLD) received from 12629
2026/06/15 11:12:37 [notice] 1#1: unknown process 12629 exited with code 0
2026/06/15 11:13:08 [notice] 1#1: signal 17 (SIGCHLD) received from 12636
2026/06/15 11:13:08 [notice] 1#1: unknown process 12636 exited with code 0
2026/06/15 11:13:38 [notice] 1#1: signal 17 (SIGCHLD) received from 12643
2026/06/15 11:13:38 [notice] 1#1: unknown process 12643 exited with code 0
2026/06/15 11:14:08 [notice] 1#1: signal 17 (SIGCHLD) received from 12650
2026/06/15 11:14:08 [notice] 1#1: unknown process 12650 exited with code 0
2026/06/15 11:14:38 [notice] 1#1: signal 17 (SIGCHLD) received from 12657
2026/06/15 11:14:38 [notice] 1#1: unknown process 12657 exited with code 0
2026/06/15 11:15:08 [notice] 1#1: signal 17 (SIGCHLD) received from 12664
2026/06/15 11:15:08 [notice] 1#1: unknown process 12664 exited with code 0
2026/06/15 11:15:39 [notice] 1#1: signal 17 (SIGCHLD) received from 12671
2026/06/15 11:15:39 [notice] 1#1: unknown process 12671 exited with code 0
2026/06/15 11:16:09 [notice] 1#1: signal 17 (SIGCHLD) received from 12678
2026/06/15 11:16:09 [notice] 1#1: unknown process 12678 exited with code 0
2026/06/15 11:16:39 [notice] 1#1: signal 17 (SIGCHLD) received from 12685
2026/06/15 11:16:39 [notice] 1#1: unknown process 12685 exited with code 0
2026/06/15 11:17:09 [notice] 1#1: signal 17 (SIGCHLD) received from 12692
2026/06/15 11:17:09 [notice] 1#1: unknown process 12692 exited with code 0
2026/06/15 11:17:39 [notice] 1#1: signal 17 (SIGCHLD) received from 12699
2026/06/15 11:17:39 [notice] 1#1: unknown process 12699 exited with code 0
2026/06/15 11:18:10 [notice] 1#1: signal 17 (SIGCHLD) received from 12706
2026/06/15 11:18:10 [notice] 1#1: unknown process 12706 exited with code 0
2026/06/15 11:18:40 [notice] 1#1: signal 17 (SIGCHLD) received from 12713
2026/06/15 11:18:40 [notice] 1#1: unknown process 12713 exited with code 0
2026/06/15 11:19:10 [notice] 1#1: signal 17 (SIGCHLD) received from 12720
2026/06/15 11:19:10 [notice] 1#1: unknown process 12720 exited with code 0
2026/06/15 11:19:40 [notice] 1#1: signal 17 (SIGCHLD) received from 12727
2026/06/15 11:19:40 [notice] 1#1: unknown process 12727 exited with code 0
2026/06/15 11:20:10 [notice] 1#1: signal 17 (SIGCHLD) received from 12734
2026/06/15 11:20:10 [notice] 1#1: unknown process 12734 exited with code 0
2026/06/15 11:20:41 [notice] 1#1: signal 17 (SIGCHLD) received from 12741
2026/06/15 11:20:41 [notice] 1#1: unknown process 12741 exited with code 0
2026/06/15 11:21:11 [notice] 1#1: signal 17 (SIGCHLD) received from 12748
2026/06/15 11:21:11 [notice] 1#1: unknown process 12748 exited with code 0
2026/06/15 11:21:41 [notice] 1#1: signal 17 (SIGCHLD) received from 12755
2026/06/15 11:21:41 [notice] 1#1: unknown process 12755 exited with code 0
2026/06/15 11:22:11 [notice] 1#1: signal 17 (SIGCHLD) received from 12762
2026/06/15 11:22:11 [notice] 1#1: unknown process 12762 exited with code 0
2026/06/15 11:22:42 [notice] 1#1: signal 17 (SIGCHLD) received from 12769
2026/06/15 11:22:42 [notice] 1#1: unknown process 12769 exited with code 0
2026/06/15 11:23:12 [notice] 1#1: signal 17 (SIGCHLD) received from 12776
2026/06/15 11:23:12 [notice] 1#1: unknown process 12776 exited with code 0
2026/06/15 11:23:42 [notice] 1#1: signal 17 (SIGCHLD) received from 12783
2026/06/15 11:23:42 [notice] 1#1: unknown process 12783 exited with code 0
2026/06/15 11:24:12 [notice] 1#1: signal 17 (SIGCHLD) received from 12790
2026/06/15 11:24:12 [notice] 1#1: unknown process 12790 exited with code 0
2026/06/15 11:24:42 [notice] 1#1: signal 17 (SIGCHLD) received from 12797
2026/06/15 11:24:42 [notice] 1#1: unknown process 12797 exited with code 0
2026/06/15 11:25:13 [notice] 1#1: signal 17 (SIGCHLD) received from 12804
2026/06/15 11:25:13 [notice] 1#1: unknown process 12804 exited with code 0
2026/06/15 11:25:43 [notice] 1#1: signal 17 (SIGCHLD) received from 12811
2026/06/15 11:25:43 [notice] 1#1: unknown process 12811 exited with code 0
2026/06/15 11:26:13 [notice] 1#1: signal 17 (SIGCHLD) received from 12818
2026/06/15 11:26:13 [notice] 1#1: unknown process 12818 exited with code 0
2026/06/15 11:26:44 [notice] 1#1: signal 17 (SIGCHLD) received from 12825
2026/06/15 11:26:44 [notice] 1#1: unknown process 12825 exited with code 0
2026/06/15 11:27:14 [notice] 1#1: signal 17 (SIGCHLD) received from 12832
2026/06/15 11:27:14 [notice] 1#1: unknown process 12832 exited with code 0
2026/06/15 11:27:44 [notice] 1#1: signal 17 (SIGCHLD) received from 12839
2026/06/15 11:27:44 [notice] 1#1: unknown process 12839 exited with code 0
2026/06/15 11:28:15 [notice] 1#1: signal 17 (SIGCHLD) received from 12846
2026/06/15 11:28:15 [notice] 1#1: unknown process 12846 exited with code 0
2026/06/15 11:28:45 [notice] 1#1: signal 17 (SIGCHLD) received from 12853
2026/06/15 11:28:45 [notice] 1#1: unknown process 12853 exited with code 0
2026/06/15 11:29:15 [notice] 1#1: signal 17 (SIGCHLD) received from 12860
2026/06/15 11:29:15 [notice] 1#1: unknown process 12860 exited with code 0
2026/06/15 11:29:45 [notice] 1#1: signal 17 (SIGCHLD) received from 12867
2026/06/15 11:29:45 [notice] 1#1: unknown process 12867 exited with code 0
2026/06/15 11:30:16 [notice] 1#1: signal 17 (SIGCHLD) received from 12873
2026/06/15 11:30:16 [notice] 1#1: unknown process 12873 exited with code 0
2026/06/15 11:30:46 [notice] 1#1: signal 17 (SIGCHLD) received from 12880
2026/06/15 11:30:46 [notice] 1#1: unknown process 12880 exited with code 0
2026/06/15 11:31:16 [notice] 1#1: signal 17 (SIGCHLD) received from 12887
2026/06/15 11:31:16 [notice] 1#1: unknown process 12887 exited with code 0
2026/06/15 11:31:47 [notice] 1#1: signal 17 (SIGCHLD) received from 12894
2026/06/15 11:31:47 [notice] 1#1: unknown process 12894 exited with code 0
2026/06/15 11:32:17 [notice] 1#1: signal 17 (SIGCHLD) received from 12901
2026/06/15 11:32:17 [notice] 1#1: unknown process 12901 exited with code 0
2026/06/15 11:32:47 [notice] 1#1: signal 17 (SIGCHLD) received from 12908
2026/06/15 11:32:47 [notice] 1#1: unknown process 12908 exited with code 0
2026/06/15 11:33:17 [notice] 1#1: signal 17 (SIGCHLD) received from 12915
2026/06/15 11:33:17 [notice] 1#1: unknown process 12915 exited with code 0
2026/06/15 11:33:47 [notice] 1#1: signal 17 (SIGCHLD) received from 12922
2026/06/15 11:33:47 [notice] 1#1: unknown process 12922 exited with code 0
2026/06/15 11:34:17 [notice] 1#1: signal 17 (SIGCHLD) received from 12929
2026/06/15 11:34:17 [notice] 1#1: unknown process 12929 exited with code 0
2026/06/15 11:34:48 [notice] 1#1: signal 17 (SIGCHLD) received from 12936
2026/06/15 11:34:48 [notice] 1#1: unknown process 12936 exited with code 0
2026/06/15 11:35:18 [notice] 1#1: signal 17 (SIGCHLD) received from 12943
2026/06/15 11:35:18 [notice] 1#1: unknown process 12943 exited with code 0
2026/06/15 11:35:48 [notice] 1#1: signal 17 (SIGCHLD) received from 12950
2026/06/15 11:35:48 [notice] 1#1: unknown process 12950 exited with code 0
2026/06/15 11:36:18 [notice] 1#1: signal 17 (SIGCHLD) received from 12957
2026/06/15 11:36:18 [notice] 1#1: unknown process 12957 exited with code 0
2026/06/15 11:36:48 [notice] 1#1: signal 17 (SIGCHLD) received from 12964
2026/06/15 11:36:48 [notice] 1#1: unknown process 12964 exited with code 0
2026/06/15 11:37:18 [notice] 1#1: signal 17 (SIGCHLD) received from 12971
2026/06/15 11:37:18 [notice] 1#1: unknown process 12971 exited with code 0
2026/06/15 11:37:48 [notice] 1#1: signal 17 (SIGCHLD) received from 12978
2026/06/15 11:37:48 [notice] 1#1: unknown process 12978 exited with code 0
2026/06/15 11:38:18 [notice] 1#1: signal 17 (SIGCHLD) received from 12985
2026/06/15 11:38:18 [notice] 1#1: unknown process 12985 exited with code 0
2026/06/15 11:38:49 [notice] 1#1: signal 17 (SIGCHLD) received from 12992
2026/06/15 11:38:49 [notice] 1#1: unknown process 12992 exited with code 0
2026/06/15 11:39:19 [notice] 1#1: signal 17 (SIGCHLD) received from 12999
2026/06/15 11:39:19 [notice] 1#1: unknown process 12999 exited with code 0
2026/06/15 11:39:49 [notice] 1#1: signal 17 (SIGCHLD) received from 13006
2026/06/15 11:39:49 [notice] 1#1: unknown process 13006 exited with code 0
2026/06/15 11:40:19 [notice] 1#1: signal 17 (SIGCHLD) received from 13013
2026/06/15 11:40:19 [notice] 1#1: unknown process 13013 exited with code 0
2026/06/15 11:40:49 [notice] 1#1: signal 17 (SIGCHLD) received from 13020
2026/06/15 11:40:49 [notice] 1#1: unknown process 13020 exited with code 0
2026/06/15 11:41:19 [notice] 1#1: signal 17 (SIGCHLD) received from 13027
2026/06/15 11:41:19 [notice] 1#1: unknown process 13027 exited with code 0
2026/06/15 11:41:49 [notice] 1#1: signal 17 (SIGCHLD) received from 13034
2026/06/15 11:41:49 [notice] 1#1: unknown process 13034 exited with code 0
2026/06/15 11:42:20 [notice] 1#1: signal 17 (SIGCHLD) received from 13041
2026/06/15 11:42:20 [notice] 1#1: unknown process 13041 exited with code 0
2026/06/15 11:42:50 [notice] 1#1: signal 17 (SIGCHLD) received from 13048
2026/06/15 11:42:50 [notice] 1#1: unknown process 13048 exited with code 0
2026/06/15 11:43:20 [notice] 1#1: signal 17 (SIGCHLD) received from 13055
2026/06/15 11:43:20 [notice] 1#1: unknown process 13055 exited with code 0
2026/06/15 11:43:50 [notice] 1#1: signal 17 (SIGCHLD) received from 13062
2026/06/15 11:43:50 [notice] 1#1: unknown process 13062 exited with code 0
2026/06/15 11:44:20 [notice] 1#1: signal 17 (SIGCHLD) received from 13069
2026/06/15 11:44:20 [notice] 1#1: unknown process 13069 exited with code 0
2026/06/15 11:44:50 [notice] 1#1: signal 17 (SIGCHLD) received from 13076
2026/06/15 11:44:50 [notice] 1#1: unknown process 13076 exited with code 0
2026/06/15 11:45:20 [notice] 1#1: signal 17 (SIGCHLD) received from 13083
2026/06/15 11:45:20 [notice] 1#1: unknown process 13083 exited with code 0
2026/06/15 11:45:51 [notice] 1#1: signal 17 (SIGCHLD) received from 13090
2026/06/15 11:45:51 [notice] 1#1: unknown process 13090 exited with code 0
2026/06/15 11:46:21 [notice] 1#1: signal 17 (SIGCHLD) received from 13097
2026/06/15 11:46:21 [notice] 1#1: unknown process 13097 exited with code 0
2026/06/15 11:46:51 [notice] 1#1: signal 17 (SIGCHLD) received from 13104
2026/06/15 11:46:51 [notice] 1#1: unknown process 13104 exited with code 0
2026/06/15 11:47:21 [notice] 1#1: signal 17 (SIGCHLD) received from 13111
2026/06/15 11:47:21 [notice] 1#1: unknown process 13111 exited with code 0
2026/06/15 11:47:51 [notice] 1#1: signal 17 (SIGCHLD) received from 13118
2026/06/15 11:47:51 [notice] 1#1: unknown process 13118 exited with code 0
2026/06/15 11:48:21 [notice] 1#1: signal 17 (SIGCHLD) received from 13125
2026/06/15 11:48:21 [notice] 1#1: unknown process 13125 exited with code 0
2026/06/15 11:48:51 [notice] 1#1: signal 17 (SIGCHLD) received from 13132
2026/06/15 11:48:51 [notice] 1#1: unknown process 13132 exited with code 0
2026/06/15 11:49:21 [notice] 1#1: signal 17 (SIGCHLD) received from 13139
2026/06/15 11:49:21 [notice] 1#1: unknown process 13139 exited with code 0
2026/06/15 11:49:52 [notice] 1#1: signal 17 (SIGCHLD) received from 13146
2026/06/15 11:49:52 [notice] 1#1: unknown process 13146 exited with code 0
2026/06/15 11:50:22 [notice] 1#1: signal 17 (SIGCHLD) received from 13153
2026/06/15 11:50:22 [notice] 1#1: unknown process 13153 exited with code 0
2026/06/15 11:50:52 [notice] 1#1: signal 17 (SIGCHLD) received from 13160
2026/06/15 11:50:52 [notice] 1#1: unknown process 13160 exited with code 0
2026/06/15 11:51:22 [notice] 1#1: signal 17 (SIGCHLD) received from 13167
2026/06/15 11:51:22 [notice] 1#1: unknown process 13167 exited with code 0
2026/06/15 11:51:52 [notice] 1#1: signal 17 (SIGCHLD) received from 13174
2026/06/15 11:51:52 [notice] 1#1: unknown process 13174 exited with code 0
2026/06/15 11:52:22 [notice] 1#1: signal 17 (SIGCHLD) received from 13181
2026/06/15 11:52:22 [notice] 1#1: unknown process 13181 exited with code 0
2026/06/15 11:52:52 [notice] 1#1: signal 17 (SIGCHLD) received from 13188
2026/06/15 11:52:52 [notice] 1#1: unknown process 13188 exited with code 0
2026/06/15 11:53:23 [notice] 1#1: signal 17 (SIGCHLD) received from 13195
2026/06/15 11:53:23 [notice] 1#1: unknown process 13195 exited with code 0
2026/06/15 11:53:53 [notice] 1#1: signal 17 (SIGCHLD) received from 13202
2026/06/15 11:53:53 [notice] 1#1: unknown process 13202 exited with code 0
2026/06/15 11:54:23 [notice] 1#1: signal 17 (SIGCHLD) received from 13209
2026/06/15 11:54:23 [notice] 1#1: unknown process 13209 exited with code 0
2026/06/15 11:54:53 [notice] 1#1: signal 17 (SIGCHLD) received from 13216
2026/06/15 11:54:53 [notice] 1#1: unknown process 13216 exited with code 0
2026/06/15 11:55:24 [notice] 1#1: signal 17 (SIGCHLD) received from 13223
2026/06/15 11:55:24 [notice] 1#1: unknown process 13223 exited with code 0
2026/06/15 11:55:54 [notice] 1#1: signal 17 (SIGCHLD) received from 13230
2026/06/15 11:55:54 [notice] 1#1: unknown process 13230 exited with code 0
2026/06/15 11:56:24 [notice] 1#1: signal 17 (SIGCHLD) received from 13237
2026/06/15 11:56:24 [notice] 1#1: unknown process 13237 exited with code 0
2026/06/15 11:56:54 [notice] 1#1: signal 17 (SIGCHLD) received from 13244
2026/06/15 11:56:54 [notice] 1#1: unknown process 13244 exited with code 0
2026/06/15 11:57:25 [notice] 1#1: signal 17 (SIGCHLD) received from 13251
2026/06/15 11:57:25 [notice] 1#1: unknown process 13251 exited with code 0
2026/06/15 11:57:55 [notice] 1#1: signal 17 (SIGCHLD) received from 13258
2026/06/15 11:57:55 [notice] 1#1: unknown process 13258 exited with code 0
2026/06/15 11:58:25 [notice] 1#1: signal 17 (SIGCHLD) received from 13265
2026/06/15 11:58:25 [notice] 1#1: unknown process 13265 exited with code 0
2026/06/15 11:58:56 [notice] 1#1: signal 17 (SIGCHLD) received from 13272
2026/06/15 11:58:56 [notice] 1#1: unknown process 13272 exited with code 0
2026/06/15 11:59:26 [notice] 1#1: signal 17 (SIGCHLD) received from 13279
2026/06/15 11:59:26 [notice] 1#1: unknown process 13279 exited with code 0
2026/06/15 11:59:56 [notice] 1#1: signal 17 (SIGCHLD) received from 13286
2026/06/15 11:59:56 [notice] 1#1: unknown process 13286 exited with code 0
2026/06/15 12:00:26 [notice] 1#1: signal 17 (SIGCHLD) received from 13293
2026/06/15 12:00:26 [notice] 1#1: unknown process 13293 exited with code 0
2026/06/15 12:00:57 [notice] 1#1: signal 17 (SIGCHLD) received from 13300
2026/06/15 12:00:57 [notice] 1#1: unknown process 13300 exited with code 0
2026/06/15 12:01:27 [notice] 1#1: signal 17 (SIGCHLD) received from 13307
2026/06/15 12:01:27 [notice] 1#1: unknown process 13307 exited with code 0
2026/06/15 12:01:57 [notice] 1#1: signal 17 (SIGCHLD) received from 13314
2026/06/15 12:01:57 [notice] 1#1: unknown process 13314 exited with code 0
2026/06/15 12:02:27 [notice] 1#1: signal 17 (SIGCHLD) received from 13321
2026/06/15 12:02:27 [notice] 1#1: unknown process 13321 exited with code 0
2026/06/15 12:02:58 [notice] 1#1: signal 17 (SIGCHLD) received from 13328
2026/06/15 12:02:58 [notice] 1#1: unknown process 13328 exited with code 0
2026/06/15 12:03:28 [notice] 1#1: signal 17 (SIGCHLD) received from 13335
2026/06/15 12:03:28 [notice] 1#1: unknown process 13335 exited with code 0
2026/06/15 12:03:58 [notice] 1#1: signal 17 (SIGCHLD) received from 13342
2026/06/15 12:03:58 [notice] 1#1: unknown process 13342 exited with code 0
2026/06/15 12:04:28 [notice] 1#1: signal 17 (SIGCHLD) received from 13350
2026/06/15 12:04:28 [notice] 1#1: unknown process 13350 exited with code 0
2026/06/15 12:04:59 [notice] 1#1: signal 17 (SIGCHLD) received from 13357
2026/06/15 12:04:59 [notice] 1#1: unknown process 13357 exited with code 0
2026/06/15 12:05:29 [notice] 1#1: signal 17 (SIGCHLD) received from 13364
2026/06/15 12:05:29 [notice] 1#1: unknown process 13364 exited with code 0
2026/06/15 12:05:59 [notice] 1#1: signal 17 (SIGCHLD) received from 13371
2026/06/15 12:05:59 [notice] 1#1: unknown process 13371 exited with code 0
2026/06/15 12:06:29 [notice] 1#1: signal 17 (SIGCHLD) received from 13378
2026/06/15 12:06:29 [notice] 1#1: unknown process 13378 exited with code 0
2026/06/15 12:07:00 [notice] 1#1: signal 17 (SIGCHLD) received from 13385
2026/06/15 12:07:00 [notice] 1#1: unknown process 13385 exited with code 0
2026/06/15 12:07:30 [notice] 1#1: signal 17 (SIGCHLD) received from 13392
2026/06/15 12:07:30 [notice] 1#1: unknown process 13392 exited with code 0
2026/06/15 12:08:00 [notice] 1#1: signal 17 (SIGCHLD) received from 13399
2026/06/15 12:08:00 [notice] 1#1: unknown process 13399 exited with code 0
2026/06/15 12:08:30 [notice] 1#1: signal 17 (SIGCHLD) received from 13406
2026/06/15 12:08:30 [notice] 1#1: unknown process 13406 exited with code 0
2026/06/15 12:09:01 [notice] 1#1: signal 17 (SIGCHLD) received from 13413
2026/06/15 12:09:01 [notice] 1#1: unknown process 13413 exited with code 0
2026/06/15 12:09:31 [notice] 1#1: signal 17 (SIGCHLD) received from 13420
2026/06/15 12:09:31 [notice] 1#1: unknown process 13420 exited with code 0
2026/06/15 12:10:01 [notice] 1#1: signal 17 (SIGCHLD) received from 13427
2026/06/15 12:10:01 [notice] 1#1: unknown process 13427 exited with code 0
2026/06/15 12:10:31 [notice] 1#1: signal 17 (SIGCHLD) received from 13434
2026/06/15 12:10:31 [notice] 1#1: unknown process 13434 exited with code 0
2026/06/15 12:11:02 [notice] 1#1: signal 17 (SIGCHLD) received from 13441
2026/06/15 12:11:02 [notice] 1#1: unknown process 13441 exited with code 0
2026/06/15 12:11:32 [notice] 1#1: signal 17 (SIGCHLD) received from 13448
2026/06/15 12:11:32 [notice] 1#1: unknown process 13448 exited with code 0
2026/06/15 12:12:02 [notice] 1#1: signal 17 (SIGCHLD) received from 13455
2026/06/15 12:12:02 [notice] 1#1: unknown process 13455 exited with code 0
2026/06/15 12:12:32 [notice] 1#1: signal 17 (SIGCHLD) received from 13462
2026/06/15 12:12:32 [notice] 1#1: unknown process 13462 exited with code 0
2026/06/15 12:13:03 [notice] 1#1: signal 17 (SIGCHLD) received from 13469
2026/06/15 12:13:03 [notice] 1#1: unknown process 13469 exited with code 0
2026/06/15 12:13:33 [notice] 1#1: signal 17 (SIGCHLD) received from 13476
2026/06/15 12:13:33 [notice] 1#1: unknown process 13476 exited with code 0
2026/06/15 12:14:03 [notice] 1#1: signal 17 (SIGCHLD) received from 13482
2026/06/15 12:14:03 [notice] 1#1: unknown process 13482 exited with code 0
2026/06/15 12:14:33 [notice] 1#1: signal 17 (SIGCHLD) received from 13489
2026/06/15 12:14:33 [notice] 1#1: unknown process 13489 exited with code 0
2026/06/15 12:15:04 [notice] 1#1: signal 17 (SIGCHLD) received from 13496
2026/06/15 12:15:04 [notice] 1#1: unknown process 13496 exited with code 0
2026/06/15 12:15:34 [notice] 1#1: signal 17 (SIGCHLD) received from 13503
2026/06/15 12:15:34 [notice] 1#1: unknown process 13503 exited with code 0
2026/06/15 12:16:04 [notice] 1#1: signal 17 (SIGCHLD) received from 13510
2026/06/15 12:16:04 [notice] 1#1: unknown process 13510 exited with code 0
2026/06/15 12:16:35 [notice] 1#1: signal 17 (SIGCHLD) received from 13517
2026/06/15 12:16:35 [notice] 1#1: unknown process 13517 exited with code 0
2026/06/15 12:17:05 [notice] 1#1: signal 17 (SIGCHLD) received from 13524
2026/06/15 12:17:05 [notice] 1#1: unknown process 13524 exited with code 0
2026/06/15 12:17:35 [notice] 1#1: signal 17 (SIGCHLD) received from 13531
2026/06/15 12:17:35 [notice] 1#1: unknown process 13531 exited with code 0
2026/06/15 12:18:05 [notice] 1#1: signal 17 (SIGCHLD) received from 13538
2026/06/15 12:18:05 [notice] 1#1: unknown process 13538 exited with code 0
2026/06/15 12:18:36 [notice] 1#1: signal 17 (SIGCHLD) received from 13545
2026/06/15 12:18:36 [notice] 1#1: unknown process 13545 exited with code 0
2026/06/15 12:19:06 [notice] 1#1: signal 17 (SIGCHLD) received from 13552
2026/06/15 12:19:06 [notice] 1#1: unknown process 13552 exited with code 0
2026/06/15 12:19:36 [notice] 1#1: signal 17 (SIGCHLD) received from 13559
2026/06/15 12:19:36 [notice] 1#1: unknown process 13559 exited with code 0
2026/06/15 12:20:07 [notice] 1#1: signal 17 (SIGCHLD) received from 13566
2026/06/15 12:20:07 [notice] 1#1: unknown process 13566 exited with code 0
2026/06/15 12:20:37 [notice] 1#1: signal 17 (SIGCHLD) received from 13572
2026/06/15 12:20:37 [notice] 1#1: unknown process 13572 exited with code 0
2026/06/15 12:21:07 [notice] 1#1: signal 17 (SIGCHLD) received from 13579
2026/06/15 12:21:07 [notice] 1#1: unknown process 13579 exited with code 0
2026/06/15 12:21:38 [notice] 1#1: signal 17 (SIGCHLD) received from 13586
2026/06/15 12:21:38 [notice] 1#1: unknown process 13586 exited with code 0
2026/06/15 12:22:08 [notice] 1#1: signal 17 (SIGCHLD) received from 13593
2026/06/15 12:22:08 [notice] 1#1: unknown process 13593 exited with code 0
2026/06/15 12:22:38 [notice] 1#1: signal 17 (SIGCHLD) received from 13600
2026/06/15 12:22:38 [notice] 1#1: unknown process 13600 exited with code 0
2026/06/15 12:23:08 [notice] 1#1: signal 17 (SIGCHLD) received from 13607
2026/06/15 12:23:08 [notice] 1#1: unknown process 13607 exited with code 0
2026/06/15 12:23:39 [notice] 1#1: signal 17 (SIGCHLD) received from 13614
2026/06/15 12:23:39 [notice] 1#1: unknown process 13614 exited with code 0
2026/06/15 12:24:09 [notice] 1#1: signal 17 (SIGCHLD) received from 13621
2026/06/15 12:24:09 [notice] 1#1: unknown process 13621 exited with code 0
2026/06/15 12:24:39 [notice] 1#1: signal 17 (SIGCHLD) received from 13628
2026/06/15 12:24:39 [notice] 1#1: unknown process 13628 exited with code 0
2026/06/15 12:25:10 [notice] 1#1: signal 17 (SIGCHLD) received from 13635
2026/06/15 12:25:10 [notice] 1#1: unknown process 13635 exited with code 0
2026/06/15 12:25:40 [notice] 1#1: signal 17 (SIGCHLD) received from 13642
2026/06/15 12:25:40 [notice] 1#1: unknown process 13642 exited with code 0
2026/06/15 12:26:10 [notice] 1#1: signal 17 (SIGCHLD) received from 13649
2026/06/15 12:26:10 [notice] 1#1: unknown process 13649 exited with code 0
2026/06/15 12:26:41 [notice] 1#1: signal 17 (SIGCHLD) received from 13656
2026/06/15 12:26:41 [notice] 1#1: unknown process 13656 exited with code 0
2026/06/15 12:27:11 [notice] 1#1: signal 17 (SIGCHLD) received from 13663
2026/06/15 12:27:11 [notice] 1#1: unknown process 13663 exited with code 0
2026/06/15 12:27:41 [notice] 1#1: signal 17 (SIGCHLD) received from 13670
2026/06/15 12:27:41 [notice] 1#1: unknown process 13670 exited with code 0
2026/06/15 12:28:12 [notice] 1#1: signal 17 (SIGCHLD) received from 13677
2026/06/15 12:28:12 [notice] 1#1: unknown process 13677 exited with code 0
2026/06/15 12:28:42 [notice] 1#1: signal 17 (SIGCHLD) received from 13684
2026/06/15 12:28:42 [notice] 1#1: unknown process 13684 exited with code 0
2026/06/15 12:29:12 [notice] 1#1: signal 17 (SIGCHLD) received from 13691
2026/06/15 12:29:12 [notice] 1#1: unknown process 13691 exited with code 0
2026/06/15 12:29:42 [notice] 1#1: signal 17 (SIGCHLD) received from 13698
2026/06/15 12:29:42 [notice] 1#1: unknown process 13698 exited with code 0
2026/06/15 12:30:13 [notice] 1#1: signal 17 (SIGCHLD) received from 13705
2026/06/15 12:30:13 [notice] 1#1: unknown process 13705 exited with code 0
2026/06/15 12:30:43 [notice] 1#1: signal 17 (SIGCHLD) received from 13712
2026/06/15 12:30:43 [notice] 1#1: unknown process 13712 exited with code 0
2026/06/15 12:31:13 [notice] 1#1: signal 17 (SIGCHLD) received from 13719
2026/06/15 12:31:13 [notice] 1#1: unknown process 13719 exited with code 0
2026/06/15 12:31:43 [notice] 1#1: signal 17 (SIGCHLD) received from 13726
2026/06/15 12:31:43 [notice] 1#1: unknown process 13726 exited with code 0
2026/06/15 12:32:14 [notice] 1#1: signal 17 (SIGCHLD) received from 13733
2026/06/15 12:32:14 [notice] 1#1: unknown process 13733 exited with code 0
2026/06/15 12:32:44 [notice] 1#1: signal 17 (SIGCHLD) received from 13740
2026/06/15 12:32:44 [notice] 1#1: unknown process 13740 exited with code 0
2026/06/15 12:33:14 [notice] 1#1: signal 17 (SIGCHLD) received from 13746
2026/06/15 12:33:14 [notice] 1#1: unknown process 13746 exited with code 0
2026/06/15 12:33:45 [notice] 1#1: signal 17 (SIGCHLD) received from 13753
2026/06/15 12:33:45 [notice] 1#1: unknown process 13753 exited with code 0
2026/06/15 12:34:15 [notice] 1#1: signal 17 (SIGCHLD) received from 13760
2026/06/15 12:34:15 [notice] 1#1: unknown process 13760 exited with code 0
2026/06/15 12:34:45 [notice] 1#1: signal 17 (SIGCHLD) received from 13767
2026/06/15 12:34:45 [notice] 1#1: unknown process 13767 exited with code 0
2026/06/15 12:35:15 [notice] 1#1: signal 17 (SIGCHLD) received from 13774
2026/06/15 12:35:15 [notice] 1#1: unknown process 13774 exited with code 0
2026/06/15 12:35:46 [notice] 1#1: signal 17 (SIGCHLD) received from 13781
2026/06/15 12:35:46 [notice] 1#1: unknown process 13781 exited with code 0
2026/06/15 12:36:16 [notice] 1#1: signal 17 (SIGCHLD) received from 13788
2026/06/15 12:36:16 [notice] 1#1: unknown process 13788 exited with code 0
2026/06/15 12:36:46 [notice] 1#1: signal 17 (SIGCHLD) received from 13795
2026/06/15 12:36:46 [notice] 1#1: unknown process 13795 exited with code 0
2026/06/15 12:37:17 [notice] 1#1: signal 17 (SIGCHLD) received from 13802
2026/06/15 12:37:17 [notice] 1#1: unknown process 13802 exited with code 0
2026/06/15 12:37:47 [notice] 1#1: signal 17 (SIGCHLD) received from 13809
2026/06/15 12:37:47 [notice] 1#1: unknown process 13809 exited with code 0
2026/06/15 12:38:17 [notice] 1#1: signal 17 (SIGCHLD) received from 13816
2026/06/15 12:38:17 [notice] 1#1: unknown process 13816 exited with code 0
2026/06/15 12:38:48 [notice] 1#1: signal 17 (SIGCHLD) received from 13823
2026/06/15 12:38:48 [notice] 1#1: unknown process 13823 exited with code 0
2026/06/15 12:39:18 [notice] 1#1: signal 17 (SIGCHLD) received from 13830
2026/06/15 12:39:18 [notice] 1#1: unknown process 13830 exited with code 0
2026/06/15 12:39:49 [notice] 1#1: signal 17 (SIGCHLD) received from 13836
2026/06/15 12:39:49 [notice] 1#1: unknown process 13836 exited with code 0
2026/06/15 12:40:19 [notice] 1#1: signal 17 (SIGCHLD) received from 13843
2026/06/15 12:40:19 [notice] 1#1: unknown process 13843 exited with code 0
2026/06/15 12:40:49 [notice] 1#1: signal 17 (SIGCHLD) received from 13850
2026/06/15 12:40:49 [notice] 1#1: unknown process 13850 exited with code 0
2026/06/15 12:41:19 [notice] 1#1: signal 17 (SIGCHLD) received from 13857
2026/06/15 12:41:19 [notice] 1#1: unknown process 13857 exited with code 0
2026/06/15 12:41:50 [notice] 1#1: signal 17 (SIGCHLD) received from 13864
2026/06/15 12:41:50 [notice] 1#1: unknown process 13864 exited with code 0
2026/06/15 12:42:20 [notice] 1#1: signal 17 (SIGCHLD) received from 13871
2026/06/15 12:42:20 [notice] 1#1: unknown process 13871 exited with code 0
2026/06/15 12:42:50 [notice] 1#1: signal 17 (SIGCHLD) received from 13878
2026/06/15 12:42:50 [notice] 1#1: unknown process 13878 exited with code 0
2026/06/15 12:43:21 [notice] 1#1: signal 17 (SIGCHLD) received from 13885
2026/06/15 12:43:21 [notice] 1#1: unknown process 13885 exited with code 0
2026/06/15 12:43:51 [notice] 1#1: signal 17 (SIGCHLD) received from 13892
2026/06/15 12:43:51 [notice] 1#1: unknown process 13892 exited with code 0
2026/06/15 12:44:21 [notice] 1#1: signal 17 (SIGCHLD) received from 13899
2026/06/15 12:44:21 [notice] 1#1: unknown process 13899 exited with code 0
2026/06/15 12:44:52 [notice] 1#1: signal 17 (SIGCHLD) received from 13906
2026/06/15 12:44:52 [notice] 1#1: unknown process 13906 exited with code 0
2026/06/15 12:45:22 [notice] 1#1: signal 17 (SIGCHLD) received from 13913
2026/06/15 12:45:22 [notice] 1#1: unknown process 13913 exited with code 0
2026/06/15 12:45:52 [notice] 1#1: signal 17 (SIGCHLD) received from 13920
2026/06/15 12:45:52 [notice] 1#1: unknown process 13920 exited with code 0
2026/06/15 12:46:22 [notice] 1#1: signal 17 (SIGCHLD) received from 13927
2026/06/15 12:46:22 [notice] 1#1: unknown process 13927 exited with code 0
2026/06/15 12:46:53 [notice] 1#1: signal 17 (SIGCHLD) received from 13934
2026/06/15 12:46:53 [notice] 1#1: unknown process 13934 exited with code 0
2026/06/15 12:47:23 [notice] 1#1: signal 17 (SIGCHLD) received from 13941
2026/06/15 12:47:23 [notice] 1#1: unknown process 13941 exited with code 0
2026/06/15 12:47:53 [notice] 1#1: signal 17 (SIGCHLD) received from 13948
2026/06/15 12:47:53 [notice] 1#1: unknown process 13948 exited with code 0
2026/06/15 12:48:24 [notice] 1#1: signal 17 (SIGCHLD) received from 13955
2026/06/15 12:48:24 [notice] 1#1: unknown process 13955 exited with code 0
2026/06/15 12:48:54 [notice] 1#1: signal 17 (SIGCHLD) received from 13962
2026/06/15 12:48:54 [notice] 1#1: unknown process 13962 exited with code 0
2026/06/15 12:49:24 [notice] 1#1: signal 17 (SIGCHLD) received from 13969
2026/06/15 12:49:24 [notice] 1#1: unknown process 13969 exited with code 0
2026/06/15 12:49:55 [notice] 1#1: signal 17 (SIGCHLD) received from 13976
2026/06/15 12:49:55 [notice] 1#1: unknown process 13976 exited with code 0
2026/06/15 12:50:25 [notice] 1#1: signal 17 (SIGCHLD) received from 13983
2026/06/15 12:50:25 [notice] 1#1: unknown process 13983 exited with code 0
2026/06/15 12:50:55 [notice] 1#1: signal 17 (SIGCHLD) received from 13990
2026/06/15 12:50:55 [notice] 1#1: unknown process 13990 exited with code 0
2026/06/15 12:51:25 [notice] 1#1: signal 17 (SIGCHLD) received from 13997
2026/06/15 12:51:25 [notice] 1#1: unknown process 13997 exited with code 0
2026/06/15 12:51:56 [notice] 1#1: signal 17 (SIGCHLD) received from 14004
2026/06/15 12:51:56 [notice] 1#1: unknown process 14004 exited with code 0
2026/06/15 12:52:26 [notice] 1#1: signal 17 (SIGCHLD) received from 14011
2026/06/15 12:52:26 [notice] 1#1: unknown process 14011 exited with code 0
2026/06/15 12:52:56 [notice] 1#1: signal 17 (SIGCHLD) received from 14019
2026/06/15 12:52:56 [notice] 1#1: unknown process 14019 exited with code 0
2026/06/15 12:53:26 [notice] 1#1: signal 17 (SIGCHLD) received from 14026
2026/06/15 12:53:26 [notice] 1#1: unknown process 14026 exited with code 0
2026/06/15 12:53:57 [notice] 1#1: signal 17 (SIGCHLD) received from 14033
2026/06/15 12:53:57 [notice] 1#1: unknown process 14033 exited with code 0
2026/06/15 12:54:27 [notice] 1#1: signal 17 (SIGCHLD) received from 14040
2026/06/15 12:54:27 [notice] 1#1: unknown process 14040 exited with code 0
2026/06/15 12:54:57 [notice] 1#1: signal 17 (SIGCHLD) received from 14047
2026/06/15 12:54:57 [notice] 1#1: unknown process 14047 exited with code 0
2026/06/15 12:55:28 [notice] 1#1: signal 17 (SIGCHLD) received from 14054
2026/06/15 12:55:28 [notice] 1#1: unknown process 14054 exited with code 0
2026/06/15 12:55:58 [notice] 1#1: signal 17 (SIGCHLD) received from 14061
2026/06/15 12:55:58 [notice] 1#1: unknown process 14061 exited with code 0
2026/06/15 12:56:28 [notice] 1#1: signal 17 (SIGCHLD) received from 14068
2026/06/15 12:56:28 [notice] 1#1: unknown process 14068 exited with code 0
2026/06/15 12:56:58 [notice] 1#1: signal 17 (SIGCHLD) received from 14075
2026/06/15 12:56:58 [notice] 1#1: unknown process 14075 exited with code 0
2026/06/15 12:57:29 [notice] 1#1: signal 17 (SIGCHLD) received from 14082
2026/06/15 12:57:29 [notice] 1#1: unknown process 14082 exited with code 0
2026/06/15 12:57:59 [notice] 1#1: signal 17 (SIGCHLD) received from 14089
2026/06/15 12:57:59 [notice] 1#1: unknown process 14089 exited with code 0
2026/06/15 12:58:29 [notice] 1#1: signal 17 (SIGCHLD) received from 14096
2026/06/15 12:58:29 [notice] 1#1: unknown process 14096 exited with code 0
2026/06/15 12:59:00 [notice] 1#1: signal 17 (SIGCHLD) received from 14103
2026/06/15 12:59:00 [notice] 1#1: unknown process 14103 exited with code 0
2026/06/15 12:59:30 [notice] 1#1: signal 17 (SIGCHLD) received from 14110
2026/06/15 12:59:30 [notice] 1#1: unknown process 14110 exited with code 0
2026/06/15 13:00:00 [notice] 1#1: signal 17 (SIGCHLD) received from 14117
2026/06/15 13:00:00 [notice] 1#1: unknown process 14117 exited with code 0
2026/06/15 13:00:30 [notice] 1#1: signal 17 (SIGCHLD) received from 14124
2026/06/15 13:00:30 [notice] 1#1: unknown process 14124 exited with code 0
2026/06/15 13:01:01 [notice] 1#1: signal 17 (SIGCHLD) received from 14131
2026/06/15 13:01:01 [notice] 1#1: unknown process 14131 exited with code 0
2026/06/15 13:01:31 [notice] 1#1: signal 17 (SIGCHLD) received from 14138
2026/06/15 13:01:31 [notice] 1#1: unknown process 14138 exited with code 0
2026/06/15 13:02:01 [notice] 1#1: signal 17 (SIGCHLD) received from 14145
2026/06/15 13:02:01 [notice] 1#1: unknown process 14145 exited with code 0
2026/06/15 13:02:31 [notice] 1#1: signal 17 (SIGCHLD) received from 14152
2026/06/15 13:02:31 [notice] 1#1: unknown process 14152 exited with code 0
2026/06/15 13:03:02 [notice] 1#1: signal 17 (SIGCHLD) received from 14159
2026/06/15 13:03:02 [notice] 1#1: unknown process 14159 exited with code 0
2026/06/15 13:03:32 [notice] 1#1: signal 17 (SIGCHLD) received from 14166
2026/06/15 13:03:32 [notice] 1#1: unknown process 14166 exited with code 0
2026/06/15 13:04:02 [notice] 1#1: signal 17 (SIGCHLD) received from 14173
2026/06/15 13:04:02 [notice] 1#1: unknown process 14173 exited with code 0
2026/06/15 13:04:32 [notice] 1#1: signal 17 (SIGCHLD) received from 14180
2026/06/15 13:04:32 [notice] 1#1: unknown process 14180 exited with code 0
2026/06/15 13:05:03 [notice] 1#1: signal 17 (SIGCHLD) received from 14187
2026/06/15 13:05:03 [notice] 1#1: unknown process 14187 exited with code 0
2026/06/15 13:05:33 [notice] 1#1: signal 17 (SIGCHLD) received from 14194
2026/06/15 13:05:33 [notice] 1#1: unknown process 14194 exited with code 0
2026/06/15 13:06:03 [notice] 1#1: signal 17 (SIGCHLD) received from 14201
2026/06/15 13:06:03 [notice] 1#1: unknown process 14201 exited with code 0
2026/06/15 13:06:34 [notice] 1#1: signal 17 (SIGCHLD) received from 14208
2026/06/15 13:06:34 [notice] 1#1: unknown process 14208 exited with code 0
2026/06/15 13:07:04 [notice] 1#1: signal 17 (SIGCHLD) received from 14215
2026/06/15 13:07:04 [notice] 1#1: unknown process 14215 exited with code 0
2026/06/15 13:07:34 [notice] 1#1: signal 17 (SIGCHLD) received from 14222
2026/06/15 13:07:34 [notice] 1#1: unknown process 14222 exited with code 0
2026/06/15 13:08:05 [notice] 1#1: signal 17 (SIGCHLD) received from 14229
2026/06/15 13:08:05 [notice] 1#1: unknown process 14229 exited with code 0
2026/06/15 13:08:35 [notice] 1#1: signal 17 (SIGCHLD) received from 14236
2026/06/15 13:08:35 [notice] 1#1: unknown process 14236 exited with code 0
2026/06/15 13:09:05 [notice] 1#1: signal 17 (SIGCHLD) received from 14243
2026/06/15 13:09:05 [notice] 1#1: unknown process 14243 exited with code 0
2026/06/15 13:09:35 [notice] 1#1: signal 17 (SIGCHLD) received from 14250
2026/06/15 13:09:35 [notice] 1#1: unknown process 14250 exited with code 0
2026/06/15 13:10:06 [notice] 1#1: signal 17 (SIGCHLD) received from 14257
2026/06/15 13:10:06 [notice] 1#1: unknown process 14257 exited with code 0
2026/06/15 13:10:36 [notice] 1#1: signal 17 (SIGCHLD) received from 14264
2026/06/15 13:10:36 [notice] 1#1: unknown process 14264 exited with code 0
2026/06/15 13:11:06 [notice] 1#1: signal 17 (SIGCHLD) received from 14271
2026/06/15 13:11:06 [notice] 1#1: unknown process 14271 exited with code 0
2026/06/15 13:11:37 [notice] 1#1: signal 17 (SIGCHLD) received from 14278
2026/06/15 13:11:37 [notice] 1#1: unknown process 14278 exited with code 0
2026/06/15 13:12:07 [notice] 1#1: signal 17 (SIGCHLD) received from 14285
2026/06/15 13:12:07 [notice] 1#1: unknown process 14285 exited with code 0
2026/06/15 13:12:37 [notice] 1#1: signal 17 (SIGCHLD) received from 14292
2026/06/15 13:12:37 [notice] 1#1: unknown process 14292 exited with code 0
2026/06/15 13:13:07 [notice] 1#1: signal 17 (SIGCHLD) received from 14298
2026/06/15 13:13:07 [notice] 1#1: unknown process 14298 exited with code 0
2026/06/15 13:13:38 [notice] 1#1: signal 17 (SIGCHLD) received from 14305
2026/06/15 13:13:38 [notice] 1#1: unknown process 14305 exited with code 0
2026/06/15 13:14:08 [notice] 1#1: signal 17 (SIGCHLD) received from 14312
2026/06/15 13:14:08 [notice] 1#1: unknown process 14312 exited with code 0
2026/06/15 13:14:38 [notice] 1#1: signal 17 (SIGCHLD) received from 14319
2026/06/15 13:14:38 [notice] 1#1: unknown process 14319 exited with code 0
2026/06/15 13:15:08 [notice] 1#1: signal 17 (SIGCHLD) received from 14326
2026/06/15 13:15:08 [notice] 1#1: unknown process 14326 exited with code 0
2026/06/15 13:15:39 [notice] 1#1: signal 17 (SIGCHLD) received from 14333
2026/06/15 13:15:39 [notice] 1#1: unknown process 14333 exited with code 0
2026/06/15 13:16:09 [notice] 1#1: signal 17 (SIGCHLD) received from 14340
2026/06/15 13:16:09 [notice] 1#1: unknown process 14340 exited with code 0
2026/06/15 13:16:39 [notice] 1#1: signal 17 (SIGCHLD) received from 14347
2026/06/15 13:16:39 [notice] 1#1: unknown process 14347 exited with code 0
2026/06/15 13:17:10 [notice] 1#1: signal 17 (SIGCHLD) received from 14354
2026/06/15 13:17:10 [notice] 1#1: unknown process 14354 exited with code 0
2026/06/15 13:17:40 [notice] 1#1: signal 17 (SIGCHLD) received from 14361
2026/06/15 13:17:40 [notice] 1#1: unknown process 14361 exited with code 0
2026/06/15 13:18:10 [notice] 1#1: signal 17 (SIGCHLD) received from 14368
2026/06/15 13:18:10 [notice] 1#1: unknown process 14368 exited with code 0
2026/06/15 13:18:41 [notice] 1#1: signal 17 (SIGCHLD) received from 14375
2026/06/15 13:18:41 [notice] 1#1: unknown process 14375 exited with code 0
2026/06/15 13:19:11 [notice] 1#1: signal 17 (SIGCHLD) received from 14382
2026/06/15 13:19:11 [notice] 1#1: unknown process 14382 exited with code 0
2026/06/15 13:19:41 [notice] 1#1: signal 17 (SIGCHLD) received from 14389
2026/06/15 13:19:41 [notice] 1#1: unknown process 14389 exited with code 0
2026/06/15 13:20:12 [notice] 1#1: signal 17 (SIGCHLD) received from 14396
2026/06/15 13:20:12 [notice] 1#1: unknown process 14396 exited with code 0
2026/06/15 13:20:42 [notice] 1#1: signal 17 (SIGCHLD) received from 14403
2026/06/15 13:20:42 [notice] 1#1: unknown process 14403 exited with code 0
2026/06/15 13:21:12 [notice] 1#1: signal 17 (SIGCHLD) received from 14410
2026/06/15 13:21:12 [notice] 1#1: unknown process 14410 exited with code 0
2026/06/15 13:21:42 [notice] 1#1: signal 17 (SIGCHLD) received from 14417
2026/06/15 13:21:42 [notice] 1#1: unknown process 14417 exited with code 0
2026/06/15 13:22:13 [notice] 1#1: signal 17 (SIGCHLD) received from 14424
2026/06/15 13:22:13 [notice] 1#1: unknown process 14424 exited with code 0
2026/06/15 13:22:43 [notice] 1#1: signal 17 (SIGCHLD) received from 14431
2026/06/15 13:22:43 [notice] 1#1: unknown process 14431 exited with code 0
2026/06/15 13:23:13 [notice] 1#1: signal 17 (SIGCHLD) received from 14438
2026/06/15 13:23:13 [notice] 1#1: unknown process 14438 exited with code 0
2026/06/15 13:23:43 [notice] 1#1: signal 17 (SIGCHLD) received from 14445
2026/06/15 13:23:43 [notice] 1#1: unknown process 14445 exited with code 0
2026/06/15 13:24:14 [notice] 1#1: signal 17 (SIGCHLD) received from 14452
2026/06/15 13:24:14 [notice] 1#1: unknown process 14452 exited with code 0
2026/06/15 13:24:44 [notice] 1#1: signal 17 (SIGCHLD) received from 14459
2026/06/15 13:24:44 [notice] 1#1: unknown process 14459 exited with code 0
2026/06/15 13:25:14 [notice] 1#1: signal 17 (SIGCHLD) received from 14466
2026/06/15 13:25:14 [notice] 1#1: unknown process 14466 exited with code 0
2026/06/15 13:25:45 [notice] 1#1: signal 17 (SIGCHLD) received from 14473
2026/06/15 13:25:45 [notice] 1#1: unknown process 14473 exited with code 0
2026/06/15 13:26:15 [notice] 1#1: signal 17 (SIGCHLD) received from 14480
2026/06/15 13:26:15 [notice] 1#1: unknown process 14480 exited with code 0
2026/06/15 13:26:45 [notice] 1#1: signal 17 (SIGCHLD) received from 14487
2026/06/15 13:26:45 [notice] 1#1: unknown process 14487 exited with code 0
2026/06/15 13:27:16 [notice] 1#1: signal 17 (SIGCHLD) received from 14494
2026/06/15 13:27:16 [notice] 1#1: unknown process 14494 exited with code 0
2026/06/15 13:27:46 [notice] 1#1: signal 17 (SIGCHLD) received from 14501
2026/06/15 13:27:46 [notice] 1#1: unknown process 14501 exited with code 0
2026/06/15 13:28:16 [notice] 1#1: signal 17 (SIGCHLD) received from 14508
2026/06/15 13:28:16 [notice] 1#1: unknown process 14508 exited with code 0
2026/06/15 13:28:46 [notice] 1#1: signal 17 (SIGCHLD) received from 14515
2026/06/15 13:28:46 [notice] 1#1: unknown process 14515 exited with code 0
2026/06/15 13:29:17 [notice] 1#1: signal 17 (SIGCHLD) received from 14522
2026/06/15 13:29:17 [notice] 1#1: unknown process 14522 exited with code 0
2026/06/15 13:29:47 [notice] 1#1: signal 17 (SIGCHLD) received from 14529
2026/06/15 13:29:47 [notice] 1#1: unknown process 14529 exited with code 0
2026/06/15 13:30:17 [notice] 1#1: signal 17 (SIGCHLD) received from 14536
2026/06/15 13:30:17 [notice] 1#1: unknown process 14536 exited with code 0
2026/06/15 13:30:47 [notice] 1#1: signal 17 (SIGCHLD) received from 14543
2026/06/15 13:30:47 [notice] 1#1: unknown process 14543 exited with code 0
2026/06/15 13:31:18 [notice] 1#1: signal 17 (SIGCHLD) received from 14550
2026/06/15 13:31:18 [notice] 1#1: unknown process 14550 exited with code 0
2026/06/15 13:31:48 [notice] 1#1: signal 17 (SIGCHLD) received from 14557
2026/06/15 13:31:48 [notice] 1#1: unknown process 14557 exited with code 0
2026/06/15 13:32:18 [notice] 1#1: signal 17 (SIGCHLD) received from 14564
2026/06/15 13:32:18 [notice] 1#1: unknown process 14564 exited with code 0
2026/06/15 13:32:48 [notice] 1#1: signal 17 (SIGCHLD) received from 14571
2026/06/15 13:32:48 [notice] 1#1: unknown process 14571 exited with code 0
2026/06/15 13:33:19 [notice] 1#1: signal 17 (SIGCHLD) received from 14578
2026/06/15 13:33:19 [notice] 1#1: unknown process 14578 exited with code 0
2026/06/15 13:33:49 [notice] 1#1: signal 17 (SIGCHLD) received from 14585
2026/06/15 13:33:49 [notice] 1#1: unknown process 14585 exited with code 0
2026/06/15 13:34:19 [notice] 1#1: signal 17 (SIGCHLD) received from 14592
2026/06/15 13:34:19 [notice] 1#1: unknown process 14592 exited with code 0
2026/06/15 13:34:50 [notice] 1#1: signal 17 (SIGCHLD) received from 14599
2026/06/15 13:34:50 [notice] 1#1: unknown process 14599 exited with code 0
2026/06/15 13:35:20 [notice] 1#1: signal 17 (SIGCHLD) received from 14606
2026/06/15 13:35:20 [notice] 1#1: unknown process 14606 exited with code 0
2026/06/15 13:35:50 [notice] 1#1: signal 17 (SIGCHLD) received from 14613
2026/06/15 13:35:50 [notice] 1#1: unknown process 14613 exited with code 0
2026/06/15 13:36:21 [notice] 1#1: signal 17 (SIGCHLD) received from 14620
2026/06/15 13:36:21 [notice] 1#1: unknown process 14620 exited with code 0
2026/06/15 13:36:51 [notice] 1#1: signal 17 (SIGCHLD) received from 14627
2026/06/15 13:36:51 [notice] 1#1: unknown process 14627 exited with code 0
2026/06/15 13:37:21 [notice] 1#1: signal 17 (SIGCHLD) received from 14634
2026/06/15 13:37:21 [notice] 1#1: unknown process 14634 exited with code 0
2026/06/15 13:37:51 [notice] 1#1: signal 17 (SIGCHLD) received from 14641
2026/06/15 13:37:51 [notice] 1#1: unknown process 14641 exited with code 0
2026/06/15 13:38:22 [notice] 1#1: signal 17 (SIGCHLD) received from 14648
2026/06/15 13:38:22 [notice] 1#1: unknown process 14648 exited with code 0
2026/06/15 13:38:52 [notice] 1#1: signal 17 (SIGCHLD) received from 14655
2026/06/15 13:38:52 [notice] 1#1: unknown process 14655 exited with code 0
2026/06/15 13:39:22 [notice] 1#1: signal 17 (SIGCHLD) received from 14662
2026/06/15 13:39:22 [notice] 1#1: unknown process 14662 exited with code 0
2026/06/15 13:39:53 [notice] 1#1: signal 17 (SIGCHLD) received from 14669
2026/06/15 13:39:53 [notice] 1#1: unknown process 14669 exited with code 0
2026/06/15 13:40:23 [notice] 1#1: signal 17 (SIGCHLD) received from 14676
2026/06/15 13:40:23 [notice] 1#1: unknown process 14676 exited with code 0
2026/06/15 13:40:53 [notice] 1#1: signal 17 (SIGCHLD) received from 14683
2026/06/15 13:40:53 [notice] 1#1: unknown process 14683 exited with code 0
2026/06/15 13:41:23 [notice] 1#1: signal 17 (SIGCHLD) received from 14689
2026/06/15 13:41:23 [notice] 1#1: unknown process 14689 exited with code 0
2026/06/15 13:41:54 [notice] 1#1: signal 17 (SIGCHLD) received from 14696
2026/06/15 13:41:54 [notice] 1#1: unknown process 14696 exited with code 0
2026/06/15 13:42:24 [notice] 1#1: signal 17 (SIGCHLD) received from 14703
2026/06/15 13:42:24 [notice] 1#1: unknown process 14703 exited with code 0
2026/06/15 13:42:54 [notice] 1#1: signal 17 (SIGCHLD) received from 14710
2026/06/15 13:42:54 [notice] 1#1: unknown process 14710 exited with code 0
2026/06/15 13:43:25 [notice] 1#1: signal 17 (SIGCHLD) received from 14717
2026/06/15 13:43:25 [notice] 1#1: unknown process 14717 exited with code 0
2026/06/15 13:43:55 [notice] 1#1: signal 17 (SIGCHLD) received from 14724
2026/06/15 13:43:55 [notice] 1#1: unknown process 14724 exited with code 0
2026/06/15 13:44:25 [notice] 1#1: signal 17 (SIGCHLD) received from 14731
2026/06/15 13:44:25 [notice] 1#1: unknown process 14731 exited with code 0
2026/06/15 13:44:55 [notice] 1#1: signal 17 (SIGCHLD) received from 14738
2026/06/15 13:44:55 [notice] 1#1: unknown process 14738 exited with code 0
2026/06/15 13:45:26 [notice] 1#1: signal 17 (SIGCHLD) received from 14744
2026/06/15 13:45:26 [notice] 1#1: unknown process 14744 exited with code 0
2026/06/15 13:45:56 [notice] 1#1: signal 17 (SIGCHLD) received from 14751
2026/06/15 13:45:56 [notice] 1#1: unknown process 14751 exited with code 0
2026/06/15 13:46:26 [notice] 1#1: signal 17 (SIGCHLD) received from 14758
2026/06/15 13:46:26 [notice] 1#1: unknown process 14758 exited with code 0
2026/06/15 13:46:57 [notice] 1#1: signal 17 (SIGCHLD) received from 14765
2026/06/15 13:46:57 [notice] 1#1: unknown process 14765 exited with code 0
2026/06/15 13:47:27 [notice] 1#1: signal 17 (SIGCHLD) received from 14772
2026/06/15 13:47:27 [notice] 1#1: unknown process 14772 exited with code 0
2026/06/15 13:47:57 [notice] 1#1: signal 17 (SIGCHLD) received from 14779
2026/06/15 13:47:57 [notice] 1#1: unknown process 14779 exited with code 0
2026/06/15 13:48:27 [notice] 1#1: signal 17 (SIGCHLD) received from 14786
2026/06/15 13:48:27 [notice] 1#1: unknown process 14786 exited with code 0
2026/06/15 13:48:58 [notice] 1#1: signal 17 (SIGCHLD) received from 14793
2026/06/15 13:48:58 [notice] 1#1: unknown process 14793 exited with code 0
2026/06/15 13:49:28 [notice] 1#1: signal 17 (SIGCHLD) received from 14800
2026/06/15 13:49:28 [notice] 1#1: unknown process 14800 exited with code 0
2026/06/15 13:49:58 [notice] 1#1: signal 17 (SIGCHLD) received from 14807
2026/06/15 13:49:58 [notice] 1#1: unknown process 14807 exited with code 0
2026/06/15 13:50:29 [notice] 1#1: signal 17 (SIGCHLD) received from 14814
2026/06/15 13:50:29 [notice] 1#1: unknown process 14814 exited with code 0
2026/06/15 13:50:59 [notice] 1#1: signal 17 (SIGCHLD) received from 14821
2026/06/15 13:50:59 [notice] 1#1: unknown process 14821 exited with code 0
2026/06/15 13:51:29 [notice] 1#1: signal 17 (SIGCHLD) received from 14828
2026/06/15 13:51:29 [notice] 1#1: unknown process 14828 exited with code 0
2026/06/15 13:51:59 [notice] 1#1: signal 17 (SIGCHLD) received from 14835
2026/06/15 13:51:59 [notice] 1#1: unknown process 14835 exited with code 0
2026/06/15 13:52:30 [notice] 1#1: signal 17 (SIGCHLD) received from 14842
2026/06/15 13:52:30 [notice] 1#1: unknown process 14842 exited with code 0
2026/06/15 13:53:00 [notice] 1#1: signal 17 (SIGCHLD) received from 14849
2026/06/15 13:53:00 [notice] 1#1: unknown process 14849 exited with code 0
2026/06/15 13:53:30 [notice] 1#1: signal 17 (SIGCHLD) received from 14856
2026/06/15 13:53:30 [notice] 1#1: unknown process 14856 exited with code 0
2026/06/15 13:54:01 [notice] 1#1: signal 17 (SIGCHLD) received from 14863
2026/06/15 13:54:01 [notice] 1#1: unknown process 14863 exited with code 0
2026/06/15 13:54:31 [notice] 1#1: signal 17 (SIGCHLD) received from 14870
2026/06/15 13:54:31 [notice] 1#1: unknown process 14870 exited with code 0
2026/06/15 13:55:01 [notice] 1#1: signal 17 (SIGCHLD) received from 14877
2026/06/15 13:55:01 [notice] 1#1: unknown process 14877 exited with code 0
2026/06/15 13:55:31 [notice] 1#1: signal 17 (SIGCHLD) received from 14884
2026/06/15 13:55:31 [notice] 1#1: unknown process 14884 exited with code 0
2026/06/15 13:56:02 [notice] 1#1: signal 17 (SIGCHLD) received from 14891
2026/06/15 13:56:02 [notice] 1#1: unknown process 14891 exited with code 0
2026/06/15 13:56:32 [notice] 1#1: signal 17 (SIGCHLD) received from 14898
2026/06/15 13:56:32 [notice] 1#1: unknown process 14898 exited with code 0
2026/06/15 13:57:02 [notice] 1#1: signal 17 (SIGCHLD) received from 14905
2026/06/15 13:57:02 [notice] 1#1: unknown process 14905 exited with code 0
2026/06/15 13:57:33 [notice] 1#1: signal 17 (SIGCHLD) received from 14912
2026/06/15 13:57:33 [notice] 1#1: unknown process 14912 exited with code 0
2026/06/15 13:58:03 [notice] 1#1: signal 17 (SIGCHLD) received from 14919
2026/06/15 13:58:03 [notice] 1#1: unknown process 14919 exited with code 0
2026/06/15 13:58:33 [notice] 1#1: signal 17 (SIGCHLD) received from 14926
2026/06/15 13:58:33 [notice] 1#1: unknown process 14926 exited with code 0
2026/06/15 13:59:03 [notice] 1#1: signal 17 (SIGCHLD) received from 14933
2026/06/15 13:59:03 [notice] 1#1: unknown process 14933 exited with code 0
2026/06/15 13:59:34 [notice] 1#1: signal 17 (SIGCHLD) received from 14940
2026/06/15 13:59:34 [notice] 1#1: unknown process 14940 exited with code 0
2026/06/15 14:00:04 [notice] 1#1: signal 17 (SIGCHLD) received from 14947
2026/06/15 14:00:04 [notice] 1#1: unknown process 14947 exited with code 0
2026/06/15 14:00:34 [notice] 1#1: signal 17 (SIGCHLD) received from 14954
2026/06/15 14:00:34 [notice] 1#1: unknown process 14954 exited with code 0
2026/06/15 14:01:05 [notice] 1#1: signal 17 (SIGCHLD) received from 14961
2026/06/15 14:01:05 [notice] 1#1: unknown process 14961 exited with code 0
2026/06/15 14:01:35 [notice] 1#1: signal 17 (SIGCHLD) received from 14968
2026/06/15 14:01:35 [notice] 1#1: unknown process 14968 exited with code 0
2026/06/15 14:02:05 [notice] 1#1: signal 17 (SIGCHLD) received from 14975
2026/06/15 14:02:05 [notice] 1#1: unknown process 14975 exited with code 0
2026/06/15 14:02:35 [notice] 1#1: signal 17 (SIGCHLD) received from 14982
2026/06/15 14:02:35 [notice] 1#1: unknown process 14982 exited with code 0
2026/06/15 14:03:06 [notice] 1#1: signal 17 (SIGCHLD) received from 14989
2026/06/15 14:03:06 [notice] 1#1: unknown process 14989 exited with code 0
2026/06/15 14:03:36 [notice] 1#1: signal 17 (SIGCHLD) received from 14996
2026/06/15 14:03:36 [notice] 1#1: unknown process 14996 exited with code 0
2026/06/15 14:04:06 [notice] 1#1: signal 17 (SIGCHLD) received from 15003
2026/06/15 14:04:06 [notice] 1#1: unknown process 15003 exited with code 0
2026/06/15 14:04:37 [notice] 1#1: signal 17 (SIGCHLD) received from 15010
2026/06/15 14:04:37 [notice] 1#1: unknown process 15010 exited with code 0
2026/06/15 14:05:07 [notice] 1#1: signal 17 (SIGCHLD) received from 15017
2026/06/15 14:05:07 [notice] 1#1: unknown process 15017 exited with code 0
2026/06/15 14:05:37 [notice] 1#1: signal 17 (SIGCHLD) received from 15024
2026/06/15 14:05:37 [notice] 1#1: unknown process 15024 exited with code 0
2026/06/15 14:06:08 [notice] 1#1: signal 17 (SIGCHLD) received from 15031
2026/06/15 14:06:08 [notice] 1#1: unknown process 15031 exited with code 0
2026/06/15 14:06:38 [notice] 1#1: signal 17 (SIGCHLD) received from 15038
2026/06/15 14:06:38 [notice] 1#1: unknown process 15038 exited with code 0
2026/06/15 14:07:08 [notice] 1#1: signal 17 (SIGCHLD) received from 15045
2026/06/15 14:07:08 [notice] 1#1: unknown process 15045 exited with code 0
2026/06/15 14:07:38 [notice] 1#1: signal 17 (SIGCHLD) received from 15052
2026/06/15 14:07:38 [notice] 1#1: unknown process 15052 exited with code 0
2026/06/15 14:08:09 [notice] 1#1: signal 17 (SIGCHLD) received from 15059
2026/06/15 14:08:09 [notice] 1#1: unknown process 15059 exited with code 0
2026/06/15 14:08:39 [notice] 1#1: signal 17 (SIGCHLD) received from 15066
2026/06/15 14:08:39 [notice] 1#1: unknown process 15066 exited with code 0
2026/06/15 14:09:09 [notice] 1#1: signal 17 (SIGCHLD) received from 15073
2026/06/15 14:09:09 [notice] 1#1: unknown process 15073 exited with code 0
2026/06/15 14:09:40 [notice] 1#1: signal 17 (SIGCHLD) received from 15080
2026/06/15 14:09:40 [notice] 1#1: unknown process 15080 exited with code 0
2026/06/15 14:10:10 [notice] 1#1: signal 17 (SIGCHLD) received from 15087
2026/06/15 14:10:10 [notice] 1#1: unknown process 15087 exited with code 0
2026/06/15 14:10:40 [notice] 1#1: signal 17 (SIGCHLD) received from 15094
2026/06/15 14:10:40 [notice] 1#1: unknown process 15094 exited with code 0
2026/06/15 14:11:11 [notice] 1#1: signal 17 (SIGCHLD) received from 15101
2026/06/15 14:11:11 [notice] 1#1: unknown process 15101 exited with code 0
2026/06/15 14:11:41 [notice] 1#1: signal 17 (SIGCHLD) received from 15108
2026/06/15 14:11:41 [notice] 1#1: unknown process 15108 exited with code 0
2026/06/15 14:12:12 [notice] 1#1: signal 17 (SIGCHLD) received from 15115
2026/06/15 14:12:12 [notice] 1#1: unknown process 15115 exited with code 0
2026/06/15 14:12:42 [notice] 1#1: signal 17 (SIGCHLD) received from 15122
2026/06/15 14:12:42 [notice] 1#1: unknown process 15122 exited with code 0
2026/06/15 14:13:12 [notice] 1#1: signal 17 (SIGCHLD) received from 15129
2026/06/15 14:13:12 [notice] 1#1: unknown process 15129 exited with code 0
2026/06/15 14:13:42 [notice] 1#1: signal 17 (SIGCHLD) received from 15136
2026/06/15 14:13:42 [notice] 1#1: unknown process 15136 exited with code 0
2026/06/15 14:14:13 [notice] 1#1: signal 17 (SIGCHLD) received from 15143
2026/06/15 14:14:13 [notice] 1#1: unknown process 15143 exited with code 0
2026/06/15 14:14:43 [notice] 1#1: signal 17 (SIGCHLD) received from 15150
2026/06/15 14:14:43 [notice] 1#1: unknown process 15150 exited with code 0
2026/06/15 14:15:14 [notice] 1#1: signal 17 (SIGCHLD) received from 15157
2026/06/15 14:15:14 [notice] 1#1: unknown process 15157 exited with code 0
2026/06/15 14:15:44 [notice] 1#1: signal 17 (SIGCHLD) received from 15164
2026/06/15 14:15:44 [notice] 1#1: unknown process 15164 exited with code 0
2026/06/15 14:16:14 [notice] 1#1: signal 17 (SIGCHLD) received from 15171
2026/06/15 14:16:14 [notice] 1#1: unknown process 15171 exited with code 0
2026/06/15 14:16:45 [notice] 1#1: signal 17 (SIGCHLD) received from 15178
2026/06/15 14:16:45 [notice] 1#1: unknown process 15178 exited with code 0
2026/06/15 14:17:15 [notice] 1#1: signal 17 (SIGCHLD) received from 15185
2026/06/15 14:17:15 [notice] 1#1: unknown process 15185 exited with code 0
2026/06/15 14:17:45 [notice] 1#1: signal 17 (SIGCHLD) received from 15192
2026/06/15 14:17:45 [notice] 1#1: unknown process 15192 exited with code 0
2026/06/15 14:18:16 [notice] 1#1: signal 17 (SIGCHLD) received from 15199
2026/06/15 14:18:16 [notice] 1#1: unknown process 15199 exited with code 0
2026/06/15 14:18:46 [notice] 1#1: signal 17 (SIGCHLD) received from 15206
2026/06/15 14:18:46 [notice] 1#1: unknown process 15206 exited with code 0
2026/06/15 14:19:16 [notice] 1#1: signal 17 (SIGCHLD) received from 15213
2026/06/15 14:19:16 [notice] 1#1: unknown process 15213 exited with code 0
2026/06/15 14:19:47 [notice] 1#1: signal 17 (SIGCHLD) received from 15220
2026/06/15 14:19:47 [notice] 1#1: unknown process 15220 exited with code 0
2026/06/15 14:20:17 [notice] 1#1: signal 17 (SIGCHLD) received from 15227
2026/06/15 14:20:17 [notice] 1#1: unknown process 15227 exited with code 0
2026/06/15 14:20:47 [notice] 1#1: signal 17 (SIGCHLD) received from 15234
2026/06/15 14:20:47 [notice] 1#1: unknown process 15234 exited with code 0
2026/06/15 14:21:18 [notice] 1#1: signal 17 (SIGCHLD) received from 15241
2026/06/15 14:21:18 [notice] 1#1: unknown process 15241 exited with code 0
2026/06/15 14:21:48 [notice] 1#1: signal 17 (SIGCHLD) received from 15248
2026/06/15 14:21:48 [notice] 1#1: unknown process 15248 exited with code 0
2026/06/15 14:22:18 [notice] 1#1: signal 17 (SIGCHLD) received from 15255
2026/06/15 14:22:18 [notice] 1#1: unknown process 15255 exited with code 0
2026/06/15 14:22:48 [notice] 1#1: signal 17 (SIGCHLD) received from 15262
2026/06/15 14:22:48 [notice] 1#1: unknown process 15262 exited with code 0
2026/06/15 14:23:19 [notice] 1#1: signal 17 (SIGCHLD) received from 15269
2026/06/15 14:23:19 [notice] 1#1: unknown process 15269 exited with code 0
2026/06/15 14:23:49 [notice] 1#1: signal 17 (SIGCHLD) received from 15276
2026/06/15 14:23:49 [notice] 1#1: unknown process 15276 exited with code 0
2026/06/15 14:24:19 [notice] 1#1: signal 17 (SIGCHLD) received from 15283
2026/06/15 14:24:19 [notice] 1#1: unknown process 15283 exited with code 0
2026/06/15 14:24:50 [notice] 1#1: signal 17 (SIGCHLD) received from 15290
2026/06/15 14:24:50 [notice] 1#1: unknown process 15290 exited with code 0
2026/06/15 14:25:20 [notice] 1#1: signal 17 (SIGCHLD) received from 15297
2026/06/15 14:25:20 [notice] 1#1: unknown process 15297 exited with code 0
2026/06/15 14:25:50 [notice] 1#1: signal 17 (SIGCHLD) received from 15304
2026/06/15 14:25:50 [notice] 1#1: unknown process 15304 exited with code 0
2026/06/15 14:26:21 [notice] 1#1: signal 17 (SIGCHLD) received from 15311
2026/06/15 14:26:21 [notice] 1#1: unknown process 15311 exited with code 0
2026/06/15 14:26:51 [notice] 1#1: signal 17 (SIGCHLD) received from 15318
2026/06/15 14:26:51 [notice] 1#1: unknown process 15318 exited with code 0
2026/06/15 14:27:21 [notice] 1#1: signal 17 (SIGCHLD) received from 15325
2026/06/15 14:27:21 [notice] 1#1: unknown process 15325 exited with code 0
2026/06/15 14:27:51 [notice] 1#1: signal 17 (SIGCHLD) received from 15332
2026/06/15 14:27:51 [notice] 1#1: unknown process 15332 exited with code 0
2026/06/15 14:28:22 [notice] 1#1: signal 17 (SIGCHLD) received from 15339
2026/06/15 14:28:22 [notice] 1#1: unknown process 15339 exited with code 0
2026/06/15 14:28:52 [notice] 1#1: signal 17 (SIGCHLD) received from 15346
2026/06/15 14:28:52 [notice] 1#1: unknown process 15346 exited with code 0
2026/06/15 14:29:22 [notice] 1#1: signal 17 (SIGCHLD) received from 15353
2026/06/15 14:29:22 [notice] 1#1: unknown process 15353 exited with code 0
2026/06/15 14:29:52 [notice] 1#1: signal 17 (SIGCHLD) received from 15360
2026/06/15 14:29:52 [notice] 1#1: unknown process 15360 exited with code 0
2026/06/15 14:30:23 [notice] 1#1: signal 17 (SIGCHLD) received from 15367
2026/06/15 14:30:23 [notice] 1#1: unknown process 15367 exited with code 0
2026/06/15 14:30:53 [notice] 1#1: signal 17 (SIGCHLD) received from 15374
2026/06/15 14:30:53 [notice] 1#1: unknown process 15374 exited with code 0
2026/06/15 14:31:23 [notice] 1#1: signal 17 (SIGCHLD) received from 15381
2026/06/15 14:31:23 [notice] 1#1: unknown process 15381 exited with code 0
2026/06/15 14:31:54 [notice] 1#1: signal 17 (SIGCHLD) received from 15388
2026/06/15 14:31:54 [notice] 1#1: unknown process 15388 exited with code 0
2026/06/15 14:32:24 [notice] 1#1: signal 17 (SIGCHLD) received from 15395
2026/06/15 14:32:24 [notice] 1#1: unknown process 15395 exited with code 0
2026/06/15 14:32:54 [notice] 1#1: signal 17 (SIGCHLD) received from 15402
2026/06/15 14:32:54 [notice] 1#1: unknown process 15402 exited with code 0
2026/06/15 14:33:25 [notice] 1#1: signal 17 (SIGCHLD) received from 15409
2026/06/15 14:33:25 [notice] 1#1: unknown process 15409 exited with code 0
2026/06/15 14:33:55 [notice] 1#1: signal 17 (SIGCHLD) received from 15416
2026/06/15 14:33:55 [notice] 1#1: unknown process 15416 exited with code 0
2026/06/15 14:34:25 [notice] 1#1: signal 17 (SIGCHLD) received from 15423
2026/06/15 14:34:25 [notice] 1#1: unknown process 15423 exited with code 0
2026/06/15 14:34:56 [notice] 1#1: signal 17 (SIGCHLD) received from 15430
2026/06/15 14:34:56 [notice] 1#1: unknown process 15430 exited with code 0
2026/06/15 14:35:26 [notice] 1#1: signal 17 (SIGCHLD) received from 15437
2026/06/15 14:35:26 [notice] 1#1: unknown process 15437 exited with code 0
2026/06/15 14:35:56 [notice] 1#1: signal 17 (SIGCHLD) received from 15444
2026/06/15 14:35:56 [notice] 1#1: unknown process 15444 exited with code 0
2026/06/15 14:36:26 [notice] 1#1: signal 17 (SIGCHLD) received from 15451
2026/06/15 14:36:26 [notice] 1#1: unknown process 15451 exited with code 0
2026/06/15 14:36:57 [notice] 1#1: signal 17 (SIGCHLD) received from 15458
2026/06/15 14:36:57 [notice] 1#1: unknown process 15458 exited with code 0
2026/06/15 14:37:27 [notice] 1#1: signal 17 (SIGCHLD) received from 15465
2026/06/15 14:37:27 [notice] 1#1: unknown process 15465 exited with code 0
2026/06/15 14:37:57 [notice] 1#1: signal 17 (SIGCHLD) received from 15472
2026/06/15 14:37:57 [notice] 1#1: unknown process 15472 exited with code 0
2026/06/15 14:38:28 [notice] 1#1: signal 17 (SIGCHLD) received from 15479
2026/06/15 14:38:28 [notice] 1#1: unknown process 15479 exited with code 0
2026/06/15 14:38:58 [notice] 1#1: signal 17 (SIGCHLD) received from 15486
2026/06/15 14:38:58 [notice] 1#1: unknown process 15486 exited with code 0
2026/06/15 14:39:28 [notice] 1#1: signal 17 (SIGCHLD) received from 15493
2026/06/15 14:39:28 [notice] 1#1: unknown process 15493 exited with code 0
2026/06/15 14:39:59 [notice] 1#1: signal 17 (SIGCHLD) received from 15500
2026/06/15 14:39:59 [notice] 1#1: unknown process 15500 exited with code 0
2026/06/15 14:40:29 [notice] 1#1: signal 17 (SIGCHLD) received from 15507
2026/06/15 14:40:29 [notice] 1#1: unknown process 15507 exited with code 0
2026/06/15 14:40:59 [notice] 1#1: signal 17 (SIGCHLD) received from 15514
2026/06/15 14:40:59 [notice] 1#1: unknown process 15514 exited with code 0
2026/06/15 14:41:30 [notice] 1#1: signal 17 (SIGCHLD) received from 15521
2026/06/15 14:41:30 [notice] 1#1: unknown process 15521 exited with code 0
2026/06/15 14:42:00 [notice] 1#1: signal 17 (SIGCHLD) received from 15528
2026/06/15 14:42:00 [notice] 1#1: unknown process 15528 exited with code 0
2026/06/15 14:42:31 [notice] 1#1: signal 17 (SIGCHLD) received from 15535
2026/06/15 14:42:31 [notice] 1#1: unknown process 15535 exited with code 0
2026/06/15 14:43:01 [notice] 1#1: signal 17 (SIGCHLD) received from 15542
2026/06/15 14:43:01 [notice] 1#1: unknown process 15542 exited with code 0
2026/06/15 14:43:31 [notice] 1#1: signal 17 (SIGCHLD) received from 15549
2026/06/15 14:43:31 [notice] 1#1: unknown process 15549 exited with code 0
2026/06/15 14:44:01 [notice] 1#1: signal 17 (SIGCHLD) received from 15556
2026/06/15 14:44:01 [notice] 1#1: unknown process 15556 exited with code 0
2026/06/15 14:44:32 [notice] 1#1: signal 17 (SIGCHLD) received from 15563
2026/06/15 14:44:32 [notice] 1#1: unknown process 15563 exited with code 0
2026/06/15 14:45:02 [notice] 1#1: signal 17 (SIGCHLD) received from 15570
2026/06/15 14:45:02 [notice] 1#1: unknown process 15570 exited with code 0
2026/06/15 14:45:32 [notice] 1#1: signal 17 (SIGCHLD) received from 15577
2026/06/15 14:45:32 [notice] 1#1: unknown process 15577 exited with code 0
2026/06/15 14:46:03 [notice] 1#1: signal 17 (SIGCHLD) received from 15584
2026/06/15 14:46:03 [notice] 1#1: unknown process 15584 exited with code 0
2026/06/15 14:46:33 [notice] 1#1: signal 17 (SIGCHLD) received from 15591
2026/06/15 14:46:33 [notice] 1#1: unknown process 15591 exited with code 0
2026/06/15 14:47:03 [notice] 1#1: signal 17 (SIGCHLD) received from 15598
2026/06/15 14:47:03 [notice] 1#1: unknown process 15598 exited with code 0
2026/06/15 14:47:34 [notice] 1#1: signal 17 (SIGCHLD) received from 15605
2026/06/15 14:47:34 [notice] 1#1: unknown process 15605 exited with code 0
2026/06/15 14:48:04 [notice] 1#1: signal 17 (SIGCHLD) received from 15612
2026/06/15 14:48:04 [notice] 1#1: unknown process 15612 exited with code 0
2026/06/15 14:48:34 [notice] 1#1: signal 17 (SIGCHLD) received from 15618
2026/06/15 14:48:34 [notice] 1#1: unknown process 15618 exited with code 0
2026/06/15 14:49:04 [notice] 1#1: signal 17 (SIGCHLD) received from 15625
2026/06/15 14:49:04 [notice] 1#1: unknown process 15625 exited with code 0
2026/06/15 14:49:35 [notice] 1#1: signal 17 (SIGCHLD) received from 15632
2026/06/15 14:49:35 [notice] 1#1: unknown process 15632 exited with code 0
2026/06/15 14:50:05 [notice] 1#1: signal 17 (SIGCHLD) received from 15639
2026/06/15 14:50:05 [notice] 1#1: unknown process 15639 exited with code 0
2026/06/15 14:50:35 [notice] 1#1: signal 17 (SIGCHLD) received from 15646
2026/06/15 14:50:35 [notice] 1#1: unknown process 15646 exited with code 0
2026/06/15 14:51:06 [notice] 1#1: signal 17 (SIGCHLD) received from 15653
2026/06/15 14:51:06 [notice] 1#1: unknown process 15653 exited with code 0
2026/06/15 14:51:36 [notice] 1#1: signal 17 (SIGCHLD) received from 15660
2026/06/15 14:51:36 [notice] 1#1: unknown process 15660 exited with code 0
2026/06/15 14:52:07 [notice] 1#1: signal 17 (SIGCHLD) received from 15667
2026/06/15 14:52:07 [notice] 1#1: unknown process 15667 exited with code 0
2026/06/15 14:52:37 [notice] 1#1: signal 17 (SIGCHLD) received from 15674
2026/06/15 14:52:37 [notice] 1#1: unknown process 15674 exited with code 0
2026/06/15 14:53:07 [notice] 1#1: signal 17 (SIGCHLD) received from 15681
2026/06/15 14:53:07 [notice] 1#1: unknown process 15681 exited with code 0
2026/06/15 14:53:37 [notice] 1#1: signal 17 (SIGCHLD) received from 15688
2026/06/15 14:53:37 [notice] 1#1: unknown process 15688 exited with code 0
2026/06/15 14:54:08 [notice] 1#1: signal 17 (SIGCHLD) received from 15695
2026/06/15 14:54:08 [notice] 1#1: unknown process 15695 exited with code 0
2026/06/15 14:54:38 [notice] 1#1: signal 17 (SIGCHLD) received from 15702
2026/06/15 14:54:38 [notice] 1#1: unknown process 15702 exited with code 0
2026/06/15 14:55:08 [notice] 1#1: signal 17 (SIGCHLD) received from 15709
2026/06/15 14:55:08 [notice] 1#1: unknown process 15709 exited with code 0
2026/06/15 14:55:39 [notice] 1#1: signal 17 (SIGCHLD) received from 15716
2026/06/15 14:55:39 [notice] 1#1: unknown process 15716 exited with code 0
2026/06/15 14:56:09 [notice] 1#1: signal 17 (SIGCHLD) received from 15723
2026/06/15 14:56:09 [notice] 1#1: unknown process 15723 exited with code 0
2026/06/15 14:56:39 [notice] 1#1: signal 17 (SIGCHLD) received from 15730
2026/06/15 14:56:39 [notice] 1#1: unknown process 15730 exited with code 0
2026/06/15 14:57:10 [notice] 1#1: signal 17 (SIGCHLD) received from 15737
2026/06/15 14:57:10 [notice] 1#1: unknown process 15737 exited with code 0
2026/06/15 14:57:40 [notice] 1#1: signal 17 (SIGCHLD) received from 15744
2026/06/15 14:57:40 [notice] 1#1: unknown process 15744 exited with code 0
2026/06/15 14:58:10 [notice] 1#1: signal 17 (SIGCHLD) received from 15751
2026/06/15 14:58:10 [notice] 1#1: unknown process 15751 exited with code 0
2026/06/15 14:58:41 [notice] 1#1: signal 17 (SIGCHLD) received from 15758
2026/06/15 14:58:41 [notice] 1#1: unknown process 15758 exited with code 0
2026/06/15 14:59:11 [notice] 1#1: signal 17 (SIGCHLD) received from 15765
2026/06/15 14:59:11 [notice] 1#1: unknown process 15765 exited with code 0
2026/06/15 14:59:41 [notice] 1#1: signal 17 (SIGCHLD) received from 15772
2026/06/15 14:59:41 [notice] 1#1: unknown process 15772 exited with code 0
2026/06/15 15:00:12 [notice] 1#1: signal 17 (SIGCHLD) received from 15779
2026/06/15 15:00:12 [notice] 1#1: unknown process 15779 exited with code 0
2026/06/15 15:00:42 [notice] 1#1: signal 17 (SIGCHLD) received from 15786
2026/06/15 15:00:42 [notice] 1#1: unknown process 15786 exited with code 0
2026/06/15 15:01:12 [notice] 1#1: signal 17 (SIGCHLD) received from 15793
2026/06/15 15:01:12 [notice] 1#1: unknown process 15793 exited with code 0
2026/06/15 15:01:43 [notice] 1#1: signal 17 (SIGCHLD) received from 15800
2026/06/15 15:01:43 [notice] 1#1: unknown process 15800 exited with code 0
2026/06/15 15:02:13 [notice] 1#1: signal 17 (SIGCHLD) received from 15807
2026/06/15 15:02:13 [notice] 1#1: unknown process 15807 exited with code 0
2026/06/15 15:02:43 [notice] 1#1: signal 17 (SIGCHLD) received from 15814
2026/06/15 15:02:43 [notice] 1#1: unknown process 15814 exited with code 0
2026/06/15 15:03:14 [notice] 1#1: signal 17 (SIGCHLD) received from 15821
2026/06/15 15:03:14 [notice] 1#1: unknown process 15821 exited with code 0
2026/06/15 15:03:44 [notice] 1#1: signal 17 (SIGCHLD) received from 15828
2026/06/15 15:03:44 [notice] 1#1: unknown process 15828 exited with code 0
2026/06/15 15:04:14 [notice] 1#1: signal 17 (SIGCHLD) received from 15835
2026/06/15 15:04:14 [notice] 1#1: unknown process 15835 exited with code 0
2026/06/15 15:04:45 [notice] 1#1: signal 17 (SIGCHLD) received from 15842
2026/06/15 15:04:45 [notice] 1#1: unknown process 15842 exited with code 0
2026/06/15 15:05:15 [notice] 1#1: signal 17 (SIGCHLD) received from 15849
2026/06/15 15:05:15 [notice] 1#1: unknown process 15849 exited with code 0
2026/06/15 15:05:45 [notice] 1#1: signal 17 (SIGCHLD) received from 15856
2026/06/15 15:05:45 [notice] 1#1: unknown process 15856 exited with code 0
2026/06/15 15:06:16 [notice] 1#1: signal 17 (SIGCHLD) received from 15863
2026/06/15 15:06:16 [notice] 1#1: unknown process 15863 exited with code 0
2026/06/15 15:06:46 [notice] 1#1: signal 17 (SIGCHLD) received from 15870
2026/06/15 15:06:46 [notice] 1#1: unknown process 15870 exited with code 0
2026/06/15 15:07:16 [notice] 1#1: signal 17 (SIGCHLD) received from 15877
2026/06/15 15:07:16 [notice] 1#1: unknown process 15877 exited with code 0
2026/06/15 15:07:46 [notice] 1#1: signal 17 (SIGCHLD) received from 15884
2026/06/15 15:07:46 [notice] 1#1: unknown process 15884 exited with code 0
2026/06/15 15:08:17 [notice] 1#1: signal 17 (SIGCHLD) received from 15891
2026/06/15 15:08:17 [notice] 1#1: unknown process 15891 exited with code 0
2026/06/15 15:08:47 [notice] 1#1: signal 17 (SIGCHLD) received from 15898
2026/06/15 15:08:47 [notice] 1#1: unknown process 15898 exited with code 0
2026/06/15 15:09:17 [notice] 1#1: signal 17 (SIGCHLD) received from 15905
2026/06/15 15:09:17 [notice] 1#1: unknown process 15905 exited with code 0
2026/06/15 15:09:48 [notice] 1#1: signal 17 (SIGCHLD) received from 15912
2026/06/15 15:09:48 [notice] 1#1: unknown process 15912 exited with code 0
2026/06/15 15:10:18 [notice] 1#1: signal 17 (SIGCHLD) received from 15919
2026/06/15 15:10:18 [notice] 1#1: unknown process 15919 exited with code 0
2026/06/15 15:10:48 [notice] 1#1: signal 17 (SIGCHLD) received from 15926
2026/06/15 15:10:48 [notice] 1#1: unknown process 15926 exited with code 0
2026/06/15 15:11:19 [notice] 1#1: signal 17 (SIGCHLD) received from 15933
2026/06/15 15:11:19 [notice] 1#1: unknown process 15933 exited with code 0
2026/06/15 15:11:50 [notice] 1#1: signal 17 (SIGCHLD) received from 15940
2026/06/15 15:11:50 [notice] 1#1: unknown process 15940 exited with code 0
2026/06/15 15:12:21 [notice] 1#1: signal 17 (SIGCHLD) received from 15947
2026/06/15 15:12:21 [notice] 1#1: unknown process 15947 exited with code 0
2026/06/15 15:12:51 [notice] 1#1: signal 17 (SIGCHLD) received from 15954
2026/06/15 15:12:51 [notice] 1#1: unknown process 15954 exited with code 0
2026/06/15 15:13:22 [notice] 1#1: signal 17 (SIGCHLD) received from 15961
2026/06/15 15:13:22 [notice] 1#1: unknown process 15961 exited with code 0
2026/06/15 15:13:52 [notice] 1#1: signal 17 (SIGCHLD) received from 15968
2026/06/15 15:13:52 [notice] 1#1: unknown process 15968 exited with code 0
2026/06/15 15:14:22 [notice] 1#1: signal 17 (SIGCHLD) received from 15975
2026/06/15 15:14:22 [notice] 1#1: unknown process 15975 exited with code 0
2026/06/15 15:14:53 [notice] 1#1: signal 17 (SIGCHLD) received from 15982
2026/06/15 15:14:53 [notice] 1#1: unknown process 15982 exited with code 0
2026/06/15 15:15:23 [notice] 1#1: signal 17 (SIGCHLD) received from 15989
2026/06/15 15:15:23 [notice] 1#1: unknown process 15989 exited with code 0
2026/06/15 15:15:54 [notice] 1#1: signal 17 (SIGCHLD) received from 15996
2026/06/15 15:15:54 [notice] 1#1: unknown process 15996 exited with code 0
2026/06/15 15:16:24 [notice] 1#1: signal 17 (SIGCHLD) received from 16003
2026/06/15 15:16:24 [notice] 1#1: unknown process 16003 exited with code 0
2026/06/15 15:16:55 [notice] 1#1: signal 17 (SIGCHLD) received from 16010
2026/06/15 15:16:55 [notice] 1#1: unknown process 16010 exited with code 0
2026/06/15 15:17:25 [notice] 1#1: signal 17 (SIGCHLD) received from 16017
2026/06/15 15:17:25 [notice] 1#1: unknown process 16017 exited with code 0
2026/06/15 15:17:56 [notice] 1#1: signal 17 (SIGCHLD) received from 16024
2026/06/15 15:17:56 [notice] 1#1: unknown process 16024 exited with code 0
2026/06/15 15:18:27 [notice] 1#1: signal 17 (SIGCHLD) received from 16031
2026/06/15 15:18:27 [notice] 1#1: unknown process 16031 exited with code 0
2026/06/15 15:18:57 [notice] 1#1: signal 17 (SIGCHLD) received from 16038
2026/06/15 15:18:57 [notice] 1#1: unknown process 16038 exited with code 0
2026/06/15 15:19:28 [notice] 1#1: signal 17 (SIGCHLD) received from 16045
2026/06/15 15:19:28 [notice] 1#1: unknown process 16045 exited with code 0
2026/06/15 15:19:58 [notice] 1#1: signal 17 (SIGCHLD) received from 16052
2026/06/15 15:19:58 [notice] 1#1: unknown process 16052 exited with code 0
2026/06/15 15:20:28 [notice] 1#1: signal 17 (SIGCHLD) received from 16059
2026/06/15 15:20:28 [notice] 1#1: unknown process 16059 exited with code 0
2026/06/15 15:20:58 [notice] 1#1: signal 17 (SIGCHLD) received from 16066
2026/06/15 15:20:58 [notice] 1#1: unknown process 16066 exited with code 0
2026/06/15 15:21:29 [notice] 1#1: signal 17 (SIGCHLD) received from 16073
2026/06/15 15:21:29 [notice] 1#1: unknown process 16073 exited with code 0
2026/06/15 15:21:59 [notice] 1#1: signal 17 (SIGCHLD) received from 16080
2026/06/15 15:21:59 [notice] 1#1: unknown process 16080 exited with code 0
2026/06/15 15:22:29 [notice] 1#1: signal 17 (SIGCHLD) received from 16087
2026/06/15 15:22:29 [notice] 1#1: unknown process 16087 exited with code 0
2026/06/15 15:23:00 [notice] 1#1: signal 17 (SIGCHLD) received from 16094
2026/06/15 15:23:00 [notice] 1#1: unknown process 16094 exited with code 0
2026/06/15 15:23:30 [notice] 1#1: signal 17 (SIGCHLD) received from 16101
2026/06/15 15:23:30 [notice] 1#1: unknown process 16101 exited with code 0
2026/06/15 15:24:00 [notice] 1#1: signal 17 (SIGCHLD) received from 16108
2026/06/15 15:24:00 [notice] 1#1: unknown process 16108 exited with code 0
2026/06/15 15:24:31 [notice] 1#1: signal 17 (SIGCHLD) received from 16115
2026/06/15 15:24:31 [notice] 1#1: unknown process 16115 exited with code 0
2026/06/15 15:25:01 [notice] 1#1: signal 17 (SIGCHLD) received from 16122
2026/06/15 15:25:01 [notice] 1#1: unknown process 16122 exited with code 0
2026/06/15 15:25:31 [notice] 1#1: signal 17 (SIGCHLD) received from 16129
2026/06/15 15:25:31 [notice] 1#1: unknown process 16129 exited with code 0
2026/06/15 15:26:02 [notice] 1#1: signal 17 (SIGCHLD) received from 16136
2026/06/15 15:26:02 [notice] 1#1: unknown process 16136 exited with code 0
2026/06/15 15:26:32 [notice] 1#1: signal 17 (SIGCHLD) received from 16143
2026/06/15 15:26:32 [notice] 1#1: unknown process 16143 exited with code 0
2026/06/15 15:27:02 [notice] 1#1: signal 17 (SIGCHLD) received from 16150
2026/06/15 15:27:02 [notice] 1#1: unknown process 16150 exited with code 0
2026/06/15 15:27:33 [notice] 1#1: signal 17 (SIGCHLD) received from 16157
2026/06/15 15:27:33 [notice] 1#1: unknown process 16157 exited with code 0
2026/06/15 15:28:03 [notice] 1#1: signal 17 (SIGCHLD) received from 16164
2026/06/15 15:28:03 [notice] 1#1: unknown process 16164 exited with code 0
2026/06/15 15:28:33 [notice] 1#1: signal 17 (SIGCHLD) received from 16171
2026/06/15 15:28:33 [notice] 1#1: unknown process 16171 exited with code 0
2026/06/15 15:29:04 [notice] 1#1: signal 17 (SIGCHLD) received from 16179
2026/06/15 15:29:04 [notice] 1#1: unknown process 16179 exited with code 0
2026/06/15 15:29:34 [notice] 1#1: signal 17 (SIGCHLD) received from 16186
2026/06/15 15:29:34 [notice] 1#1: unknown process 16186 exited with code 0
2026/06/15 15:30:04 [notice] 1#1: signal 17 (SIGCHLD) received from 16193
2026/06/15 15:30:04 [notice] 1#1: unknown process 16193 exited with code 0
2026/06/15 15:30:35 [notice] 1#1: signal 17 (SIGCHLD) received from 16199
2026/06/15 15:30:35 [notice] 1#1: unknown process 16199 exited with code 0
2026/06/15 15:31:05 [notice] 1#1: signal 17 (SIGCHLD) received from 16206
2026/06/15 15:31:05 [notice] 1#1: unknown process 16206 exited with code 0
2026/06/15 15:31:35 [notice] 1#1: signal 17 (SIGCHLD) received from 16213
2026/06/15 15:31:35 [notice] 1#1: unknown process 16213 exited with code 0
2026/06/15 15:32:05 [notice] 1#1: signal 17 (SIGCHLD) received from 16220
2026/06/15 15:32:05 [notice] 1#1: unknown process 16220 exited with code 0
2026/06/15 15:32:36 [notice] 1#1: signal 17 (SIGCHLD) received from 16227
2026/06/15 15:32:36 [notice] 1#1: unknown process 16227 exited with code 0
2026/06/15 15:33:06 [notice] 1#1: signal 17 (SIGCHLD) received from 16234
2026/06/15 15:33:06 [notice] 1#1: unknown process 16234 exited with code 0
2026/06/15 15:33:36 [notice] 1#1: signal 17 (SIGCHLD) received from 16241
2026/06/15 15:33:36 [notice] 1#1: unknown process 16241 exited with code 0
2026/06/15 15:34:07 [notice] 1#1: signal 17 (SIGCHLD) received from 16248
2026/06/15 15:34:07 [notice] 1#1: unknown process 16248 exited with code 0
2026/06/15 15:34:37 [notice] 1#1: signal 17 (SIGCHLD) received from 16255
2026/06/15 15:34:37 [notice] 1#1: unknown process 16255 exited with code 0
2026/06/15 15:35:07 [notice] 1#1: signal 17 (SIGCHLD) received from 16262
2026/06/15 15:35:07 [notice] 1#1: unknown process 16262 exited with code 0
2026/06/15 15:35:38 [notice] 1#1: signal 17 (SIGCHLD) received from 16269
2026/06/15 15:35:38 [notice] 1#1: unknown process 16269 exited with code 0
2026/06/15 15:36:08 [notice] 1#1: signal 17 (SIGCHLD) received from 16276
2026/06/15 15:36:08 [notice] 1#1: unknown process 16276 exited with code 0
2026/06/15 15:36:39 [notice] 1#1: signal 17 (SIGCHLD) received from 16283
2026/06/15 15:36:39 [notice] 1#1: unknown process 16283 exited with code 0
2026/06/15 15:37:09 [notice] 1#1: signal 17 (SIGCHLD) received from 16290
2026/06/15 15:37:09 [notice] 1#1: unknown process 16290 exited with code 0
2026/06/15 15:37:39 [notice] 1#1: signal 17 (SIGCHLD) received from 16297
2026/06/15 15:37:39 [notice] 1#1: unknown process 16297 exited with code 0
2026/06/15 15:38:10 [notice] 1#1: signal 17 (SIGCHLD) received from 16304
2026/06/15 15:38:10 [notice] 1#1: unknown process 16304 exited with code 0
2026/06/15 15:38:40 [notice] 1#1: signal 17 (SIGCHLD) received from 16311
2026/06/15 15:38:40 [notice] 1#1: unknown process 16311 exited with code 0
2026/06/15 15:39:10 [notice] 1#1: signal 17 (SIGCHLD) received from 16319
2026/06/15 15:39:10 [notice] 1#1: unknown process 16319 exited with code 0
2026/06/15 15:39:41 [notice] 1#1: signal 17 (SIGCHLD) received from 16326
2026/06/15 15:39:41 [notice] 1#1: unknown process 16326 exited with code 0
2026/06/15 15:40:11 [notice] 1#1: signal 17 (SIGCHLD) received from 16333
2026/06/15 15:40:11 [notice] 1#1: unknown process 16333 exited with code 0
2026/06/15 15:40:41 [notice] 1#1: signal 17 (SIGCHLD) received from 16340
2026/06/15 15:40:41 [notice] 1#1: unknown process 16340 exited with code 0
2026/06/15 15:41:12 [notice] 1#1: signal 17 (SIGCHLD) received from 16347
2026/06/15 15:41:12 [notice] 1#1: unknown process 16347 exited with code 0
2026/06/15 15:41:42 [notice] 1#1: signal 17 (SIGCHLD) received from 16354
2026/06/15 15:41:42 [notice] 1#1: unknown process 16354 exited with code 0
2026/06/15 15:42:12 [notice] 1#1: signal 17 (SIGCHLD) received from 16361
2026/06/15 15:42:12 [notice] 1#1: unknown process 16361 exited with code 0
2026/06/15 15:42:43 [notice] 1#1: signal 17 (SIGCHLD) received from 16368
2026/06/15 15:42:43 [notice] 1#1: unknown process 16368 exited with code 0
2026/06/15 15:43:13 [notice] 1#1: signal 17 (SIGCHLD) received from 16375
2026/06/15 15:43:13 [notice] 1#1: unknown process 16375 exited with code 0
2026/06/15 15:43:43 [notice] 1#1: signal 17 (SIGCHLD) received from 16382
2026/06/15 15:43:43 [notice] 1#1: unknown process 16382 exited with code 0
2026/06/15 15:44:14 [notice] 1#1: signal 17 (SIGCHLD) received from 16389
2026/06/15 15:44:14 [notice] 1#1: unknown process 16389 exited with code 0
2026/06/15 15:44:44 [notice] 1#1: signal 17 (SIGCHLD) received from 16396
2026/06/15 15:44:44 [notice] 1#1: unknown process 16396 exited with code 0
2026/06/15 15:45:15 [notice] 1#1: signal 17 (SIGCHLD) received from 16403
2026/06/15 15:45:15 [notice] 1#1: unknown process 16403 exited with code 0
2026/06/15 15:45:45 [notice] 1#1: signal 17 (SIGCHLD) received from 16410
2026/06/15 15:45:45 [notice] 1#1: unknown process 16410 exited with code 0
2026/06/15 15:46:15 [notice] 1#1: signal 17 (SIGCHLD) received from 16417
2026/06/15 15:46:15 [notice] 1#1: unknown process 16417 exited with code 0
2026/06/15 15:46:46 [notice] 1#1: signal 17 (SIGCHLD) received from 16424
2026/06/15 15:46:46 [notice] 1#1: unknown process 16424 exited with code 0
2026/06/15 15:47:16 [notice] 1#1: signal 17 (SIGCHLD) received from 16431
2026/06/15 15:47:16 [notice] 1#1: unknown process 16431 exited with code 0
2026/06/15 15:47:47 [notice] 1#1: signal 17 (SIGCHLD) received from 16438
2026/06/15 15:47:47 [notice] 1#1: unknown process 16438 exited with code 0
2026/06/15 15:48:17 [notice] 1#1: signal 17 (SIGCHLD) received from 16445
2026/06/15 15:48:17 [notice] 1#1: unknown process 16445 exited with code 0
2026/06/15 15:48:47 [notice] 1#1: signal 17 (SIGCHLD) received from 16452
2026/06/15 15:48:47 [notice] 1#1: unknown process 16452 exited with code 0
2026/06/15 15:49:18 [notice] 1#1: signal 17 (SIGCHLD) received from 16459
2026/06/15 15:49:18 [notice] 1#1: unknown process 16459 exited with code 0
2026/06/15 15:49:48 [notice] 1#1: signal 17 (SIGCHLD) received from 16466
2026/06/15 15:49:48 [notice] 1#1: unknown process 16466 exited with code 0
2026/06/15 15:50:19 [notice] 1#1: signal 17 (SIGCHLD) received from 16473
2026/06/15 15:50:19 [notice] 1#1: unknown process 16473 exited with code 0
2026/06/15 15:50:49 [notice] 1#1: signal 17 (SIGCHLD) received from 16480
2026/06/15 15:50:49 [notice] 1#1: unknown process 16480 exited with code 0
2026/06/15 15:51:19 [notice] 1#1: signal 17 (SIGCHLD) received from 16487
2026/06/15 15:51:19 [notice] 1#1: unknown process 16487 exited with code 0
2026/06/15 15:51:50 [notice] 1#1: signal 17 (SIGCHLD) received from 16494
2026/06/15 15:51:50 [notice] 1#1: unknown process 16494 exited with code 0
2026/06/15 15:52:20 [notice] 1#1: signal 17 (SIGCHLD) received from 16501
2026/06/15 15:52:20 [notice] 1#1: unknown process 16501 exited with code 0
2026/06/15 15:52:50 [notice] 1#1: signal 17 (SIGCHLD) received from 16508
2026/06/15 15:52:50 [notice] 1#1: unknown process 16508 exited with code 0
2026/06/15 15:53:21 [notice] 1#1: signal 17 (SIGCHLD) received from 16515
2026/06/15 15:53:21 [notice] 1#1: unknown process 16515 exited with code 0
2026/06/15 15:53:51 [notice] 1#1: signal 17 (SIGCHLD) received from 16522
2026/06/15 15:53:51 [notice] 1#1: unknown process 16522 exited with code 0
2026/06/15 15:54:22 [notice] 1#1: signal 17 (SIGCHLD) received from 16529
2026/06/15 15:54:22 [notice] 1#1: unknown process 16529 exited with code 0
2026/06/15 15:54:52 [notice] 1#1: signal 17 (SIGCHLD) received from 16536
2026/06/15 15:54:52 [notice] 1#1: unknown process 16536 exited with code 0
2026/06/15 15:55:22 [notice] 1#1: signal 17 (SIGCHLD) received from 16543
2026/06/15 15:55:22 [notice] 1#1: unknown process 16543 exited with code 0
2026/06/15 15:55:53 [notice] 1#1: signal 17 (SIGCHLD) received from 16550
2026/06/15 15:55:53 [notice] 1#1: unknown process 16550 exited with code 0
2026/06/15 15:56:23 [notice] 1#1: signal 17 (SIGCHLD) received from 16557
2026/06/15 15:56:23 [notice] 1#1: unknown process 16557 exited with code 0
2026/06/15 15:56:53 [notice] 1#1: signal 17 (SIGCHLD) received from 16564
2026/06/15 15:56:53 [notice] 1#1: unknown process 16564 exited with code 0
2026/06/15 15:57:24 [notice] 1#1: signal 17 (SIGCHLD) received from 16571
2026/06/15 15:57:24 [notice] 1#1: unknown process 16571 exited with code 0
2026/06/15 15:57:54 [notice] 1#1: signal 17 (SIGCHLD) received from 16578
2026/06/15 15:57:54 [notice] 1#1: unknown process 16578 exited with code 0
2026/06/15 15:58:24 [notice] 1#1: signal 17 (SIGCHLD) received from 16585
2026/06/15 15:58:24 [notice] 1#1: unknown process 16585 exited with code 0
2026/06/15 15:58:55 [notice] 1#1: signal 17 (SIGCHLD) received from 16592
2026/06/15 15:58:55 [notice] 1#1: unknown process 16592 exited with code 0
2026/06/15 15:59:25 [notice] 1#1: signal 17 (SIGCHLD) received from 16599
2026/06/15 15:59:25 [notice] 1#1: unknown process 16599 exited with code 0
2026/06/15 15:59:56 [notice] 1#1: signal 17 (SIGCHLD) received from 16606
2026/06/15 15:59:56 [notice] 1#1: unknown process 16606 exited with code 0
2026/06/15 16:00:26 [notice] 1#1: signal 17 (SIGCHLD) received from 16613
2026/06/15 16:00:26 [notice] 1#1: unknown process 16613 exited with code 0
2026/06/15 16:00:56 [notice] 1#1: signal 17 (SIGCHLD) received from 16620
2026/06/15 16:00:56 [notice] 1#1: unknown process 16620 exited with code 0
2026/06/15 16:01:27 [notice] 1#1: signal 17 (SIGCHLD) received from 16627
2026/06/15 16:01:27 [notice] 1#1: unknown process 16627 exited with code 0
2026/06/15 16:01:57 [notice] 1#1: signal 17 (SIGCHLD) received from 16634
2026/06/15 16:01:57 [notice] 1#1: unknown process 16634 exited with code 0
2026/06/15 16:02:27 [notice] 1#1: signal 17 (SIGCHLD) received from 16641
2026/06/15 16:02:27 [notice] 1#1: unknown process 16641 exited with code 0
2026/06/15 16:02:58 [notice] 1#1: signal 17 (SIGCHLD) received from 16648
2026/06/15 16:02:58 [notice] 1#1: unknown process 16648 exited with code 0
2026/06/15 16:03:28 [notice] 1#1: signal 17 (SIGCHLD) received from 16655
2026/06/15 16:03:28 [notice] 1#1: unknown process 16655 exited with code 0
2026/06/15 16:03:58 [notice] 1#1: signal 17 (SIGCHLD) received from 16662
2026/06/15 16:03:58 [notice] 1#1: unknown process 16662 exited with code 0
2026/06/15 16:04:29 [notice] 1#1: signal 17 (SIGCHLD) received from 16669
2026/06/15 16:04:29 [notice] 1#1: unknown process 16669 exited with code 0
2026/06/15 16:04:59 [notice] 1#1: signal 17 (SIGCHLD) received from 16676
2026/06/15 16:04:59 [notice] 1#1: unknown process 16676 exited with code 0
2026/06/15 16:05:30 [notice] 1#1: signal 17 (SIGCHLD) received from 16683
2026/06/15 16:05:30 [notice] 1#1: unknown process 16683 exited with code 0
2026/06/15 16:06:00 [notice] 1#1: signal 17 (SIGCHLD) received from 16690
2026/06/15 16:06:00 [notice] 1#1: unknown process 16690 exited with code 0
2026/06/15 16:06:30 [notice] 1#1: signal 17 (SIGCHLD) received from 16697
2026/06/15 16:06:30 [notice] 1#1: unknown process 16697 exited with code 0
2026/06/15 16:07:01 [notice] 1#1: signal 17 (SIGCHLD) received from 16704
2026/06/15 16:07:01 [notice] 1#1: unknown process 16704 exited with code 0
2026/06/15 16:07:31 [notice] 1#1: signal 17 (SIGCHLD) received from 16711
2026/06/15 16:07:31 [notice] 1#1: unknown process 16711 exited with code 0
2026/06/15 16:08:01 [notice] 1#1: signal 17 (SIGCHLD) received from 16718
2026/06/15 16:08:01 [notice] 1#1: unknown process 16718 exited with code 0
2026/06/15 16:08:32 [notice] 1#1: signal 17 (SIGCHLD) received from 16725
2026/06/15 16:08:32 [notice] 1#1: unknown process 16725 exited with code 0
2026/06/15 16:09:02 [notice] 1#1: signal 17 (SIGCHLD) received from 16732
2026/06/15 16:09:02 [notice] 1#1: unknown process 16732 exited with code 0
2026/06/15 16:09:34 [notice] 1#1: signal 17 (SIGCHLD) received from 16739
2026/06/15 16:09:34 [notice] 1#1: unknown process 16739 exited with code 0
2026/06/15 16:10:04 [notice] 1#1: signal 17 (SIGCHLD) received from 16746
2026/06/15 16:10:04 [notice] 1#1: unknown process 16746 exited with code 0
2026/06/15 16:10:35 [notice] 1#1: signal 17 (SIGCHLD) received from 16753
2026/06/15 16:10:35 [notice] 1#1: unknown process 16753 exited with code 0
2026/06/15 16:11:05 [notice] 1#1: signal 17 (SIGCHLD) received from 16760
2026/06/15 16:11:05 [notice] 1#1: unknown process 16760 exited with code 0
2026/06/15 16:11:36 [notice] 1#1: signal 17 (SIGCHLD) received from 16767
2026/06/15 16:11:36 [notice] 1#1: unknown process 16767 exited with code 0
2026/06/15 16:12:06 [notice] 1#1: signal 17 (SIGCHLD) received from 16774
2026/06/15 16:12:06 [notice] 1#1: unknown process 16774 exited with code 0
2026/06/15 16:12:37 [notice] 1#1: signal 17 (SIGCHLD) received from 16781
2026/06/15 16:12:37 [notice] 1#1: unknown process 16781 exited with code 0
2026/06/15 16:13:07 [notice] 1#1: signal 17 (SIGCHLD) received from 16788
2026/06/15 16:13:07 [notice] 1#1: unknown process 16788 exited with code 0
2026/06/15 16:13:38 [notice] 1#1: signal 17 (SIGCHLD) received from 16795
2026/06/15 16:13:38 [notice] 1#1: unknown process 16795 exited with code 0
2026/06/15 16:14:09 [notice] 1#1: signal 17 (SIGCHLD) received from 16802
2026/06/15 16:14:09 [notice] 1#1: unknown process 16802 exited with code 0
2026/06/15 16:14:42 [notice] 1#1: signal 17 (SIGCHLD) received from 16809
2026/06/15 16:14:42 [notice] 1#1: unknown process 16809 exited with code 0
2026/06/15 16:15:14 [notice] 1#1: signal 17 (SIGCHLD) received from 16816
2026/06/15 16:15:14 [notice] 1#1: unknown process 16816 exited with code 0
2026/06/15 16:15:45 [notice] 1#1: signal 17 (SIGCHLD) received from 16823
2026/06/15 16:15:45 [notice] 1#1: unknown process 16823 exited with code 0
2026/06/15 16:16:15 [notice] 1#1: signal 17 (SIGCHLD) received from 16830
2026/06/15 16:16:15 [notice] 1#1: unknown process 16830 exited with code 0
2026/06/15 16:16:46 [notice] 1#1: signal 17 (SIGCHLD) received from 16837
2026/06/15 16:16:46 [notice] 1#1: unknown process 16837 exited with code 0
2026/06/15 16:17:17 [notice] 1#1: signal 17 (SIGCHLD) received from 16843
2026/06/15 16:17:17 [notice] 1#1: unknown process 16843 exited with code 0
2026/06/15 16:17:47 [notice] 1#1: signal 17 (SIGCHLD) received from 16850
2026/06/15 16:17:47 [notice] 1#1: unknown process 16850 exited with code 0
2026/06/15 16:18:17 [notice] 1#1: signal 17 (SIGCHLD) received from 16857
2026/06/15 16:18:17 [notice] 1#1: unknown process 16857 exited with code 0
2026/06/15 16:18:48 [notice] 1#1: signal 17 (SIGCHLD) received from 16863
2026/06/15 16:18:48 [notice] 1#1: unknown process 16863 exited with code 0
2026/06/15 16:19:18 [notice] 1#1: signal 17 (SIGCHLD) received from 16870
2026/06/15 16:19:18 [notice] 1#1: unknown process 16870 exited with code 0
2026/06/15 16:19:48 [notice] 1#1: signal 17 (SIGCHLD) received from 16877
2026/06/15 16:19:48 [notice] 1#1: unknown process 16877 exited with code 0
2026/06/15 16:20:18 [notice] 1#1: signal 17 (SIGCHLD) received from 16884
2026/06/15 16:20:18 [notice] 1#1: unknown process 16884 exited with code 0
2026/06/15 16:20:49 [notice] 1#1: signal 17 (SIGCHLD) received from 16891
2026/06/15 16:20:49 [notice] 1#1: unknown process 16891 exited with code 0
2026/06/15 16:21:20 [notice] 1#1: signal 17 (SIGCHLD) received from 16898
2026/06/15 16:21:20 [notice] 1#1: unknown process 16898 exited with code 0
2026/06/15 16:21:51 [notice] 1#1: signal 17 (SIGCHLD) received from 16905
2026/06/15 16:21:51 [notice] 1#1: unknown process 16905 exited with code 0
2026/06/15 16:22:21 [notice] 1#1: signal 17 (SIGCHLD) received from 16912
2026/06/15 16:22:21 [notice] 1#1: unknown process 16912 exited with code 0
2026/06/15 16:22:52 [notice] 1#1: signal 17 (SIGCHLD) received from 16919
2026/06/15 16:22:52 [notice] 1#1: unknown process 16919 exited with code 0
2026/06/15 16:23:22 [notice] 1#1: signal 17 (SIGCHLD) received from 16926
2026/06/15 16:23:22 [notice] 1#1: unknown process 16926 exited with code 0
2026/06/15 16:23:53 [notice] 1#1: signal 17 (SIGCHLD) received from 16933
2026/06/15 16:23:53 [notice] 1#1: unknown process 16933 exited with code 0
2026/06/15 16:24:23 [notice] 1#1: signal 17 (SIGCHLD) received from 16940
2026/06/15 16:24:23 [notice] 1#1: unknown process 16940 exited with code 0
2026/06/15 16:24:53 [notice] 1#1: signal 17 (SIGCHLD) received from 16947
2026/06/15 16:24:53 [notice] 1#1: unknown process 16947 exited with code 0
2026/06/15 16:25:24 [notice] 1#1: signal 17 (SIGCHLD) received from 16954
2026/06/15 16:25:24 [notice] 1#1: unknown process 16954 exited with code 0
2026/06/15 16:25:54 [notice] 1#1: signal 17 (SIGCHLD) received from 16961
2026/06/15 16:25:54 [notice] 1#1: unknown process 16961 exited with code 0
2026/06/15 16:26:24 [notice] 1#1: signal 17 (SIGCHLD) received from 16968
2026/06/15 16:26:24 [notice] 1#1: unknown process 16968 exited with code 0
2026/06/15 16:26:54 [notice] 1#1: signal 17 (SIGCHLD) received from 16975
2026/06/15 16:26:54 [notice] 1#1: unknown process 16975 exited with code 0
2026/06/15 16:27:25 [notice] 1#1: signal 17 (SIGCHLD) received from 16982
2026/06/15 16:27:25 [notice] 1#1: unknown process 16982 exited with code 0
2026/06/15 16:27:55 [notice] 1#1: signal 17 (SIGCHLD) received from 16989
2026/06/15 16:27:55 [notice] 1#1: unknown process 16989 exited with code 0
2026/06/15 16:28:26 [notice] 1#1: signal 17 (SIGCHLD) received from 16996
2026/06/15 16:28:26 [notice] 1#1: unknown process 16996 exited with code 0
2026/06/15 16:28:56 [notice] 1#1: signal 17 (SIGCHLD) received from 17003
2026/06/15 16:28:56 [notice] 1#1: unknown process 17003 exited with code 0
2026/06/15 16:29:26 [notice] 1#1: signal 17 (SIGCHLD) received from 17010
2026/06/15 16:29:26 [notice] 1#1: unknown process 17010 exited with code 0
2026/06/15 16:29:56 [notice] 1#1: signal 17 (SIGCHLD) received from 17017
2026/06/15 16:29:56 [notice] 1#1: unknown process 17017 exited with code 0
2026/06/15 16:30:27 [notice] 1#1: signal 17 (SIGCHLD) received from 17024
2026/06/15 16:30:27 [notice] 1#1: unknown process 17024 exited with code 0
2026/06/15 16:30:57 [notice] 1#1: signal 17 (SIGCHLD) received from 17031
2026/06/15 16:30:57 [notice] 1#1: unknown process 17031 exited with code 0
2026/06/15 16:31:27 [notice] 1#1: signal 17 (SIGCHLD) received from 17038
2026/06/15 16:31:27 [notice] 1#1: unknown process 17038 exited with code 0
2026/06/15 16:31:58 [notice] 1#1: signal 17 (SIGCHLD) received from 17045
2026/06/15 16:31:58 [notice] 1#1: unknown process 17045 exited with code 0
2026/06/15 16:32:28 [notice] 1#1: signal 17 (SIGCHLD) received from 17052
2026/06/15 16:32:28 [notice] 1#1: unknown process 17052 exited with code 0
2026/06/15 16:32:58 [notice] 1#1: signal 17 (SIGCHLD) received from 17059
2026/06/15 16:32:58 [notice] 1#1: unknown process 17059 exited with code 0
2026/06/15 16:33:29 [notice] 1#1: signal 17 (SIGCHLD) received from 17066
2026/06/15 16:33:29 [notice] 1#1: unknown process 17066 exited with code 0
2026/06/15 16:33:59 [notice] 1#1: signal 17 (SIGCHLD) received from 17073
2026/06/15 16:33:59 [notice] 1#1: unknown process 17073 exited with code 0
2026/06/15 16:34:29 [notice] 1#1: signal 17 (SIGCHLD) received from 17080
2026/06/15 16:34:29 [notice] 1#1: unknown process 17080 exited with code 0
2026/06/15 16:35:00 [notice] 1#1: signal 17 (SIGCHLD) received from 17087
2026/06/15 16:35:00 [notice] 1#1: unknown process 17087 exited with code 0
2026/06/15 16:35:30 [notice] 1#1: signal 17 (SIGCHLD) received from 17094
2026/06/15 16:35:30 [notice] 1#1: unknown process 17094 exited with code 0
2026/06/15 16:36:00 [notice] 1#1: signal 17 (SIGCHLD) received from 17101
2026/06/15 16:36:00 [notice] 1#1: unknown process 17101 exited with code 0
2026/06/15 16:36:30 [notice] 1#1: signal 17 (SIGCHLD) received from 17108
2026/06/15 16:36:30 [notice] 1#1: unknown process 17108 exited with code 0
2026/06/15 16:37:00 [notice] 1#1: signal 17 (SIGCHLD) received from 17115
2026/06/15 16:37:00 [notice] 1#1: unknown process 17115 exited with code 0
2026/06/15 16:37:31 [notice] 1#1: signal 17 (SIGCHLD) received from 17122
2026/06/15 16:37:31 [notice] 1#1: unknown process 17122 exited with code 0
2026/06/15 16:38:01 [notice] 1#1: signal 17 (SIGCHLD) received from 17129
2026/06/15 16:38:01 [notice] 1#1: unknown process 17129 exited with code 0
2026/06/15 16:38:31 [notice] 1#1: signal 17 (SIGCHLD) received from 17136
2026/06/15 16:38:31 [notice] 1#1: unknown process 17136 exited with code 0
2026/06/15 16:39:01 [notice] 1#1: signal 17 (SIGCHLD) received from 17143
2026/06/15 16:39:01 [notice] 1#1: unknown process 17143 exited with code 0
2026/06/15 16:39:32 [notice] 1#1: signal 17 (SIGCHLD) received from 17150
2026/06/15 16:39:32 [notice] 1#1: unknown process 17150 exited with code 0
2026/06/15 16:40:02 [notice] 1#1: signal 17 (SIGCHLD) received from 17157
2026/06/15 16:40:02 [notice] 1#1: unknown process 17157 exited with code 0
2026/06/15 16:40:32 [notice] 1#1: signal 17 (SIGCHLD) received from 17164
2026/06/15 16:40:32 [notice] 1#1: unknown process 17164 exited with code 0
2026/06/15 16:41:03 [notice] 1#1: signal 17 (SIGCHLD) received from 17171
2026/06/15 16:41:03 [notice] 1#1: unknown process 17171 exited with code 0
2026/06/15 16:41:33 [notice] 1#1: signal 17 (SIGCHLD) received from 17178
2026/06/15 16:41:33 [notice] 1#1: unknown process 17178 exited with code 0
2026/06/15 16:42:03 [notice] 1#1: signal 17 (SIGCHLD) received from 17185
2026/06/15 16:42:03 [notice] 1#1: unknown process 17185 exited with code 0
2026/06/15 16:42:34 [notice] 1#1: signal 17 (SIGCHLD) received from 17192
2026/06/15 16:42:34 [notice] 1#1: unknown process 17192 exited with code 0
2026/06/15 16:43:04 [notice] 1#1: signal 17 (SIGCHLD) received from 17199
2026/06/15 16:43:04 [notice] 1#1: unknown process 17199 exited with code 0
2026/06/15 16:43:34 [notice] 1#1: signal 17 (SIGCHLD) received from 17206
2026/06/15 16:43:34 [notice] 1#1: unknown process 17206 exited with code 0
2026/06/15 16:44:05 [notice] 1#1: signal 17 (SIGCHLD) received from 17213
2026/06/15 16:44:05 [notice] 1#1: unknown process 17213 exited with code 0
2026/06/15 16:44:35 [notice] 1#1: signal 17 (SIGCHLD) received from 17220
2026/06/15 16:44:35 [notice] 1#1: unknown process 17220 exited with code 0
2026/06/15 16:45:05 [notice] 1#1: signal 17 (SIGCHLD) received from 17227
2026/06/15 16:45:05 [notice] 1#1: unknown process 17227 exited with code 0
2026/06/15 16:45:36 [notice] 1#1: signal 17 (SIGCHLD) received from 17234
2026/06/15 16:45:36 [notice] 1#1: unknown process 17234 exited with code 0
2026/06/15 16:46:06 [notice] 1#1: signal 17 (SIGCHLD) received from 17241
2026/06/15 16:46:06 [notice] 1#1: unknown process 17241 exited with code 0
2026/06/15 16:46:37 [notice] 1#1: signal 17 (SIGCHLD) received from 17248
2026/06/15 16:46:37 [notice] 1#1: unknown process 17248 exited with code 0
2026/06/15 16:47:07 [notice] 1#1: signal 17 (SIGCHLD) received from 17255
2026/06/15 16:47:07 [notice] 1#1: unknown process 17255 exited with code 0
2026/06/15 16:47:37 [notice] 1#1: signal 17 (SIGCHLD) received from 17262
2026/06/15 16:47:37 [notice] 1#1: unknown process 17262 exited with code 0
2026/06/15 16:48:08 [notice] 1#1: signal 17 (SIGCHLD) received from 17269
2026/06/15 16:48:08 [notice] 1#1: unknown process 17269 exited with code 0
2026/06/15 16:48:38 [notice] 1#1: signal 17 (SIGCHLD) received from 17276
2026/06/15 16:48:38 [notice] 1#1: unknown process 17276 exited with code 0
2026/06/15 16:49:09 [notice] 1#1: signal 17 (SIGCHLD) received from 17283
2026/06/15 16:49:09 [notice] 1#1: unknown process 17283 exited with code 0
2026/06/15 16:49:39 [notice] 1#1: signal 17 (SIGCHLD) received from 17290
2026/06/15 16:49:39 [notice] 1#1: unknown process 17290 exited with code 0
2026/06/15 16:50:10 [notice] 1#1: signal 17 (SIGCHLD) received from 17297
2026/06/15 16:50:10 [notice] 1#1: unknown process 17297 exited with code 0
2026/06/15 16:50:40 [notice] 1#1: signal 17 (SIGCHLD) received from 17304
2026/06/15 16:50:40 [notice] 1#1: unknown process 17304 exited with code 0
2026/06/15 16:51:10 [notice] 1#1: signal 17 (SIGCHLD) received from 17311
2026/06/15 16:51:10 [notice] 1#1: unknown process 17311 exited with code 0
2026/06/15 16:51:41 [notice] 1#1: signal 17 (SIGCHLD) received from 17318
2026/06/15 16:51:41 [notice] 1#1: unknown process 17318 exited with code 0
2026/06/15 16:52:11 [notice] 1#1: signal 17 (SIGCHLD) received from 17325
2026/06/15 16:52:11 [notice] 1#1: unknown process 17325 exited with code 0
2026/06/15 16:52:42 [notice] 1#1: signal 17 (SIGCHLD) received from 17332
2026/06/15 16:52:42 [notice] 1#1: unknown process 17332 exited with code 0
2026/06/15 16:53:13 [notice] 1#1: signal 17 (SIGCHLD) received from 17339
2026/06/15 16:53:13 [notice] 1#1: unknown process 17339 exited with code 0
2026/06/15 16:53:43 [notice] 1#1: signal 17 (SIGCHLD) received from 17346
2026/06/15 16:53:43 [notice] 1#1: unknown process 17346 exited with code 0
2026/06/15 16:54:14 [notice] 1#1: signal 17 (SIGCHLD) received from 17353
2026/06/15 16:54:14 [notice] 1#1: unknown process 17353 exited with code 0
2026/06/15 16:54:44 [notice] 1#1: signal 17 (SIGCHLD) received from 17360
2026/06/15 16:54:44 [notice] 1#1: unknown process 17360 exited with code 0
2026/06/15 16:55:15 [notice] 1#1: signal 17 (SIGCHLD) received from 17367
2026/06/15 16:55:15 [notice] 1#1: unknown process 17367 exited with code 0
2026/06/15 16:55:45 [notice] 1#1: signal 17 (SIGCHLD) received from 17374
2026/06/15 16:55:45 [notice] 1#1: unknown process 17374 exited with code 0
2026/06/15 16:56:16 [notice] 1#1: signal 17 (SIGCHLD) received from 17381
2026/06/15 16:56:16 [notice] 1#1: unknown process 17381 exited with code 0
2026/06/15 16:56:46 [notice] 1#1: signal 17 (SIGCHLD) received from 17388
2026/06/15 16:56:46 [notice] 1#1: unknown process 17388 exited with code 0
2026/06/15 16:57:16 [notice] 1#1: signal 17 (SIGCHLD) received from 17395
2026/06/15 16:57:16 [notice] 1#1: unknown process 17395 exited with code 0
2026/06/15 16:57:47 [notice] 1#1: signal 17 (SIGCHLD) received from 17402
2026/06/15 16:57:47 [notice] 1#1: unknown process 17402 exited with code 0
2026/06/15 16:58:17 [notice] 1#1: signal 17 (SIGCHLD) received from 17409
2026/06/15 16:58:17 [notice] 1#1: unknown process 17409 exited with code 0
2026/06/15 16:58:47 [notice] 1#1: signal 17 (SIGCHLD) received from 17416
2026/06/15 16:58:47 [notice] 1#1: unknown process 17416 exited with code 0
2026/06/15 16:59:18 [notice] 1#1: signal 17 (SIGCHLD) received from 17423
2026/06/15 16:59:18 [notice] 1#1: unknown process 17423 exited with code 0
2026/06/15 16:59:48 [notice] 1#1: signal 17 (SIGCHLD) received from 17430
2026/06/15 16:59:48 [notice] 1#1: unknown process 17430 exited with code 0
2026/06/15 17:00:18 [notice] 1#1: signal 17 (SIGCHLD) received from 17437
2026/06/15 17:00:18 [notice] 1#1: unknown process 17437 exited with code 0
2026/06/15 17:00:49 [notice] 1#1: signal 17 (SIGCHLD) received from 17444
2026/06/15 17:00:49 [notice] 1#1: unknown process 17444 exited with code 0
2026/06/15 17:01:19 [notice] 1#1: signal 17 (SIGCHLD) received from 17451
2026/06/15 17:01:19 [notice] 1#1: unknown process 17451 exited with code 0
2026/06/15 17:01:49 [notice] 1#1: signal 17 (SIGCHLD) received from 17458
2026/06/15 17:01:49 [notice] 1#1: unknown process 17458 exited with code 0
2026/06/15 17:02:20 [notice] 1#1: signal 17 (SIGCHLD) received from 17465
2026/06/15 17:02:20 [notice] 1#1: unknown process 17465 exited with code 0
2026/06/15 17:02:50 [notice] 1#1: signal 17 (SIGCHLD) received from 17472
2026/06/15 17:02:50 [notice] 1#1: unknown process 17472 exited with code 0
2026/06/15 17:03:20 [notice] 1#1: signal 17 (SIGCHLD) received from 17479
2026/06/15 17:03:20 [notice] 1#1: unknown process 17479 exited with code 0
2026/06/15 17:03:51 [notice] 1#1: signal 17 (SIGCHLD) received from 17486
2026/06/15 17:03:51 [notice] 1#1: unknown process 17486 exited with code 0
2026/06/15 17:04:21 [notice] 1#1: signal 17 (SIGCHLD) received from 17493
2026/06/15 17:04:21 [notice] 1#1: unknown process 17493 exited with code 0
2026/06/15 17:04:52 [notice] 1#1: signal 17 (SIGCHLD) received from 17500
2026/06/15 17:04:52 [notice] 1#1: unknown process 17500 exited with code 0
2026/06/15 17:05:22 [notice] 1#1: signal 17 (SIGCHLD) received from 17507
2026/06/15 17:05:22 [notice] 1#1: unknown process 17507 exited with code 0
2026/06/15 17:05:52 [notice] 1#1: signal 17 (SIGCHLD) received from 17514
2026/06/15 17:05:52 [notice] 1#1: unknown process 17514 exited with code 0
2026/06/15 17:06:23 [notice] 1#1: signal 17 (SIGCHLD) received from 17521
2026/06/15 17:06:23 [notice] 1#1: unknown process 17521 exited with code 0
2026/06/15 17:06:53 [notice] 1#1: signal 17 (SIGCHLD) received from 17528
2026/06/15 17:06:53 [notice] 1#1: unknown process 17528 exited with code 0
2026/06/15 17:07:23 [notice] 1#1: signal 17 (SIGCHLD) received from 17535
2026/06/15 17:07:23 [notice] 1#1: unknown process 17535 exited with code 0
2026/06/15 17:07:54 [notice] 1#1: signal 17 (SIGCHLD) received from 17542
2026/06/15 17:07:54 [notice] 1#1: unknown process 17542 exited with code 0
2026/06/15 17:08:24 [notice] 1#1: signal 17 (SIGCHLD) received from 17549
2026/06/15 17:08:24 [notice] 1#1: unknown process 17549 exited with code 0
2026/06/15 17:08:54 [notice] 1#1: signal 17 (SIGCHLD) received from 17556
2026/06/15 17:08:54 [notice] 1#1: unknown process 17556 exited with code 0
2026/06/15 17:09:25 [notice] 1#1: signal 17 (SIGCHLD) received from 17563
2026/06/15 17:09:25 [notice] 1#1: unknown process 17563 exited with code 0
2026/06/15 17:09:55 [notice] 1#1: signal 17 (SIGCHLD) received from 17570
2026/06/15 17:09:55 [notice] 1#1: unknown process 17570 exited with code 0
2026/06/15 17:10:25 [notice] 1#1: signal 17 (SIGCHLD) received from 17577
2026/06/15 17:10:25 [notice] 1#1: unknown process 17577 exited with code 0
2026/06/15 17:10:56 [notice] 1#1: signal 17 (SIGCHLD) received from 17584
2026/06/15 17:10:56 [notice] 1#1: unknown process 17584 exited with code 0
2026/06/15 17:11:26 [notice] 1#1: signal 17 (SIGCHLD) received from 17591
2026/06/15 17:11:26 [notice] 1#1: unknown process 17591 exited with code 0
2026/06/15 17:11:57 [notice] 1#1: signal 17 (SIGCHLD) received from 17598
2026/06/15 17:11:57 [notice] 1#1: unknown process 17598 exited with code 0
2026/06/15 17:12:27 [notice] 1#1: signal 17 (SIGCHLD) received from 17605
2026/06/15 17:12:27 [notice] 1#1: unknown process 17605 exited with code 0
2026/06/15 17:12:57 [notice] 1#1: signal 17 (SIGCHLD) received from 17612
2026/06/15 17:12:57 [notice] 1#1: unknown process 17612 exited with code 0
2026/06/15 17:13:28 [notice] 1#1: signal 17 (SIGCHLD) received from 17619
2026/06/15 17:13:28 [notice] 1#1: unknown process 17619 exited with code 0
2026/06/15 17:13:58 [notice] 1#1: signal 17 (SIGCHLD) received from 17626
2026/06/15 17:13:58 [notice] 1#1: unknown process 17626 exited with code 0
2026/06/15 17:14:28 [notice] 1#1: signal 17 (SIGCHLD) received from 17633
2026/06/15 17:14:28 [notice] 1#1: unknown process 17633 exited with code 0
2026/06/15 17:14:59 [notice] 1#1: signal 17 (SIGCHLD) received from 17640
2026/06/15 17:14:59 [notice] 1#1: unknown process 17640 exited with code 0
2026/06/15 17:15:29 [notice] 1#1: signal 17 (SIGCHLD) received from 17647
2026/06/15 17:15:29 [notice] 1#1: unknown process 17647 exited with code 0
2026/06/15 17:16:00 [notice] 1#1: signal 17 (SIGCHLD) received from 17654
2026/06/15 17:16:00 [notice] 1#1: unknown process 17654 exited with code 0
2026/06/15 17:16:30 [notice] 1#1: signal 17 (SIGCHLD) received from 17661
2026/06/15 17:16:30 [notice] 1#1: unknown process 17661 exited with code 0
2026/06/15 17:17:01 [notice] 1#1: signal 17 (SIGCHLD) received from 17668
2026/06/15 17:17:01 [notice] 1#1: unknown process 17668 exited with code 0
2026/06/15 17:17:31 [notice] 1#1: signal 17 (SIGCHLD) received from 17675
2026/06/15 17:17:31 [notice] 1#1: unknown process 17675 exited with code 0
2026/06/15 17:18:02 [notice] 1#1: signal 17 (SIGCHLD) received from 17682
2026/06/15 17:18:02 [notice] 1#1: unknown process 17682 exited with code 0
2026/06/15 17:18:32 [notice] 1#1: signal 17 (SIGCHLD) received from 17689
2026/06/15 17:18:32 [notice] 1#1: unknown process 17689 exited with code 0
2026/06/15 17:19:02 [notice] 1#1: signal 17 (SIGCHLD) received from 17696
2026/06/15 17:19:02 [notice] 1#1: unknown process 17696 exited with code 0
2026/06/15 17:19:33 [notice] 1#1: signal 17 (SIGCHLD) received from 17703
2026/06/15 17:19:33 [notice] 1#1: unknown process 17703 exited with code 0
2026/06/15 17:20:03 [notice] 1#1: signal 17 (SIGCHLD) received from 17710
2026/06/15 17:20:03 [notice] 1#1: unknown process 17710 exited with code 0
2026/06/15 17:20:33 [notice] 1#1: signal 17 (SIGCHLD) received from 17717
2026/06/15 17:20:33 [notice] 1#1: unknown process 17717 exited with code 0
2026/06/15 17:21:04 [notice] 1#1: signal 17 (SIGCHLD) received from 17724
2026/06/15 17:21:04 [notice] 1#1: unknown process 17724 exited with code 0
2026/06/15 17:21:34 [notice] 1#1: signal 17 (SIGCHLD) received from 17731
2026/06/15 17:21:34 [notice] 1#1: unknown process 17731 exited with code 0
2026/06/15 17:22:04 [notice] 1#1: signal 17 (SIGCHLD) received from 17738
2026/06/15 17:22:04 [notice] 1#1: unknown process 17738 exited with code 0
2026/06/15 17:22:35 [notice] 1#1: signal 17 (SIGCHLD) received from 17746
2026/06/15 17:22:35 [notice] 1#1: unknown process 17746 exited with code 0
2026/06/15 17:23:05 [notice] 1#1: signal 17 (SIGCHLD) received from 17753
2026/06/15 17:23:05 [notice] 1#1: unknown process 17753 exited with code 0
2026/06/15 17:23:36 [notice] 1#1: signal 17 (SIGCHLD) received from 17760
2026/06/15 17:23:36 [notice] 1#1: unknown process 17760 exited with code 0
2026/06/15 17:24:06 [notice] 1#1: signal 17 (SIGCHLD) received from 17767
2026/06/15 17:24:06 [notice] 1#1: unknown process 17767 exited with code 0
2026/06/15 17:24:36 [notice] 1#1: signal 17 (SIGCHLD) received from 17774
2026/06/15 17:24:36 [notice] 1#1: unknown process 17774 exited with code 0
2026/06/15 17:25:07 [notice] 1#1: signal 17 (SIGCHLD) received from 17781
2026/06/15 17:25:07 [notice] 1#1: unknown process 17781 exited with code 0
2026/06/15 17:25:37 [notice] 1#1: signal 17 (SIGCHLD) received from 17788
2026/06/15 17:25:37 [notice] 1#1: unknown process 17788 exited with code 0
2026/06/15 17:26:07 [notice] 1#1: signal 17 (SIGCHLD) received from 17795
2026/06/15 17:26:07 [notice] 1#1: unknown process 17795 exited with code 0
2026/06/15 17:26:38 [notice] 1#1: signal 17 (SIGCHLD) received from 17802
2026/06/15 17:26:38 [notice] 1#1: unknown process 17802 exited with code 0
2026/06/15 17:27:08 [notice] 1#1: signal 17 (SIGCHLD) received from 17809
2026/06/15 17:27:08 [notice] 1#1: unknown process 17809 exited with code 0
2026/06/15 17:27:38 [notice] 1#1: signal 17 (SIGCHLD) received from 17816
2026/06/15 17:27:38 [notice] 1#1: unknown process 17816 exited with code 0
2026/06/15 17:28:09 [notice] 1#1: signal 17 (SIGCHLD) received from 17823
2026/06/15 17:28:09 [notice] 1#1: unknown process 17823 exited with code 0
2026/06/15 17:28:39 [notice] 1#1: signal 17 (SIGCHLD) received from 17830
2026/06/15 17:28:39 [notice] 1#1: unknown process 17830 exited with code 0
2026/06/15 17:29:10 [notice] 1#1: signal 17 (SIGCHLD) received from 17837
2026/06/15 17:29:10 [notice] 1#1: unknown process 17837 exited with code 0
2026/06/15 17:29:40 [notice] 1#1: signal 17 (SIGCHLD) received from 17844
2026/06/15 17:29:40 [notice] 1#1: unknown process 17844 exited with code 0
2026/06/15 17:30:10 [notice] 1#1: signal 17 (SIGCHLD) received from 17851
2026/06/15 17:30:10 [notice] 1#1: unknown process 17851 exited with code 0
2026/06/15 17:30:41 [notice] 1#1: signal 17 (SIGCHLD) received from 17858
2026/06/15 17:30:41 [notice] 1#1: unknown process 17858 exited with code 0
2026/06/15 17:31:11 [notice] 1#1: signal 17 (SIGCHLD) received from 17865
2026/06/15 17:31:11 [notice] 1#1: unknown process 17865 exited with code 0
2026/06/15 17:31:41 [notice] 1#1: signal 17 (SIGCHLD) received from 17872
2026/06/15 17:31:41 [notice] 1#1: unknown process 17872 exited with code 0
2026/06/15 17:32:12 [notice] 1#1: signal 17 (SIGCHLD) received from 17879
2026/06/15 17:32:12 [notice] 1#1: unknown process 17879 exited with code 0
2026/06/15 17:32:42 [notice] 1#1: signal 17 (SIGCHLD) received from 17886
2026/06/15 17:32:42 [notice] 1#1: unknown process 17886 exited with code 0
2026/06/15 17:33:12 [notice] 1#1: signal 17 (SIGCHLD) received from 17893
2026/06/15 17:33:12 [notice] 1#1: unknown process 17893 exited with code 0
2026/06/15 17:33:43 [notice] 1#1: signal 17 (SIGCHLD) received from 17900
2026/06/15 17:33:43 [notice] 1#1: unknown process 17900 exited with code 0
2026/06/15 17:34:13 [notice] 1#1: signal 17 (SIGCHLD) received from 17907
2026/06/15 17:34:13 [notice] 1#1: unknown process 17907 exited with code 0
2026/06/15 17:34:43 [notice] 1#1: signal 17 (SIGCHLD) received from 17914
2026/06/15 17:34:43 [notice] 1#1: unknown process 17914 exited with code 0
2026/06/15 17:35:14 [notice] 1#1: signal 17 (SIGCHLD) received from 17921
2026/06/15 17:35:14 [notice] 1#1: unknown process 17921 exited with code 0
2026/06/15 17:35:44 [notice] 1#1: signal 17 (SIGCHLD) received from 17928
2026/06/15 17:35:44 [notice] 1#1: unknown process 17928 exited with code 0
2026/06/15 17:36:14 [notice] 1#1: signal 17 (SIGCHLD) received from 17935
2026/06/15 17:36:14 [notice] 1#1: unknown process 17935 exited with code 0
2026/06/15 17:36:45 [notice] 1#1: signal 17 (SIGCHLD) received from 17942
2026/06/15 17:36:45 [notice] 1#1: unknown process 17942 exited with code 0
2026/06/15 17:37:15 [notice] 1#1: signal 17 (SIGCHLD) received from 17949
2026/06/15 17:37:15 [notice] 1#1: unknown process 17949 exited with code 0
2026/06/15 17:37:45 [notice] 1#1: signal 17 (SIGCHLD) received from 17956
2026/06/15 17:37:45 [notice] 1#1: unknown process 17956 exited with code 0
2026/06/15 17:38:16 [notice] 1#1: signal 17 (SIGCHLD) received from 17963
2026/06/15 17:38:16 [notice] 1#1: unknown process 17963 exited with code 0
2026/06/15 17:38:46 [notice] 1#1: signal 17 (SIGCHLD) received from 17970
2026/06/15 17:38:46 [notice] 1#1: unknown process 17970 exited with code 0
2026/06/15 17:39:16 [notice] 1#1: signal 17 (SIGCHLD) received from 17977
2026/06/15 17:39:16 [notice] 1#1: unknown process 17977 exited with code 0
2026/06/15 17:39:47 [notice] 1#1: signal 17 (SIGCHLD) received from 17984
2026/06/15 17:39:47 [notice] 1#1: unknown process 17984 exited with code 0
2026/06/15 17:40:17 [notice] 1#1: signal 17 (SIGCHLD) received from 17991
2026/06/15 17:40:17 [notice] 1#1: unknown process 17991 exited with code 0
2026/06/15 17:40:47 [notice] 1#1: signal 17 (SIGCHLD) received from 17998
2026/06/15 17:40:47 [notice] 1#1: unknown process 17998 exited with code 0
2026/06/15 17:41:18 [notice] 1#1: signal 17 (SIGCHLD) received from 18005
2026/06/15 17:41:18 [notice] 1#1: unknown process 18005 exited with code 0
2026/06/15 17:41:48 [notice] 1#1: signal 17 (SIGCHLD) received from 18012
2026/06/15 17:41:48 [notice] 1#1: unknown process 18012 exited with code 0
2026/06/15 17:42:18 [notice] 1#1: signal 17 (SIGCHLD) received from 18019
2026/06/15 17:42:18 [notice] 1#1: unknown process 18019 exited with code 0
2026/06/15 17:42:49 [notice] 1#1: signal 17 (SIGCHLD) received from 18026
2026/06/15 17:42:49 [notice] 1#1: unknown process 18026 exited with code 0
2026/06/15 17:43:19 [notice] 1#1: signal 17 (SIGCHLD) received from 18033
2026/06/15 17:43:19 [notice] 1#1: unknown process 18033 exited with code 0
2026/06/15 17:43:49 [notice] 1#1: signal 17 (SIGCHLD) received from 18040
2026/06/15 17:43:49 [notice] 1#1: unknown process 18040 exited with code 0
2026/06/15 17:44:20 [notice] 1#1: signal 17 (SIGCHLD) received from 18047
2026/06/15 17:44:20 [notice] 1#1: unknown process 18047 exited with code 0
2026/06/15 17:44:50 [notice] 1#1: signal 17 (SIGCHLD) received from 18054
2026/06/15 17:44:50 [notice] 1#1: unknown process 18054 exited with code 0
2026/06/15 17:45:21 [notice] 1#1: signal 17 (SIGCHLD) received from 18061
2026/06/15 17:45:21 [notice] 1#1: unknown process 18061 exited with code 0
2026/06/15 17:45:51 [notice] 1#1: signal 17 (SIGCHLD) received from 18068
2026/06/15 17:45:51 [notice] 1#1: unknown process 18068 exited with code 0
2026/06/15 17:46:21 [notice] 1#1: signal 17 (SIGCHLD) received from 18075
2026/06/15 17:46:21 [notice] 1#1: unknown process 18075 exited with code 0
2026/06/15 17:46:52 [notice] 1#1: signal 17 (SIGCHLD) received from 18082
2026/06/15 17:46:52 [notice] 1#1: unknown process 18082 exited with code 0
2026/06/15 17:47:22 [notice] 1#1: signal 17 (SIGCHLD) received from 18089
2026/06/15 17:47:22 [notice] 1#1: unknown process 18089 exited with code 0
2026/06/15 17:47:52 [notice] 1#1: signal 17 (SIGCHLD) received from 18096
2026/06/15 17:47:52 [notice] 1#1: unknown process 18096 exited with code 0
2026/06/15 17:48:23 [notice] 1#1: signal 17 (SIGCHLD) received from 18103
2026/06/15 17:48:23 [notice] 1#1: unknown process 18103 exited with code 0
2026/06/15 17:48:53 [notice] 1#1: signal 17 (SIGCHLD) received from 18110
2026/06/15 17:48:53 [notice] 1#1: unknown process 18110 exited with code 0
2026/06/15 17:49:23 [notice] 1#1: signal 17 (SIGCHLD) received from 18117
2026/06/15 17:49:23 [notice] 1#1: unknown process 18117 exited with code 0
2026/06/15 17:49:54 [notice] 1#1: signal 17 (SIGCHLD) received from 18124
2026/06/15 17:49:54 [notice] 1#1: unknown process 18124 exited with code 0
2026/06/15 17:50:24 [notice] 1#1: signal 17 (SIGCHLD) received from 18131
2026/06/15 17:50:24 [notice] 1#1: unknown process 18131 exited with code 0
2026/06/15 17:50:55 [notice] 1#1: signal 17 (SIGCHLD) received from 18138
2026/06/15 17:50:55 [notice] 1#1: unknown process 18138 exited with code 0
2026/06/15 17:51:25 [notice] 1#1: signal 17 (SIGCHLD) received from 18145
2026/06/15 17:51:25 [notice] 1#1: unknown process 18145 exited with code 0
2026/06/15 17:51:56 [notice] 1#1: signal 17 (SIGCHLD) received from 18152
2026/06/15 17:51:56 [notice] 1#1: unknown process 18152 exited with code 0
2026/06/15 17:52:26 [notice] 1#1: signal 17 (SIGCHLD) received from 18159
2026/06/15 17:52:26 [notice] 1#1: unknown process 18159 exited with code 0
2026/06/15 17:52:56 [notice] 1#1: signal 17 (SIGCHLD) received from 18166
2026/06/15 17:52:56 [notice] 1#1: unknown process 18166 exited with code 0
2026/06/15 17:53:27 [notice] 1#1: signal 17 (SIGCHLD) received from 18173
2026/06/15 17:53:27 [notice] 1#1: unknown process 18173 exited with code 0
2026/06/15 17:53:57 [notice] 1#1: signal 17 (SIGCHLD) received from 18180
2026/06/15 17:53:57 [notice] 1#1: unknown process 18180 exited with code 0
2026/06/15 17:54:27 [notice] 1#1: signal 17 (SIGCHLD) received from 18187
2026/06/15 17:54:27 [notice] 1#1: unknown process 18187 exited with code 0
2026/06/15 17:54:58 [notice] 1#1: signal 17 (SIGCHLD) received from 18194
2026/06/15 17:54:58 [notice] 1#1: unknown process 18194 exited with code 0
2026/06/15 17:55:28 [notice] 1#1: signal 17 (SIGCHLD) received from 18201
2026/06/15 17:55:28 [notice] 1#1: unknown process 18201 exited with code 0
2026/06/15 17:55:59 [notice] 1#1: signal 17 (SIGCHLD) received from 18208
2026/06/15 17:55:59 [notice] 1#1: unknown process 18208 exited with code 0
2026/06/15 17:56:29 [notice] 1#1: signal 17 (SIGCHLD) received from 18215
2026/06/15 17:56:29 [notice] 1#1: unknown process 18215 exited with code 0
2026/06/15 17:56:59 [notice] 1#1: signal 17 (SIGCHLD) received from 18222
2026/06/15 17:56:59 [notice] 1#1: unknown process 18222 exited with code 0
2026/06/15 17:57:30 [notice] 1#1: signal 17 (SIGCHLD) received from 18229
2026/06/15 17:57:30 [notice] 1#1: unknown process 18229 exited with code 0
2026/06/15 17:58:00 [notice] 1#1: signal 17 (SIGCHLD) received from 18236
2026/06/15 17:58:00 [notice] 1#1: unknown process 18236 exited with code 0
2026/06/15 17:58:30 [notice] 1#1: signal 17 (SIGCHLD) received from 18243
2026/06/15 17:58:30 [notice] 1#1: unknown process 18243 exited with code 0
2026/06/15 17:59:01 [notice] 1#1: signal 17 (SIGCHLD) received from 18250
2026/06/15 17:59:01 [notice] 1#1: unknown process 18250 exited with code 0
2026/06/15 17:59:31 [notice] 1#1: signal 17 (SIGCHLD) received from 18257
2026/06/15 17:59:31 [notice] 1#1: unknown process 18257 exited with code 0
2026/06/15 18:00:01 [notice] 1#1: signal 17 (SIGCHLD) received from 18264
2026/06/15 18:00:01 [notice] 1#1: unknown process 18264 exited with code 0
2026/06/15 18:00:32 [notice] 1#1: signal 17 (SIGCHLD) received from 18271
2026/06/15 18:00:32 [notice] 1#1: unknown process 18271 exited with code 0
2026/06/15 18:01:02 [notice] 1#1: signal 17 (SIGCHLD) received from 18278
2026/06/15 18:01:02 [notice] 1#1: unknown process 18278 exited with code 0
2026/06/15 18:01:32 [notice] 1#1: signal 17 (SIGCHLD) received from 18285
2026/06/15 18:01:32 [notice] 1#1: unknown process 18285 exited with code 0
2026/06/15 18:02:03 [notice] 1#1: signal 17 (SIGCHLD) received from 18292
2026/06/15 18:02:03 [notice] 1#1: unknown process 18292 exited with code 0
2026/06/15 18:02:33 [notice] 1#1: signal 17 (SIGCHLD) received from 18299
2026/06/15 18:02:33 [notice] 1#1: unknown process 18299 exited with code 0
2026/06/15 18:03:04 [notice] 1#1: signal 17 (SIGCHLD) received from 18306
2026/06/15 18:03:04 [notice] 1#1: unknown process 18306 exited with code 0
2026/06/15 18:03:34 [notice] 1#1: signal 17 (SIGCHLD) received from 18313
2026/06/15 18:03:34 [notice] 1#1: unknown process 18313 exited with code 0
2026/06/15 18:04:04 [notice] 1#1: signal 17 (SIGCHLD) received from 18320
2026/06/15 18:04:04 [notice] 1#1: unknown process 18320 exited with code 0
2026/06/15 18:04:35 [notice] 1#1: signal 17 (SIGCHLD) received from 18327
2026/06/15 18:04:35 [notice] 1#1: unknown process 18327 exited with code 0
2026/06/15 18:05:05 [notice] 1#1: signal 17 (SIGCHLD) received from 18334
2026/06/15 18:05:05 [notice] 1#1: unknown process 18334 exited with code 0
2026/06/15 18:05:35 [notice] 1#1: signal 17 (SIGCHLD) received from 18341
2026/06/15 18:05:35 [notice] 1#1: unknown process 18341 exited with code 0
2026/06/15 18:06:06 [notice] 1#1: signal 17 (SIGCHLD) received from 18348
2026/06/15 18:06:06 [notice] 1#1: unknown process 18348 exited with code 0
2026/06/15 18:06:36 [notice] 1#1: signal 17 (SIGCHLD) received from 18355
2026/06/15 18:06:36 [notice] 1#1: unknown process 18355 exited with code 0
2026/06/15 18:07:06 [notice] 1#1: signal 17 (SIGCHLD) received from 18362
2026/06/15 18:07:06 [notice] 1#1: unknown process 18362 exited with code 0
2026/06/15 18:07:37 [notice] 1#1: signal 17 (SIGCHLD) received from 18369
2026/06/15 18:07:37 [notice] 1#1: unknown process 18369 exited with code 0
2026/06/15 18:08:07 [notice] 1#1: signal 17 (SIGCHLD) received from 18376
2026/06/15 18:08:07 [notice] 1#1: unknown process 18376 exited with code 0
2026/06/15 18:08:38 [notice] 1#1: signal 17 (SIGCHLD) received from 18383
2026/06/15 18:08:38 [notice] 1#1: unknown process 18383 exited with code 0
2026/06/15 18:09:08 [notice] 1#1: signal 17 (SIGCHLD) received from 18390
2026/06/15 18:09:08 [notice] 1#1: unknown process 18390 exited with code 0
2026/06/15 18:09:38 [notice] 1#1: signal 17 (SIGCHLD) received from 18397
2026/06/15 18:09:38 [notice] 1#1: unknown process 18397 exited with code 0
2026/06/15 18:10:09 [notice] 1#1: signal 17 (SIGCHLD) received from 18404
2026/06/15 18:10:09 [notice] 1#1: unknown process 18404 exited with code 0
2026/06/15 18:10:39 [notice] 1#1: signal 17 (SIGCHLD) received from 18411
2026/06/15 18:10:39 [notice] 1#1: unknown process 18411 exited with code 0
2026/06/15 18:11:09 [notice] 1#1: signal 17 (SIGCHLD) received from 18418
2026/06/15 18:11:09 [notice] 1#1: unknown process 18418 exited with code 0
2026/06/15 18:11:40 [notice] 1#1: signal 17 (SIGCHLD) received from 18425
2026/06/15 18:11:40 [notice] 1#1: unknown process 18425 exited with code 0
2026/06/15 18:12:10 [notice] 1#1: signal 17 (SIGCHLD) received from 18432
2026/06/15 18:12:10 [notice] 1#1: unknown process 18432 exited with code 0
2026/06/15 18:12:41 [notice] 1#1: signal 17 (SIGCHLD) received from 18439
2026/06/15 18:12:41 [notice] 1#1: unknown process 18439 exited with code 0
